Using pre-set license
Built from '2022.3/staging' branch; Version is '2022.3.10f1 (ff3792e53c62) revision 16725906'; Using compiler version '192829333'; Build Type 'Release'
OS: 'Windows 10  (10.0.19045) 64bit Education' Language: 'ko' Physical Memory: 16057 MB
BatchMode: 1, IsHumanControllingUs: 0, StartBugReporterOnCrash: 0, Is64bit: 1, IsPro: 1

COMMAND LINE ARGUMENTS:
C:\Program Files\Unity 2022.3.10f1\Editor\Unity.exe
-adb2
-batchMode
-noUpm
-name
AssetImportWorker0
-projectPath
C:/Users/jumin/Documents/GitHub/23CG/My project
-logFile
Logs/AssetImportWorker0.log
-srvPort
3666
Successfully changed project path to: C:/Users/jumin/Documents/GitHub/23CG/My project
C:/Users/jumin/Documents/GitHub/23CG/My project
[UnityMemory] Configuration Parameters - Can be set up in boot.config
    "memorysetup-bucket-allocator-granularity=16"
    "memorysetup-bucket-allocator-bucket-count=8"
    "memorysetup-bucket-allocator-block-size=33554432"
    "memorysetup-bucket-allocator-block-count=8"
    "memorysetup-main-allocator-block-size=16777216"
    "memorysetup-thread-allocator-block-size=16777216"
    "memorysetup-gfx-main-allocator-block-size=16777216"
    "memorysetup-gfx-thread-allocator-block-size=16777216"
    "memorysetup-cache-allocator-block-size=4194304"
    "memorysetup-typetree-allocator-block-size=2097152"
    "memorysetup-profiler-bucket-allocator-granularity=16"
    "memorysetup-profiler-bucket-allocator-bucket-count=8"
    "memorysetup-profiler-bucket-allocator-block-size=33554432"
    "memorysetup-profiler-bucket-allocator-block-count=8"
    "memorysetup-profiler-allocator-block-size=16777216"
    "memorysetup-profiler-editor-allocator-block-size=1048576"
    "memorysetup-temp-allocator-size-main=16777216"
    "memorysetup-job-temp-allocator-block-size=2097152"
    "memorysetup-job-temp-allocator-block-size-background=1048576"
    "memorysetup-job-temp-allocator-reduction-small-platforms=262144"
    "memorysetup-allocator-temp-initial-block-size-main=262144"
    "memorysetup-allocator-temp-initial-block-size-worker=262144"
    "memorysetup-temp-allocator-size-background-worker=32768"
    "memorysetup-temp-allocator-size-job-worker=262144"
    "memorysetup-temp-allocator-size-preload-manager=33554432"
    "memorysetup-temp-allocator-size-nav-mesh-worker=65536"
    "memorysetup-temp-allocator-size-audio-worker=65536"
    "memorysetup-temp-allocator-size-cloud-worker=32768"
    "memorysetup-temp-allocator-size-gi-baking-worker=262144"
    "memorysetup-temp-allocator-size-gfx=262144"
Player connection [7216] Host "[IP] 172.29.16.1 [Port] 0 [Flags] 2 [Guid] 1656409248 [EditorId] 1656409248 [Version] 1048832 [Id] WindowsEditor(7,Zox2m) [Debug] 1 [PackageName] WindowsEditor [ProjectName] Editor" joined multi-casting on [225.0.0.222:54997]...

Player connection [7216] Host "[IP] 172.29.16.1 [Port] 0 [Flags] 2 [Guid] 1656409248 [EditorId] 1656409248 [Version] 1048832 [Id] WindowsEditor(7,Zox2m) [Debug] 1 [PackageName] WindowsEditor [ProjectName] Editor" joined alternative multi-casting on [225.0.0.222:34997]...

[Physics::Module] Initialized MultithreadedJobDispatcher with 7 workers.
Refreshing native plugins compatible for Editor in 0.00 ms, found 0 plugins.
Preloading 0 native plugins for Editor in 0.00 ms.
Initialize engine version: 2022.3.10f1 (ff3792e53c62)
[Subsystems] Discovering subsystems at path C:/Program Files/Unity 2022.3.10f1/Editor/Data/Resources/UnitySubsystems
[Subsystems] Discovering subsystems at path C:/Users/jumin/Documents/GitHub/23CG/My project/Assets
GfxDevice: creating device client; threaded=0; jobified=0
Direct3D:
    Version:  Direct3D 11.0 [level 11.1]
    Renderer: Intel(R) Iris(R) Xe Graphics (ID=0x9a49)
    Vendor:   Intel
    VRAM:     8028 MB
    Driver:   27.20.100.9415
Initialize mono
Mono path[0] = 'C:/Program Files/Unity 2022.3.10f1/Editor/Data/Managed'
Mono path[1] = 'C:/Program Files/Unity 2022.3.10f1/Editor/Data/MonoBleedingEdge/lib/mono/unityjit-win32'
Mono config path = 'C:/Program Files/Unity 2022.3.10f1/Editor/Data/MonoBleedingEdge/etc'
Using monoOptions --debugger-agent=transport=dt_socket,embedding=1,server=y,suspend=n,address=127.0.0.1:56144
Begin MonoManager ReloadAssembly
Registering precompiled unity dll's ...
Register platform support module: C:/Program Files/Unity 2022.3.10f1/Editor/Data/PlaybackEngines/WindowsStandaloneSupport/UnityEditor.WindowsStandalone.Extensions.dll
Registered in 0.012670 seconds.
- Loaded All Assemblies, in  0.513 seconds
Native extension for WindowsStandalone target not found
Mono: successfully reloaded assembly
- Finished resetting the current domain, in  0.355 seconds
Domain Reload Profiling: 865ms
	BeginReloadAssembly (167ms)
		ExecutionOrderSort (0ms)
		DisableScriptedObjects (0ms)
		BackupInstance (0ms)
		ReleaseScriptingObjects (0ms)
		CreateAndSetChildDomain (1ms)
	RebuildCommonClasses (49ms)
	RebuildNativeTypeToScriptingClass (13ms)
	initialDomainReloadingComplete (73ms)
	LoadAllAssembliesAndSetupDomain (207ms)
		LoadAssemblies (164ms)
		RebuildTransferFunctionScriptingTraits (0ms)
		AnalyzeDomain (203ms)
			TypeCache.Refresh (201ms)
				TypeCache.ScanAssembly (179ms)
			ScanForSourceGeneratedMonoScriptInfo (1ms)
			ResolveRequiredComponents (1ms)
	FinalizeReload (356ms)
		ReleaseScriptCaches (0ms)
		RebuildScriptCaches (0ms)
		SetupLoadedEditorAssemblies (268ms)
			LogAssemblyErrors (0ms)
			InitializePlatformSupportModulesInManaged (14ms)
			SetLoadedEditorAssemblies (11ms)
			RefreshPlugins (0ms)
			BeforeProcessingInitializeOnLoad (3ms)
			ProcessInitializeOnLoadAttributes (158ms)
			ProcessInitializeOnLoadMethodAttributes (82ms)
			AfterProcessingInitializeOnLoad (0ms)
			EditorAssembliesLoaded (0ms)
		ExecutionOrderSort2 (0ms)
		AwakeInstancesAfterBackupRestoration (0ms)
========================================================================
Worker process is ready to serve import requests
Begin MonoManager ReloadAssembly
- Loaded All Assemblies, in  0.314 seconds
Refreshing native plugins compatible for Editor in 0.00 ms, found 0 plugins.
Native extension for WindowsStandalone target not found
Mono: successfully reloaded assembly
- Finished resetting the current domain, in  0.452 seconds
Domain Reload Profiling: 763ms
	BeginReloadAssembly (203ms)
		ExecutionOrderSort (0ms)
		DisableScriptedObjects (7ms)
		BackupInstance (0ms)
		ReleaseScriptingObjects (0ms)
		CreateAndSetChildDomain (24ms)
	RebuildCommonClasses (51ms)
	RebuildNativeTypeToScriptingClass (11ms)
	initialDomainReloadingComplete (34ms)
	LoadAllAssembliesAndSetupDomain (11ms)
		LoadAssemblies (130ms)
		RebuildTransferFunctionScriptingTraits (0ms)
		AnalyzeDomain (7ms)
			TypeCache.Refresh (6ms)
				TypeCache.ScanAssembly (1ms)
			ScanForSourceGeneratedMonoScriptInfo (1ms)
			ResolveRequiredComponents (1ms)
	FinalizeReload (453ms)
		ReleaseScriptCaches (0ms)
		RebuildScriptCaches (0ms)
		SetupLoadedEditorAssemblies (275ms)
			LogAssemblyErrors (0ms)
			InitializePlatformSupportModulesInManaged (10ms)
			SetLoadedEditorAssemblies (8ms)
			RefreshPlugins (0ms)
			BeforeProcessingInitializeOnLoad (46ms)
			ProcessInitializeOnLoadAttributes (168ms)
			ProcessInitializeOnLoadMethodAttributes (30ms)
			AfterProcessingInitializeOnLoad (13ms)
			EditorAssembliesLoaded (0ms)
		ExecutionOrderSort2 (0ms)
		AwakeInstancesAfterBackupRestoration (25ms)
Launched and connected shader compiler UnityShaderCompiler.exe after 0.07 seconds
Refreshing native plugins compatible for Editor in 0.00 ms, found 0 plugins.
Preloading 0 native plugins for Editor in 0.00 ms.
Unloading 25 Unused Serialized files (Serialized files now loaded: 0)
Unloading 3 unused Assets / (48.5 KB). Loaded Objects now: 502.
Memory consumption went from 46.7 MB to 46.6 MB.
Total: 3.358900 ms (FindLiveObjects: 0.047100 ms CreateObjectMapping: 0.013500 ms MarkObjects: 3.203700 ms  DeleteObjects: 0.093300 ms)

AssetImportParameters requested are different than current active one (requested -> active):
  custom:container-muxer-webm: aa71ff27fc2769a1b78a27578f13a17b -> 
  custom:video-encoder-webm-vp8: eb34c28f22e8b96e1ab97ce403110664 -> 
  custom:video-codec-MediaFoundation-h265: 746d11721c4dcdbdad8f713fa42b33f4 -> 
  custom:audio-encoder-webm-vorbis: bf7c407c2cedff20999df2af8eb42d56 -> 
  custom:container-demuxer-ogg: 62fdf1f143b41e24485cea50d1cbac27 -> 
  custom:video-decoder-webm-vp8: 9c59270c3fd7afecdb556c50c9e8de78 -> 
  custom:audio-decoder-ogg-vorbis: bf7c407c2cedff20999df2af8eb42d56 -> 
  custom:AudioImporter_EditorPlatform: d09bf68614088b80899f8185d706f6e7 -> 
  custom:video-decoder-ogg-theora: a1e56fd34408186e4bbccfd4996cb3dc -> 
  custom:container-demuxer-webm: 4f35f7cbe854078d1ac9338744f61a02 -> 
  custom:CustomObjectIndexerAttribute: 756ad292c208cfabdd7b50bc23989ffe -> 
  custom:framework-win-MediaFoundation: 216162199b28c13a410421893ffa2e32 -> 
  custom:SearchIndexIgnoredProperties: e643bd26f0fe6173181afceb89e7c659 -> 
========================================================================
Received Import Request.
  Time since last request: 63677.397644 seconds.
  path: Assets/Brick Project Studio/Apartment Kit/Common/Textures/Misc/Canvas_Nat_06-07.png
  artifactKey: Guid(12ba3bed3f75b9a44b3b8f8a6ff90f5d) Importer(815301076,1909f56bfc062723c751e8b465ee728b)
Start importing Assets/Brick Project Studio/Apartment Kit/Common/Textures/Misc/Canvas_Nat_06-07.png using Guid(12ba3bed3f75b9a44b3b8f8a6ff90f5d) Importer(815301076,1909f56bfc062723c751e8b465ee728b)  -> (artifact id: '03983464dc8c423462c32ac2466dbe02') in 0.113004 seconds
Number of updated asset objects reloaded before import = 0
Number of asset objects unloaded after import = 2
========================================================================
Received Import Request.
  Time since last request: 0.000021 seconds.
  path: Assets/Brick Project Studio/Apartment Kit/Common/Textures/Misc/Canvas_Nat_05.png
  artifactKey: Guid(546c013b9fb8177449c424e4835bbc51) Importer(815301076,1909f56bfc062723c751e8b465ee728b)
Start importing Assets/Brick Project Studio/Apartment Kit/Common/Textures/Misc/Canvas_Nat_05.png using Guid(546c013b9fb8177449c424e4835bbc51) Importer(815301076,1909f56bfc062723c751e8b465ee728b)  -> (artifact id: '868a4d24d534b018791d0849355158e0') in 0.089249 seconds
Number of updated asset objects reloaded before import = 0
Number of asset objects unloaded after import = 2
========================================================================
Received Import Request.
  Time since last request: 0.000022 seconds.
  path: Assets/Brick Project Studio/_BPS Basic Assets/Common/Textures/Legacy/Concrete-bump.png
  artifactKey: Guid(6f12722191c711042a077c553e272e01) Importer(815301076,1909f56bfc062723c751e8b465ee728b)
Start importing Assets/Brick Project Studio/_BPS Basic Assets/Common/Textures/Legacy/Concrete-bump.png using Guid(6f12722191c711042a077c553e272e01) Importer(815301076,1909f56bfc062723c751e8b465ee728b)  -> (artifact id: 'c41905db3f24e73415c20310844b1df1') in 0.143253 seconds
Number of updated asset objects reloaded before import = 0
Number of asset objects unloaded after import = 2
========================================================================
Received Import Request.
  Time since last request: 0.000024 seconds.
  path: Assets/Brick Project Studio/Apartment Kit/Common/Textures/Surface/CastIron_A.png
  artifactKey: Guid(519900fa9d01e9a43a245c4795c2170e) Importer(815301076,1909f56bfc062723c751e8b465ee728b)
Start importing Assets/Brick Project Studio/Apartment Kit/Common/Textures/Surface/CastIron_A.png using Guid(519900fa9d01e9a43a245c4795c2170e) Importer(815301076,1909f56bfc062723c751e8b465ee728b)  -> (artifact id: '8f15a9caef422e28f34daad0e59e136b') in 0.189815 seconds
Number of updated asset objects reloaded before import = 0
Number of asset objects unloaded after import = 2
========================================================================
Received Import Request.
  Time since last request: 0.000053 seconds.
  path: Assets/Brick Project Studio/Apartment Kit/Common/Textures/Misc/Colors_apt_02_N.png
  artifactKey: Guid(5ab1704465c86f547adfee08c8bf0327) Importer(815301076,1909f56bfc062723c751e8b465ee728b)
Start importing Assets/Brick Project Studio/Apartment Kit/Common/Textures/Misc/Colors_apt_02_N.png using Guid(5ab1704465c86f547adfee08c8bf0327) Importer(815301076,1909f56bfc062723c751e8b465ee728b)  -> (artifact id: '993af866311f8799370c517010261309') in 0.123737 seconds
Number of updated asset objects reloaded before import = 0
Number of asset objects unloaded after import = 2
========================================================================
Received Import Request.
  Time since last request: 0.000022 seconds.
  path: Assets/Brick Project Studio/Apartment Kit/Common/Textures/Surface/CastIron_H.png
  artifactKey: Guid(f3243849f3d44224597bc618e578d293) Importer(815301076,1909f56bfc062723c751e8b465ee728b)
Start importing Assets/Brick Project Studio/Apartment Kit/Common/Textures/Surface/CastIron_H.png using Guid(f3243849f3d44224597bc618e578d293) Importer(815301076,1909f56bfc062723c751e8b465ee728b)  -> (artifact id: '4b226e8c61171ee74d391327edac07b7') in 0.219811 seconds
Number of updated asset objects reloaded before import = 0
Number of asset objects unloaded after import = 2
========================================================================
Received Import Request.
  Time since last request: 0.000027 seconds.
  path: Assets/Brick Project Studio/Apartment Kit/Common/Textures/Surface/CastIron_N.png
  artifactKey: Guid(99496fcaeb5bec24ba1bba0387998f15) Importer(815301076,1909f56bfc062723c751e8b465ee728b)
Start importing Assets/Brick Project Studio/Apartment Kit/Common/Textures/Surface/CastIron_N.png using Guid(99496fcaeb5bec24ba1bba0387998f15) Importer(815301076,1909f56bfc062723c751e8b465ee728b)  -> (artifact id: '9b5eeba544be255aa97187ce9d75c788') in 0.036799 seconds
Number of updated asset objects reloaded before import = 0
Number of asset objects unloaded after import = 2
========================================================================
Received Import Request.
  Time since last request: 2.262477 seconds.
  path: Assets/Brick Project Studio/Apartment Kit/Common/Textures/Surface/Burlap_01_N.png
  artifactKey: Guid(b13557c917cf5be438e42271983d16fc) Importer(815301076,1909f56bfc062723c751e8b465ee728b)
Start importing Assets/Brick Project Studio/Apartment Kit/Common/Textures/Surface/Burlap_01_N.png using Guid(b13557c917cf5be438e42271983d16fc) Importer(815301076,1909f56bfc062723c751e8b465ee728b)  -> (artifact id: '01fb313cffd8b20914257b6591b4e9fe') in 0.033902 seconds
Number of updated asset objects reloaded before import = 0
Number of asset objects unloaded after import = 2
========================================================================
Received Import Request.
  Time since last request: 0.172493 seconds.
  path: Assets/Brick Project Studio/_BPS Basic Assets/Common/Textures/Legacy/Building Floor Tile - 01 - normal.png
  artifactKey: Guid(c3da4c855c1bfff4f9690290628f7f11) Importer(815301076,1909f56bfc062723c751e8b465ee728b)
Start importing Assets/Brick Project Studio/_BPS Basic Assets/Common/Textures/Legacy/Building Floor Tile - 01 - normal.png using Guid(c3da4c855c1bfff4f9690290628f7f11) Importer(815301076,1909f56bfc062723c751e8b465ee728b)  -> (artifact id: '55429ffd827e29753ba8658c019e6a1a') in 0.031391 seconds
Number of updated asset objects reloaded before import = 0
Number of asset objects unloaded after import = 2
========================================================================
Received Import Request.
  Time since last request: 0.000020 seconds.
  path: Assets/Brick Project Studio/Apartment Kit/Common/Textures/Surface/BrushedMetal_N.png
  artifactKey: Guid(9c068687252a67747a8ff9e098cbf47b) Importer(815301076,1909f56bfc062723c751e8b465ee728b)
Start importing Assets/Brick Project Studio/Apartment Kit/Common/Textures/Surface/BrushedMetal_N.png using Guid(9c068687252a67747a8ff9e098cbf47b) Importer(815301076,1909f56bfc062723c751e8b465ee728b)  -> (artifact id: 'd4690b6837389435075e8da7fa46d21e') in 0.032370 seconds
Number of updated asset objects reloaded before import = 0
Number of asset objects unloaded after import = 2
========================================================================
Received Import Request.
  Time since last request: 0.000016 seconds.
  path: Assets/Brick Project Studio/_BPS Basic Assets/Common/Textures/Brick Project Studio  Icon.png
  artifactKey: Guid(9d27820131b0e99458aa15c850393b95) Importer(815301076,1909f56bfc062723c751e8b465ee728b)
Start importing Assets/Brick Project Studio/_BPS Basic Assets/Common/Textures/Brick Project Studio  Icon.png using Guid(9d27820131b0e99458aa15c850393b95) Importer(815301076,1909f56bfc062723c751e8b465ee728b)  -> (artifact id: 'a1c921e8152fe4b52895a2418a785b3b') in 0.027820 seconds
Number of updated asset objects reloaded before import = 0
Number of asset objects unloaded after import = 2
========================================================================
Received Import Request.
  Time since last request: 0.000031 seconds.
  path: Assets/Brick Project Studio/_BPS Basic Assets/Common/Textures/Basic Asset/BS_Texture_map_SE.png
  artifactKey: Guid(5582ded7245c6074b9e3c52d0ee70c84) Importer(815301076,1909f56bfc062723c751e8b465ee728b)
Start importing Assets/Brick Project Studio/_BPS Basic Assets/Common/Textures/Basic Asset/BS_Texture_map_SE.png using Guid(5582ded7245c6074b9e3c52d0ee70c84) Importer(815301076,1909f56bfc062723c751e8b465ee728b)  -> (artifact id: 'd08d34c8e1c1e3b0a64a41eea427e067') in 0.025641 seconds
Number of updated asset objects reloaded before import = 0
Number of asset objects unloaded after import = 2
========================================================================
Received Import Request.
  Time since last request: 0.105897 seconds.
  path: Assets/Brick Project Studio/_BPS Basic Assets/Common/Textures/Legacy/Brick 02 normal.png
  artifactKey: Guid(0542ca3276b27f0458ecca022955e656) Importer(815301076,1909f56bfc062723c751e8b465ee728b)
Start importing Assets/Brick Project Studio/_BPS Basic Assets/Common/Textures/Legacy/Brick 02 normal.png using Guid(0542ca3276b27f0458ecca022955e656) Importer(815301076,1909f56bfc062723c751e8b465ee728b)  -> (artifact id: '74bf6a0d8ffa9770ff391c9113402d23') in 0.055100 seconds
Number of updated asset objects reloaded before import = 0
Number of asset objects unloaded after import = 2
========================================================================
Received Import Request.
  Time since last request: 0.000019 seconds.
  path: Assets/Brick Project Studio/Apartment Kit/Common/Textures/Surface/BR_Tile_01_A.png
  artifactKey: Guid(3784f8a002796f147be3cecd94715be1) Importer(815301076,1909f56bfc062723c751e8b465ee728b)
Start importing Assets/Brick Project Studio/Apartment Kit/Common/Textures/Surface/BR_Tile_01_A.png using Guid(3784f8a002796f147be3cecd94715be1) Importer(815301076,1909f56bfc062723c751e8b465ee728b)  -> (artifact id: 'ce675618c0356107701365f6d47b587f') in 0.037574 seconds
Number of updated asset objects reloaded before import = 0
Number of asset objects unloaded after import = 2
========================================================================
Received Import Request.
  Time since last request: 0.000056 seconds.
  path: Assets/Brick Project Studio/Apartment Kit/Common/Textures/Surface/BR_Tile_01_N.png
  artifactKey: Guid(888976efb2fe9a643bb905012d649c04) Importer(815301076,1909f56bfc062723c751e8b465ee728b)
Start importing Assets/Brick Project Studio/Apartment Kit/Common/Textures/Surface/BR_Tile_01_N.png using Guid(888976efb2fe9a643bb905012d649c04) Importer(815301076,1909f56bfc062723c751e8b465ee728b)  -> (artifact id: 'fa679bb2cdd92500bd5832cc628cb747') in 0.027615 seconds
Number of updated asset objects reloaded before import = 0
Number of asset objects unloaded after import = 2
========================================================================
Received Import Request.
  Time since last request: 0.000019 seconds.
  path: Assets/Brick Project Studio/Apartment Kit/Common/Textures/Surface/BathroomMat_01_N.png
  artifactKey: Guid(c21778f00b02c4342b7baa62a9e47e02) Importer(815301076,1909f56bfc062723c751e8b465ee728b)
Start importing Assets/Brick Project Studio/Apartment Kit/Common/Textures/Surface/BathroomMat_01_N.png using Guid(c21778f00b02c4342b7baa62a9e47e02) Importer(815301076,1909f56bfc062723c751e8b465ee728b)  -> (artifact id: '12ec2f02423fe0afba2f5f024334763f') in 0.026056 seconds
Number of updated asset objects reloaded before import = 0
Number of asset objects unloaded after import = 2
========================================================================
Received Import Request.
  Time since last request: 1.405037 seconds.
  path: Assets/Brick Project Studio/_BPS Basic Assets/Common/Textures/Basic Asset/BA_Wood_01_N.png
  artifactKey: Guid(fde87c062cbc94047927dc231c09fbe4) Importer(815301076,1909f56bfc062723c751e8b465ee728b)
Start importing Assets/Brick Project Studio/_BPS Basic Assets/Common/Textures/Basic Asset/BA_Wood_01_N.png using Guid(fde87c062cbc94047927dc231c09fbe4) Importer(815301076,1909f56bfc062723c751e8b465ee728b)  -> (artifact id: 'aff6406d753d39506760798e6c5f697a') in 0.027793 seconds
Number of updated asset objects reloaded before import = 0
Number of asset objects unloaded after import = 2
========================================================================
Received Import Request.
  Time since last request: 0.000019 seconds.
  path: Assets/Brick Project Studio/_BPS Basic Assets/Common/Textures/Basic Asset/BA_Plastic_01_N.png
  artifactKey: Guid(76bd84ba642ddf0468318d675e90dfe2) Importer(815301076,1909f56bfc062723c751e8b465ee728b)
Start importing Assets/Brick Project Studio/_BPS Basic Assets/Common/Textures/Basic Asset/BA_Plastic_01_N.png using Guid(76bd84ba642ddf0468318d675e90dfe2) Importer(815301076,1909f56bfc062723c751e8b465ee728b)  -> (artifact id: 'ca8f4ae3140588462631df1963d31ab3') in 0.030881 seconds
Number of updated asset objects reloaded before import = 0
Number of asset objects unloaded after import = 2
========================================================================
Received Import Request.
  Time since last request: 0.187831 seconds.
  path: Assets/Brick Project Studio/_BPS Basic Assets/Common/Textures/Basic Asset/BA_Metal_Brushed_01_N.png
  artifactKey: Guid(28ff0b5cb9b51034a977bc2116ddfe2e) Importer(815301076,1909f56bfc062723c751e8b465ee728b)
Start importing Assets/Brick Project Studio/_BPS Basic Assets/Common/Textures/Basic Asset/BA_Metal_Brushed_01_N.png using Guid(28ff0b5cb9b51034a977bc2116ddfe2e) Importer(815301076,1909f56bfc062723c751e8b465ee728b)  -> (artifact id: '179bf415a48478d13c0e5cbaa42cca2d') in 0.031271 seconds
Number of updated asset objects reloaded before import = 0
Number of asset objects unloaded after import = 2
========================================================================
Received Import Request.
  Time since last request: 0.000102 seconds.
  path: Assets/Brick Project Studio/_BPS Basic Assets/Common/Textures/Basic Asset/BA_leather_N.png
  artifactKey: Guid(bba906a60a6f55441b3ab8088f837cf7) Importer(815301076,1909f56bfc062723c751e8b465ee728b)
Start importing Assets/Brick Project Studio/_BPS Basic Assets/Common/Textures/Basic Asset/BA_leather_N.png using Guid(bba906a60a6f55441b3ab8088f837cf7) Importer(815301076,1909f56bfc062723c751e8b465ee728b)  -> (artifact id: 'fcfd290558eeff478f67486c0017dec2') in 0.031365 seconds
Number of updated asset objects reloaded before import = 0
Number of asset objects unloaded after import = 2
========================================================================
Received Import Request.
  Time since last request: 0.000146 seconds.
  path: Assets/Brick Project Studio/_BPS Basic Assets/Common/Textures/Basic Asset/BA_leather_A.png
  artifactKey: Guid(0c1ee1d71026ae54bbf4ce91fbd6a87a) Importer(815301076,1909f56bfc062723c751e8b465ee728b)
Start importing Assets/Brick Project Studio/_BPS Basic Assets/Common/Textures/Basic Asset/BA_leather_A.png using Guid(0c1ee1d71026ae54bbf4ce91fbd6a87a) Importer(815301076,1909f56bfc062723c751e8b465ee728b)  -> (artifact id: '4ca072ac48a55150ad7e5f34033536ad') in 0.029182 seconds
Number of updated asset objects reloaded before import = 0
Number of asset objects unloaded after import = 2
========================================================================
Received Import Request.
  Time since last request: 0.000073 seconds.
  path: Assets/Brick Project Studio/_BPS Basic Assets/Common/Textures/Basic Asset/BA_Concrete_N.png
  artifactKey: Guid(5ef54bc528dd11344b45f3c8a9aed64b) Importer(815301076,1909f56bfc062723c751e8b465ee728b)
Start importing Assets/Brick Project Studio/_BPS Basic Assets/Common/Textures/Basic Asset/BA_Concrete_N.png using Guid(5ef54bc528dd11344b45f3c8a9aed64b) Importer(815301076,1909f56bfc062723c751e8b465ee728b)  -> (artifact id: 'e3c27428dc01fadc1aeb256c19135c60') in 0.027262 seconds
Number of updated asset objects reloaded before import = 0
Number of asset objects unloaded after import = 2
========================================================================
Received Import Request.
  Time since last request: 0.138028 seconds.
  path: Assets/Brick Project Studio/Apartment Kit/Common/Textures/Misc/Art_04.png
  artifactKey: Guid(93aed1f0d891f3440880dcc4154ccbf5) Importer(815301076,1909f56bfc062723c751e8b465ee728b)
Start importing Assets/Brick Project Studio/Apartment Kit/Common/Textures/Misc/Art_04.png using Guid(93aed1f0d891f3440880dcc4154ccbf5) Importer(815301076,1909f56bfc062723c751e8b465ee728b)  -> (artifact id: '4a08252268c98829aaf447551d2956cc') in 0.049039 seconds
Number of updated asset objects reloaded before import = 0
Number of asset objects unloaded after import = 2
========================================================================
Received Import Request.
  Time since last request: 0.000079 seconds.
  path: Assets/Brick Project Studio/Apartment Kit/Common/Textures/Surface/AdlerWood_01_N.png
  artifactKey: Guid(84cd5ef0583ef6449bfe7ad09c001723) Importer(815301076,1909f56bfc062723c751e8b465ee728b)
Start importing Assets/Brick Project Studio/Apartment Kit/Common/Textures/Surface/AdlerWood_01_N.png using Guid(84cd5ef0583ef6449bfe7ad09c001723) Importer(815301076,1909f56bfc062723c751e8b465ee728b)  -> (artifact id: '4d2c8e0209e0d2ed06d53d7f1b38524a') in 0.032076 seconds
Number of updated asset objects reloaded before import = 0
Number of asset objects unloaded after import = 2
========================================================================
Received Import Request.
  Time since last request: 0.000212 seconds.
  path: Assets/Brick Project Studio/Apartment Kit/Common/Textures/Misc/Art_02.png
  artifactKey: Guid(121839de2ecea004995db9f7c5645295) Importer(815301076,1909f56bfc062723c751e8b465ee728b)
Start importing Assets/Brick Project Studio/Apartment Kit/Common/Textures/Misc/Art_02.png using Guid(121839de2ecea004995db9f7c5645295) Importer(815301076,1909f56bfc062723c751e8b465ee728b)  -> (artifact id: '661deccb6f35a552f6fcd268a20be28c') in 0.026044 seconds
Number of updated asset objects reloaded before import = 0
Number of asset objects unloaded after import = 2
========================================================================
Received Import Request.
  Time since last request: 4.881851 seconds.
  path: Assets/Brick Project Studio/Apartment Kit/Common/Textures/Surface/CT_Marble_01_N.png
  artifactKey: Guid(c17c63007b0781242b9a53c53f5a2102) Importer(815301076,1909f56bfc062723c751e8b465ee728b)
Start importing Assets/Brick Project Studio/Apartment Kit/Common/Textures/Surface/CT_Marble_01_N.png using Guid(c17c63007b0781242b9a53c53f5a2102) Importer(815301076,1909f56bfc062723c751e8b465ee728b)  -> (artifact id: '953f7df380e3aad2623ad1e243fd3a06') in 0.033127 seconds
Number of updated asset objects reloaded before import = 0
Number of asset objects unloaded after import = 2
========================================================================
Received Import Request.
  Time since last request: 0.156864 seconds.
  path: Assets/Brick Project Studio/Apartment Kit/Common/Textures/Misc/DisfusedVase_01_Normal.png
  artifactKey: Guid(97af9a37fdf040a45a29544592e4e022) Importer(815301076,1909f56bfc062723c751e8b465ee728b)
Start importing Assets/Brick Project Studio/Apartment Kit/Common/Textures/Misc/DisfusedVase_01_Normal.png using Guid(97af9a37fdf040a45a29544592e4e022) Importer(815301076,1909f56bfc062723c751e8b465ee728b)  -> (artifact id: 'f9d2e6e9bd425c12939396cbdc7de86d') in 0.028405 seconds
Number of updated asset objects reloaded before import = 0
Number of asset objects unloaded after import = 2
========================================================================
Received Import Request.
  Time since last request: 0.000019 seconds.
  path: Assets/Brick Project Studio/Apartment Kit/Common/Textures/Interior Exterior/Ext_Apt_WallFloor_01_A.png
  artifactKey: Guid(ee1c712c3dfc8a543ab726de64648deb) Importer(815301076,1909f56bfc062723c751e8b465ee728b)
Start importing Assets/Brick Project Studio/Apartment Kit/Common/Textures/Interior Exterior/Ext_Apt_WallFloor_01_A.png using Guid(ee1c712c3dfc8a543ab726de64648deb) Importer(815301076,1909f56bfc062723c751e8b465ee728b)  -> (artifact id: 'd3c1d99bd247a8b51b5e92f425cd0117') in 0.056690 seconds
Number of updated asset objects reloaded before import = 0
Number of asset objects unloaded after import = 2
========================================================================
Received Import Request.
  Time since last request: 0.000017 seconds.
  path: Assets/Brick Project Studio/_BPS Basic Assets/Common/Textures/Basic Asset/Ext_BA_01.png
  artifactKey: Guid(557d00f8839f23f4d9300672c1aa5d58) Importer(815301076,1909f56bfc062723c751e8b465ee728b)
Start importing Assets/Brick Project Studio/_BPS Basic Assets/Common/Textures/Basic Asset/Ext_BA_01.png using Guid(557d00f8839f23f4d9300672c1aa5d58) Importer(815301076,1909f56bfc062723c751e8b465ee728b)  -> (artifact id: '2eed0269b70cd3bb4f3fb0a9df20e6a9') in 0.046846 seconds
Number of updated asset objects reloaded before import = 0
Number of asset objects unloaded after import = 2
========================================================================
Received Import Request.
  Time since last request: 0.000023 seconds.
  path: Assets/Brick Project Studio/Apartment Kit/Common/Textures/Surface/Fabric_01_AO.png
  artifactKey: Guid(4fa1c9ead8b6eb94da2389d7898b0e61) Importer(815301076,1909f56bfc062723c751e8b465ee728b)
Start importing Assets/Brick Project Studio/Apartment Kit/Common/Textures/Surface/Fabric_01_AO.png using Guid(4fa1c9ead8b6eb94da2389d7898b0e61) Importer(815301076,1909f56bfc062723c751e8b465ee728b)  -> (artifact id: '638cac372e05030b284e1b0211425fde') in 0.029238 seconds
Number of updated asset objects reloaded before import = 0
Number of asset objects unloaded after import = 2
========================================================================
Received Import Request.
  Time since last request: 1.086554 seconds.
  path: Assets/Brick Project Studio/Apartment Kit/Common/Textures/Surface/Fabric_01_H.png
  artifactKey: Guid(f16f03215be3d524997908d61dbdf67b) Importer(815301076,1909f56bfc062723c751e8b465ee728b)
Start importing Assets/Brick Project Studio/Apartment Kit/Common/Textures/Surface/Fabric_01_H.png using Guid(f16f03215be3d524997908d61dbdf67b) Importer(815301076,1909f56bfc062723c751e8b465ee728b)  -> (artifact id: '1ad9c7e1255b8867930d2bc998d126ff') in 0.026830 seconds
Number of updated asset objects reloaded before import = 0
Number of asset objects unloaded after import = 2
========================================================================
Received Import Request.
  Time since last request: 0.064946 seconds.
  path: Assets/Brick Project Studio/Apartment Kit/Common/Textures/Surface/FabricShadeGlow_A.png
  artifactKey: Guid(7a64650033ac05447acbadbe68bf5324) Importer(815301076,1909f56bfc062723c751e8b465ee728b)
Start importing Assets/Brick Project Studio/Apartment Kit/Common/Textures/Surface/FabricShadeGlow_A.png using Guid(7a64650033ac05447acbadbe68bf5324) Importer(815301076,1909f56bfc062723c751e8b465ee728b)  -> (artifact id: 'a1e365663bfce07457c849bb53161381') in 0.024821 seconds
Number of updated asset objects reloaded before import = 0
Number of asset objects unloaded after import = 2
========================================================================
Received Import Request.
  Time since last request: 0.000013 seconds.
  path: Assets/Brick Project Studio/_BPS Basic Assets/Common/Textures/Fire/Fire_Texture_01.tga
  artifactKey: Guid(719670e2fe4d8e74da570025f16a5f07) Importer(815301076,1909f56bfc062723c751e8b465ee728b)
Start importing Assets/Brick Project Studio/_BPS Basic Assets/Common/Textures/Fire/Fire_Texture_01.tga using Guid(719670e2fe4d8e74da570025f16a5f07) Importer(815301076,1909f56bfc062723c751e8b465ee728b)  -> (artifact id: '13f3792f2438333f2a2a57c403d3b37e') in 0.020428 seconds
Number of updated asset objects reloaded before import = 0
Number of asset objects unloaded after import = 2
========================================================================
Received Import Request.
  Time since last request: 0.000153 seconds.
  path: Assets/Brick Project Studio/_BPS Basic Assets/Common/Textures/Legacy/Floor.png
  artifactKey: Guid(ca6c7e19f0ffcd348961b68ecb61461c) Importer(815301076,1909f56bfc062723c751e8b465ee728b)
Start importing Assets/Brick Project Studio/_BPS Basic Assets/Common/Textures/Legacy/Floor.png using Guid(ca6c7e19f0ffcd348961b68ecb61461c) Importer(815301076,1909f56bfc062723c751e8b465ee728b)  -> (artifact id: '549423dc7111b15464f5cbfda74ed2bb') in 0.024819 seconds
Number of updated asset objects reloaded before import = 0
Number of asset objects unloaded after import = 2
========================================================================
Received Import Request.
  Time since last request: 0.017050 seconds.
  path: Assets/Brick Project Studio/_BPS Basic Assets/Common/Textures/Legacy/Floor_normal.png
  artifactKey: Guid(e10c0a17308ba8a459fb883b0de900e0) Importer(815301076,1909f56bfc062723c751e8b465ee728b)
Start importing Assets/Brick Project Studio/_BPS Basic Assets/Common/Textures/Legacy/Floor_normal.png using Guid(e10c0a17308ba8a459fb883b0de900e0) Importer(815301076,1909f56bfc062723c751e8b465ee728b)  -> (artifact id: '1465715dedf1cf591ab6c6c3c7b89d36') in 0.027698 seconds
Number of updated asset objects reloaded before import = 0
Number of asset objects unloaded after import = 2
========================================================================
Received Import Request.
  Time since last request: 0.166526 seconds.
  path: Assets/Brick Project Studio/Apartment Kit/Common/Textures/Interior Exterior/Int_Apt_01_A.png
  artifactKey: Guid(1b1d6a4d760591e49b71fd4d6e2cc5f9) Importer(815301076,1909f56bfc062723c751e8b465ee728b)
Start importing Assets/Brick Project Studio/Apartment Kit/Common/Textures/Interior Exterior/Int_Apt_01_A.png using Guid(1b1d6a4d760591e49b71fd4d6e2cc5f9) Importer(815301076,1909f56bfc062723c751e8b465ee728b)  -> (artifact id: '5b0e4065f36c36d9bf3a792e5288e37e') in 0.036322 seconds
Number of updated asset objects reloaded before import = 0
Number of asset objects unloaded after import = 2
========================================================================
Received Import Request.
  Time since last request: 0.000033 seconds.
  path: Assets/Brick Project Studio/Apartment Kit/Common/Textures/Misc/Int_Apt_02_A.png
  artifactKey: Guid(3847b488a74a3f444bf0eb5efbffa90e) Importer(815301076,1909f56bfc062723c751e8b465ee728b)
Start importing Assets/Brick Project Studio/Apartment Kit/Common/Textures/Misc/Int_Apt_02_A.png using Guid(3847b488a74a3f444bf0eb5efbffa90e) Importer(815301076,1909f56bfc062723c751e8b465ee728b)  -> (artifact id: '6924bd4129b4fcb6df7c56b16544a2bb') in 0.034312 seconds
Number of updated asset objects reloaded before import = 0
Number of asset objects unloaded after import = 2
========================================================================
Received Import Request.
  Time since last request: 0.000051 seconds.
  path: Assets/Brick Project Studio/Apartment Kit/Common/Textures/Interior Exterior/Int_Apt_02_A.png
  artifactKey: Guid(2250416960944be479b4dade787e02d6) Importer(815301076,1909f56bfc062723c751e8b465ee728b)
Start importing Assets/Brick Project Studio/Apartment Kit/Common/Textures/Interior Exterior/Int_Apt_02_A.png using Guid(2250416960944be479b4dade787e02d6) Importer(815301076,1909f56bfc062723c751e8b465ee728b)  -> (artifact id: '1f58f0b420d1bd4d1311c057699f78c9') in 0.033596 seconds
Number of updated asset objects reloaded before import = 0
Number of asset objects unloaded after import = 2
========================================================================
Received Import Request.
  Time since last request: 0.000082 seconds.
  path: Assets/Brick Project Studio/Apartment Kit/Common/Textures/Interior Exterior/Int_Apt_02_N.png
  artifactKey: Guid(45ca0f5fd1505bf47b6c14bf1ed96ed3) Importer(815301076,1909f56bfc062723c751e8b465ee728b)
Start importing Assets/Brick Project Studio/Apartment Kit/Common/Textures/Interior Exterior/Int_Apt_02_N.png using Guid(45ca0f5fd1505bf47b6c14bf1ed96ed3) Importer(815301076,1909f56bfc062723c751e8b465ee728b)  -> (artifact id: '9f3c46ff7d77d8d15288d3aecc49fbac') in 0.026687 seconds
Number of updated asset objects reloaded before import = 0
Number of asset objects unloaded after import = 2
========================================================================
Received Import Request.
  Time since last request: 0.000018 seconds.
  path: Assets/Brick Project Studio/Apartment Kit/Common/Textures/Interior Exterior/Int_Apt_03_A.png
  artifactKey: Guid(6f4826912ff8d074ea7cdfd9951e9046) Importer(815301076,1909f56bfc062723c751e8b465ee728b)
Start importing Assets/Brick Project Studio/Apartment Kit/Common/Textures/Interior Exterior/Int_Apt_03_A.png using Guid(6f4826912ff8d074ea7cdfd9951e9046) Importer(815301076,1909f56bfc062723c751e8b465ee728b)  -> (artifact id: '26e441f6bd04eab36dc8328873cd77e9') in 0.028996 seconds
Number of updated asset objects reloaded before import = 0
Number of asset objects unloaded after import = 2
========================================================================
Received Import Request.
  Time since last request: 0.116913 seconds.
  path: Assets/Brick Project Studio/Apartment Kit/Common/Textures/Interior Exterior/Int_Apt_03_N.png
  artifactKey: Guid(3fe628b28bc9f1840a32714ccf063eb3) Importer(815301076,1909f56bfc062723c751e8b465ee728b)
Start importing Assets/Brick Project Studio/Apartment Kit/Common/Textures/Interior Exterior/Int_Apt_03_N.png using Guid(3fe628b28bc9f1840a32714ccf063eb3) Importer(815301076,1909f56bfc062723c751e8b465ee728b)  -> (artifact id: '408eba52b6dbcf8f6166e2c1255ddd2a') in 0.047672 seconds
Number of updated asset objects reloaded before import = 0
Number of asset objects unloaded after import = 2
========================================================================
Received Import Request.
  Time since last request: 0.000021 seconds.
  path: Assets/Brick Project Studio/_BPS Basic Assets/Common/Textures/Restroom/Int_RR_01_A.png
  artifactKey: Guid(9ec16e8e97fefce479fe70e0e7115274) Importer(815301076,1909f56bfc062723c751e8b465ee728b)
Start importing Assets/Brick Project Studio/_BPS Basic Assets/Common/Textures/Restroom/Int_RR_01_A.png using Guid(9ec16e8e97fefce479fe70e0e7115274) Importer(815301076,1909f56bfc062723c751e8b465ee728b)  -> (artifact id: '38503f4cb679b3e5daa9a0b5e624cd87') in 0.033050 seconds
Number of updated asset objects reloaded before import = 0
Number of asset objects unloaded after import = 2
========================================================================
Received Import Request.
  Time since last request: 0.000127 seconds.
  path: Assets/Brick Project Studio/Apartment Kit/Common/Textures/Misc/keyboard_01_A.png
  artifactKey: Guid(2af2cafff89413a43824ed34de8918fc) Importer(815301076,1909f56bfc062723c751e8b465ee728b)
Start importing Assets/Brick Project Studio/Apartment Kit/Common/Textures/Misc/keyboard_01_A.png using Guid(2af2cafff89413a43824ed34de8918fc) Importer(815301076,1909f56bfc062723c751e8b465ee728b)  -> (artifact id: '30020eb790d24d108ccd113659267e0d') in 0.022682 seconds
Number of updated asset objects reloaded before import = 0
Number of asset objects unloaded after import = 2
========================================================================
Received Import Request.
  Time since last request: 0.000016 seconds.
  path: Assets/Brick Project Studio/_BPS Basic Assets/Common/Textures/Restroom/Int_RR__01_N.png
  artifactKey: Guid(df7b051b811e35a44b4b1b1ec58ca8cb) Importer(815301076,1909f56bfc062723c751e8b465ee728b)
Start importing Assets/Brick Project Studio/_BPS Basic Assets/Common/Textures/Restroom/Int_RR__01_N.png using Guid(df7b051b811e35a44b4b1b1ec58ca8cb) Importer(815301076,1909f56bfc062723c751e8b465ee728b)  -> (artifact id: '52f6e385898e9e3fd8de231601e2b924') in 0.024890 seconds
Number of updated asset objects reloaded before import = 0
Number of asset objects unloaded after import = 2
========================================================================
Received Import Request.
  Time since last request: 0.128846 seconds.
  path: Assets/Brick Project Studio/Apartment Kit/Common/Textures/Misc/Lamp 02 Ceiling.png
  artifactKey: Guid(505ba2c4c448cba4a818067958271639) Importer(815301076,1909f56bfc062723c751e8b465ee728b)
Start importing Assets/Brick Project Studio/Apartment Kit/Common/Textures/Misc/Lamp 02 Ceiling.png using Guid(505ba2c4c448cba4a818067958271639) Importer(815301076,1909f56bfc062723c751e8b465ee728b)  -> (artifact id: '7cd4092cbf8d4bdd44edb77cadeb89c1') in 0.055228 seconds
Number of updated asset objects reloaded before import = 0
Number of asset objects unloaded after import = 2
========================================================================
Received Import Request.
  Time since last request: 0.000016 seconds.
  path: Assets/Brick Project Studio/Apartment Kit/Common/Textures/Misc/Lamp 02 Ceiling Shade.png
  artifactKey: Guid(36f3754f68178f149b9d58c226e14abb) Importer(815301076,1909f56bfc062723c751e8b465ee728b)
Start importing Assets/Brick Project Studio/Apartment Kit/Common/Textures/Misc/Lamp 02 Ceiling Shade.png using Guid(36f3754f68178f149b9d58c226e14abb) Importer(815301076,1909f56bfc062723c751e8b465ee728b)  -> (artifact id: '34ea13a422f511f5dc027555e214ac82') in 0.032392 seconds
Number of updated asset objects reloaded before import = 0
Number of asset objects unloaded after import = 2
========================================================================
Received Import Request.
  Time since last request: 0.000029 seconds.
  path: Assets/Brick Project Studio/Apartment Kit/Common/Textures/Misc/Lamp 02 Table shade.png
  artifactKey: Guid(75236e1c6236b444d84fbc09afbf1ce8) Importer(815301076,1909f56bfc062723c751e8b465ee728b)
Start importing Assets/Brick Project Studio/Apartment Kit/Common/Textures/Misc/Lamp 02 Table shade.png using Guid(75236e1c6236b444d84fbc09afbf1ce8) Importer(815301076,1909f56bfc062723c751e8b465ee728b)  -> (artifact id: '9351e978a6a651b3e2791e490edd6351') in 0.027454 seconds
Number of updated asset objects reloaded before import = 0
Number of asset objects unloaded after import = 2
========================================================================
Received Import Request.
  Time since last request: 0.000027 seconds.
  path: Assets/Brick Project Studio/Apartment Kit/Common/Textures/Misc/Lamp 02 Table - Normal.png
  artifactKey: Guid(e78c362fff317e74095651e83dffc09e) Importer(815301076,1909f56bfc062723c751e8b465ee728b)
Start importing Assets/Brick Project Studio/Apartment Kit/Common/Textures/Misc/Lamp 02 Table - Normal.png using Guid(e78c362fff317e74095651e83dffc09e) Importer(815301076,1909f56bfc062723c751e8b465ee728b)  -> (artifact id: 'b5e94c295008ad0ccc848756ebe12c1d') in 0.025090 seconds
Number of updated asset objects reloaded before import = 0
Number of asset objects unloaded after import = 2
========================================================================
Received Import Request.
  Time since last request: 0.000016 seconds.
  path: Assets/Brick Project Studio/Apartment Kit/Common/Textures/Surface/Leather_A.png
  artifactKey: Guid(e2c05aebeef07c543930c67d2767bfdc) Importer(815301076,1909f56bfc062723c751e8b465ee728b)
Start importing Assets/Brick Project Studio/Apartment Kit/Common/Textures/Surface/Leather_A.png using Guid(e2c05aebeef07c543930c67d2767bfdc) Importer(815301076,1909f56bfc062723c751e8b465ee728b)  -> (artifact id: 'b6ec65693c7b24d9aa8aa75442519bb3') in 0.025522 seconds
Number of updated asset objects reloaded before import = 0
Number of asset objects unloaded after import = 2
========================================================================
Received Import Request.
  Time since last request: 0.099923 seconds.
  path: Assets/Brick Project Studio/Apartment Kit/Common/Textures/Surface/Leather_H.png
  artifactKey: Guid(847bc10dbce23b441840cc99063df098) Importer(815301076,1909f56bfc062723c751e8b465ee728b)
Start importing Assets/Brick Project Studio/Apartment Kit/Common/Textures/Surface/Leather_H.png using Guid(847bc10dbce23b441840cc99063df098) Importer(815301076,1909f56bfc062723c751e8b465ee728b)  -> (artifact id: '65bd7341c4b10ba81a14c2b0adf65c0e') in 0.035502 seconds
Number of updated asset objects reloaded before import = 0
Number of asset objects unloaded after import = 2
========================================================================
Received Import Request.
  Time since last request: 0.000106 seconds.
  path: Assets/Brick Project Studio/Apartment Kit/Common/Textures/Surface/Marble_Dark_01_A.png
  artifactKey: Guid(e4c6f6328598098409462573bb0deae7) Importer(815301076,1909f56bfc062723c751e8b465ee728b)
Start importing Assets/Brick Project Studio/Apartment Kit/Common/Textures/Surface/Marble_Dark_01_A.png using Guid(e4c6f6328598098409462573bb0deae7) Importer(815301076,1909f56bfc062723c751e8b465ee728b)  -> (artifact id: 'f4d81fea4059477af38ebcb998fb4565') in 0.034713 seconds
Number of updated asset objects reloaded before import = 0
Number of asset objects unloaded after import = 2
========================================================================
Received Import Request.
  Time since last request: 0.000086 seconds.
  path: Assets/Brick Project Studio/Apartment Kit/Common/Textures/Surface/MarbleWall_02.png
  artifactKey: Guid(2aa84f74598871447bdc9328d0e24d9f) Importer(815301076,1909f56bfc062723c751e8b465ee728b)
Start importing Assets/Brick Project Studio/Apartment Kit/Common/Textures/Surface/MarbleWall_02.png using Guid(2aa84f74598871447bdc9328d0e24d9f) Importer(815301076,1909f56bfc062723c751e8b465ee728b)  -> (artifact id: 'ab8e939f2f40e145ab84760f3797c60b') in 0.028108 seconds
Number of updated asset objects reloaded before import = 0
Number of asset objects unloaded after import = 2
========================================================================
Received Import Request.
  Time since last request: 0.000014 seconds.
  path: Assets/Brick Project Studio/Apartment Kit/Common/Textures/Surface/Marble_Dark_01_M.png
  artifactKey: Guid(0db03cdc963c4aa40ac6eb1f42684935) Importer(815301076,1909f56bfc062723c751e8b465ee728b)
Start importing Assets/Brick Project Studio/Apartment Kit/Common/Textures/Surface/Marble_Dark_01_M.png using Guid(0db03cdc963c4aa40ac6eb1f42684935) Importer(815301076,1909f56bfc062723c751e8b465ee728b)  -> (artifact id: '4fd264e27c54434bb01693de7b62d326') in 0.023364 seconds
Number of updated asset objects reloaded before import = 0
Number of asset objects unloaded after import = 2
========================================================================
Received Import Request.
  Time since last request: 0.004793 seconds.
  path: Assets/Brick Project Studio/Apartment Kit/Common/Textures/Surface/Mesh_Black_A.png
  artifactKey: Guid(ef5f21946157b6049bebeadd326783c1) Importer(815301076,1909f56bfc062723c751e8b465ee728b)
Start importing Assets/Brick Project Studio/Apartment Kit/Common/Textures/Surface/Mesh_Black_A.png using Guid(ef5f21946157b6049bebeadd326783c1) Importer(815301076,1909f56bfc062723c751e8b465ee728b)  -> (artifact id: '1506de47cc3fc321f1f43d6042873ef9') in 0.031829 seconds
Number of updated asset objects reloaded before import = 0
Number of asset objects unloaded after import = 2
========================================================================
Received Import Request.
  Time since last request: 0.106168 seconds.
  path: Assets/Brick Project Studio/Apartment Kit/Common/Textures/Misc/Painting.png
  artifactKey: Guid(c48e0ce806de2c94dabba0382fedcea1) Importer(815301076,1909f56bfc062723c751e8b465ee728b)
Start importing Assets/Brick Project Studio/Apartment Kit/Common/Textures/Misc/Painting.png using Guid(c48e0ce806de2c94dabba0382fedcea1) Importer(815301076,1909f56bfc062723c751e8b465ee728b)  -> (artifact id: '05bea697b6e79ec819e44bce30352b6e') in 0.027530 seconds
Number of updated asset objects reloaded before import = 0
Number of asset objects unloaded after import = 2
========================================================================
Received Import Request.
  Time since last request: 0.000018 seconds.
  path: Assets/Brick Project Studio/Apartment Kit/Common/Textures/Misc/Pattern_02.png
  artifactKey: Guid(e19e2ee9e3b643e4fae99ebdf2532365) Importer(815301076,1909f56bfc062723c751e8b465ee728b)
Start importing Assets/Brick Project Studio/Apartment Kit/Common/Textures/Misc/Pattern_02.png using Guid(e19e2ee9e3b643e4fae99ebdf2532365) Importer(815301076,1909f56bfc062723c751e8b465ee728b)  -> (artifact id: '039993ea7b3b06de35becb5932b04734') in 0.037452 seconds
Number of updated asset objects reloaded before import = 0
Number of asset objects unloaded after import = 2
========================================================================
Received Import Request.
  Time since last request: 0.000074 seconds.
  path: Assets/Brick Project Studio/Apartment Kit/Common/Textures/Misc/Pattern_03.png
  artifactKey: Guid(bb0cfd11535504b46901d5b1cb1b403e) Importer(815301076,1909f56bfc062723c751e8b465ee728b)
Start importing Assets/Brick Project Studio/Apartment Kit/Common/Textures/Misc/Pattern_03.png using Guid(bb0cfd11535504b46901d5b1cb1b403e) Importer(815301076,1909f56bfc062723c751e8b465ee728b)  -> (artifact id: 'c289c14ace00248ccaec7264511bf886') in 0.029472 seconds
Number of updated asset objects reloaded before import = 0
Number of asset objects unloaded after import = 2
========================================================================
Received Import Request.
  Time since last request: 0.000017 seconds.
  path: Assets/Brick Project Studio/Apartment Kit/Common/Textures/Surface/Plastic_A.png
  artifactKey: Guid(a3752630695cc834fb7bfc39f50ea9dc) Importer(815301076,1909f56bfc062723c751e8b465ee728b)
Start importing Assets/Brick Project Studio/Apartment Kit/Common/Textures/Surface/Plastic_A.png using Guid(a3752630695cc834fb7bfc39f50ea9dc) Importer(815301076,1909f56bfc062723c751e8b465ee728b)  -> (artifact id: 'a0cc0d91c7deafe52be2b6c332866aeb') in 0.022065 seconds
Number of updated asset objects reloaded before import = 0
Number of asset objects unloaded after import = 2
========================================================================
Received Import Request.
  Time since last request: 0.002662 seconds.
  path: Assets/Brick Project Studio/Apartment Kit/Common/Textures/Surface/Plastic_H.png
  artifactKey: Guid(79ef3e688a809c344a2810096ad448bd) Importer(815301076,1909f56bfc062723c751e8b465ee728b)
Start importing Assets/Brick Project Studio/Apartment Kit/Common/Textures/Surface/Plastic_H.png using Guid(79ef3e688a809c344a2810096ad448bd) Importer(815301076,1909f56bfc062723c751e8b465ee728b)  -> (artifact id: '496a1a807bea53a10d59bb486caca92a') in 0.022563 seconds
Number of updated asset objects reloaded before import = 0
Number of asset objects unloaded after import = 2
========================================================================
Received Import Request.
  Time since last request: 0.130020 seconds.
  path: Assets/Brick Project Studio/_BPS Basic Assets/Common/Textures/Restroom/RR_Panel_01.png
  artifactKey: Guid(678620c0e8a6d8a46920c7f731115bf3) Importer(815301076,1909f56bfc062723c751e8b465ee728b)
Start importing Assets/Brick Project Studio/_BPS Basic Assets/Common/Textures/Restroom/RR_Panel_01.png using Guid(678620c0e8a6d8a46920c7f731115bf3) Importer(815301076,1909f56bfc062723c751e8b465ee728b)  -> (artifact id: '82d0ab74e04942edbffa11c0fe5f4e4d') in 0.047102 seconds
Number of updated asset objects reloaded before import = 0
Number of asset objects unloaded after import = 2
========================================================================
Received Import Request.
  Time since last request: 0.000019 seconds.
  path: Assets/Brick Project Studio/_BPS Basic Assets/Common/Textures/Restroom/RR_SoapLabel.png
  artifactKey: Guid(c850f544a8f525843aed911132e9ebb6) Importer(815301076,1909f56bfc062723c751e8b465ee728b)
Start importing Assets/Brick Project Studio/_BPS Basic Assets/Common/Textures/Restroom/RR_SoapLabel.png using Guid(c850f544a8f525843aed911132e9ebb6) Importer(815301076,1909f56bfc062723c751e8b465ee728b)  -> (artifact id: 'e1122e2f44000203ac99f61a2861e1ee') in 0.027498 seconds
Number of updated asset objects reloaded before import = 0
Number of asset objects unloaded after import = 2
========================================================================
Received Import Request.
  Time since last request: 0.000018 seconds.
  path: Assets/Brick Project Studio/_BPS Basic Assets/Common/Textures/Restroom/RR_Soap.png
  artifactKey: Guid(50db091480042264c8a7037d6712c054) Importer(815301076,1909f56bfc062723c751e8b465ee728b)
Start importing Assets/Brick Project Studio/_BPS Basic Assets/Common/Textures/Restroom/RR_Soap.png using Guid(50db091480042264c8a7037d6712c054) Importer(815301076,1909f56bfc062723c751e8b465ee728b)  -> (artifact id: 'd65da3dbbd64478ea763a4812ab573f2') in 0.029049 seconds
Number of updated asset objects reloaded before import = 0
Number of asset objects unloaded after import = 2
========================================================================
Received Import Request.
  Time since last request: 0.004471 seconds.
  path: Assets/Brick Project Studio/Apartment Kit/Common/Textures/Misc/Rug_A.png
  artifactKey: Guid(2a54dc938e2f4fc469b73b11822fcfa6) Importer(815301076,1909f56bfc062723c751e8b465ee728b)
Start importing Assets/Brick Project Studio/Apartment Kit/Common/Textures/Misc/Rug_A.png using Guid(2a54dc938e2f4fc469b73b11822fcfa6) Importer(815301076,1909f56bfc062723c751e8b465ee728b)  -> (artifact id: '3d22432793be283bdd7bf402011555a2') in 0.033671 seconds
Number of updated asset objects reloaded before import = 0
Number of asset objects unloaded after import = 2
========================================================================
Received Import Request.
  Time since last request: 0.000050 seconds.
  path: Assets/Brick Project Studio/Apartment Kit/Common/Textures/Surface/Rustic Wood - Normal.png
  artifactKey: Guid(280b9617cd8dbde4f8c3a20d529b8051) Importer(815301076,1909f56bfc062723c751e8b465ee728b)
Start importing Assets/Brick Project Studio/Apartment Kit/Common/Textures/Surface/Rustic Wood - Normal.png using Guid(280b9617cd8dbde4f8c3a20d529b8051) Importer(815301076,1909f56bfc062723c751e8b465ee728b)  -> (artifact id: '0c20da5d84438f8065f3db727f4071f6') in 0.029976 seconds
Number of updated asset objects reloaded before import = 0
Number of asset objects unloaded after import = 2
========================================================================
Received Import Request.
  Time since last request: 0.101538 seconds.
  path: Assets/Brick Project Studio/Apartment Kit/Common/Textures/Misc/ScreenMonitor_01_A.png
  artifactKey: Guid(cf5ee09346dbbdd4b90575ec3312b67d) Importer(815301076,1909f56bfc062723c751e8b465ee728b)
Start importing Assets/Brick Project Studio/Apartment Kit/Common/Textures/Misc/ScreenMonitor_01_A.png using Guid(cf5ee09346dbbdd4b90575ec3312b67d) Importer(815301076,1909f56bfc062723c751e8b465ee728b)  -> (artifact id: 'cf61ffaa1f12ac1c4a9da8cbb36ee140') in 0.034739 seconds
Number of updated asset objects reloaded before import = 0
Number of asset objects unloaded after import = 2
========================================================================
Received Import Request.
  Time since last request: 0.000019 seconds.
  path: Assets/Brick Project Studio/Apartment Kit/Common/Textures/Surface/White Wood.png
  artifactKey: Guid(82825fa1dbf49564796bb87fafd54ed0) Importer(815301076,1909f56bfc062723c751e8b465ee728b)
Start importing Assets/Brick Project Studio/Apartment Kit/Common/Textures/Surface/White Wood.png using Guid(82825fa1dbf49564796bb87fafd54ed0) Importer(815301076,1909f56bfc062723c751e8b465ee728b)  -> (artifact id: '777aa31139d2e5d9a4d5b15a72a04746') in 0.027129 seconds
Number of updated asset objects reloaded before import = 0
Number of asset objects unloaded after import = 2
========================================================================
Received Import Request.
  Time since last request: 0.000091 seconds.
  path: Assets/Brick Project Studio/Apartment Kit/Common/Textures/Misc/Wine Bottle Label_04.png
  artifactKey: Guid(3780b80c1edb81545a49231ee5eb991a) Importer(815301076,1909f56bfc062723c751e8b465ee728b)
Start importing Assets/Brick Project Studio/Apartment Kit/Common/Textures/Misc/Wine Bottle Label_04.png using Guid(3780b80c1edb81545a49231ee5eb991a) Importer(815301076,1909f56bfc062723c751e8b465ee728b)  -> (artifact id: 'f0fb2e2466da8f9de460f14d73dbe383') in 0.028563 seconds
Number of updated asset objects reloaded before import = 0
Number of asset objects unloaded after import = 2
========================================================================
Received Import Request.
  Time since last request: 0.000039 seconds.
  path: Assets/Brick Project Studio/_BPS Basic Assets/Common/Textures/Legacy/Wood Floor 01.png
  artifactKey: Guid(ab709a2e76552b840b33c13d39165fc6) Importer(815301076,1909f56bfc062723c751e8b465ee728b)
Start importing Assets/Brick Project Studio/_BPS Basic Assets/Common/Textures/Legacy/Wood Floor 01.png using Guid(ab709a2e76552b840b33c13d39165fc6) Importer(815301076,1909f56bfc062723c751e8b465ee728b)  -> (artifact id: '993c979dc4319202075c0f3e92ebd440') in 0.026384 seconds
Number of updated asset objects reloaded before import = 0
Number of asset objects unloaded after import = 2
========================================================================
Received Import Request.
  Time since last request: 0.014090 seconds.
  path: Assets/Brick Project Studio/Apartment Kit/Common/Textures/Surface/Wood_Ebony_01_AO.png
  artifactKey: Guid(288cf7adf0d7df7428fd6de295b12e20) Importer(815301076,1909f56bfc062723c751e8b465ee728b)
Start importing Assets/Brick Project Studio/Apartment Kit/Common/Textures/Surface/Wood_Ebony_01_AO.png using Guid(288cf7adf0d7df7428fd6de295b12e20) Importer(815301076,1909f56bfc062723c751e8b465ee728b)  -> (artifact id: '9126ff5567b3ba426bc769ead410c08d') in 0.029426 seconds
Number of updated asset objects reloaded before import = 0
Number of asset objects unloaded after import = 2
========================================================================
Received Import Request.
  Time since last request: 115.867569 seconds.
  path: Assets/texture/creepy1.jpg
  artifactKey: Guid(57e933c7bb815d443b5b018bc72806e0) Importer(815301076,1909f56bfc062723c751e8b465ee728b)
Start importing Assets/texture/creepy1.jpg using Guid(57e933c7bb815d443b5b018bc72806e0) Importer(815301076,1909f56bfc062723c751e8b465ee728b)  -> (artifact id: '31cf166e2db923dff80d1adf0f77f622') in 0.024403 seconds
Number of updated asset objects reloaded before import = 0
Number of asset objects unloaded after import = 2
========================================================================
Received Import Request.
  Time since last request: 0.000023 seconds.
  path: Assets/texture/creepy3.jpg
  artifactKey: Guid(bdcedfeeffbcdd949a56d20b2e20442f) Importer(815301076,1909f56bfc062723c751e8b465ee728b)
Start importing Assets/texture/creepy3.jpg using Guid(bdcedfeeffbcdd949a56d20b2e20442f) Importer(815301076,1909f56bfc062723c751e8b465ee728b)  -> (artifact id: '422e2e6f9feb3eea2dff6ca2f1adc01e') in 0.026427 seconds
Number of updated asset objects reloaded before import = 0
Number of asset objects unloaded after import = 2
========================================================================
Received Import Request.
  Time since last request: 97.508284 seconds.
  path: Assets/texture/creepy1.jpg
  artifactKey: Guid(57e933c7bb815d443b5b018bc72806e0) Importer(2089858483,0ecaa5967403d082aa24f35e1b516d23)
Start importing Assets/texture/creepy1.jpg using Guid(57e933c7bb815d443b5b018bc72806e0) Importer(2089858483,0ecaa5967403d082aa24f35e1b516d23) Generated GUIDs only implemented for interfaces!
 -> (artifact id: 'f5f70ace1c06a7e8959da34fa4558f12') in 0.244471 seconds
Number of updated asset objects reloaded before import = 0
Number of asset objects unloaded after import = 1
========================================================================
Received Import Request.
  Time since last request: 0.000067 seconds.
  path: Assets/Brick Project Studio/Apartment Kit/Common/Materials/Misc/Label.mat
  artifactKey: Guid(887cd0bd2b51873418b96f1bf6f04da4) Importer(2089858483,0ecaa5967403d082aa24f35e1b516d23)
Start importing Assets/Brick Project Studio/Apartment Kit/Common/Materials/Misc/Label.mat using Guid(887cd0bd2b51873418b96f1bf6f04da4) Importer(2089858483,0ecaa5967403d082aa24f35e1b516d23) Generated GUIDs only implemented for interfaces!
 -> (artifact id: '7ba7efc0599279dd5881037b226959b3') in 0.040835 seconds
Number of updated asset objects reloaded before import = 0
Number of asset objects unloaded after import = 2
========================================================================
Received Import Request.
  Time since last request: 0.000021 seconds.
  path: Assets/Brick Project Studio/Apartment Kit/Common/Materials/Misc/Lamp 02 Table.mat
  artifactKey: Guid(ef49c0bd94883b4498c46a5c772544b3) Importer(2089858483,0ecaa5967403d082aa24f35e1b516d23)
Start importing Assets/Brick Project Studio/Apartment Kit/Common/Materials/Misc/Lamp 02 Table.mat using Guid(ef49c0bd94883b4498c46a5c772544b3) Importer(2089858483,0ecaa5967403d082aa24f35e1b516d23) Generated GUIDs only implemented for interfaces!
 -> (artifact id: 'e136659e0262a52f11f484b22d04620f') in 0.021408 seconds
Number of updated asset objects reloaded before import = 0
Number of asset objects unloaded after import = 2
========================================================================
Received Import Request.
  Time since last request: 0.000024 seconds.
  path: Assets/Brick Project Studio/Apartment Kit/Common/Materials/Interior Exterior/Int_Apt_03.mat
  artifactKey: Guid(8d06d0f3581549d4fb32fda8991db882) Importer(2089858483,0ecaa5967403d082aa24f35e1b516d23)
Start importing Assets/Brick Project Studio/Apartment Kit/Common/Materials/Interior Exterior/Int_Apt_03.mat using Guid(8d06d0f3581549d4fb32fda8991db882) Importer(2089858483,0ecaa5967403d082aa24f35e1b516d23) Generated GUIDs only implemented for interfaces!
 -> (artifact id: '6751943bb36c86ef3f7ec5e52f1fabfd') in 0.024777 seconds
Number of updated asset objects reloaded before import = 0
Number of asset objects unloaded after import = 3
========================================================================
Received Import Request.
  Time since last request: 0.000020 seconds.
  path: Assets/Brick Project Studio/Apartment Kit/Common/Materials/Misc/Blender_01_A.mat
  artifactKey: Guid(ea4d64c9747ed7b479f9198da3e78cd7) Importer(2089858483,0ecaa5967403d082aa24f35e1b516d23)
Start importing Assets/Brick Project Studio/Apartment Kit/Common/Materials/Misc/Blender_01_A.mat using Guid(ea4d64c9747ed7b479f9198da3e78cd7) Importer(2089858483,0ecaa5967403d082aa24f35e1b516d23) Generated GUIDs only implemented for interfaces!
 -> (artifact id: '5bf9ab0abfaccc77bdaa8003e1d1adaa') in 0.016399 seconds
Number of updated asset objects reloaded before import = 0
Number of asset objects unloaded after import = 2
========================================================================
Received Import Request.
  Time since last request: 0.000017 seconds.
  path: Assets/Brick Project Studio/Apartment Kit/Common/Materials/Misc/Colors_apt_02.mat
  artifactKey: Guid(9ffdee5782f720247a027f75edcb9c08) Importer(2089858483,0ecaa5967403d082aa24f35e1b516d23)
Start importing Assets/Brick Project Studio/Apartment Kit/Common/Materials/Misc/Colors_apt_02.mat using Guid(9ffdee5782f720247a027f75edcb9c08) Importer(2089858483,0ecaa5967403d082aa24f35e1b516d23) Generated GUIDs only implemented for interfaces!
 -> (artifact id: '05d5fd6770534d065f86d84071b41ec6') in 0.018653 seconds
Number of updated asset objects reloaded before import = 0
Number of asset objects unloaded after import = 3
========================================================================
Received Import Request.
  Time since last request: 0.000023 seconds.
  path: Assets/Brick Project Studio/_BPS Basic Assets/_Prefabs/Legacy/Large Floor.prefab
  artifactKey: Guid(ee987da6efab07d49bc9fc59e287f08b) Importer(2089858483,0ecaa5967403d082aa24f35e1b516d23)
Start importing Assets/Brick Project Studio/_BPS Basic Assets/_Prefabs/Legacy/Large Floor.prefab using Guid(ee987da6efab07d49bc9fc59e287f08b) Importer(2089858483,0ecaa5967403d082aa24f35e1b516d23) Generated GUIDs only implemented for interfaces!
 -> (artifact id: '926778c9c2ee0f3e48495db013c5fd03') in 0.024629 seconds
Number of updated asset objects reloaded before import = 0
Number of asset objects unloaded after import = 249
========================================================================
Received Import Request.
  Time since last request: 0.000018 seconds.
  path: Assets/Brick Project Studio/_BPS Basic Assets/_Prefabs/Legacy/Tiled Floor.prefab
  artifactKey: Guid(51d3051b1d589214e960ae74c8933521) Importer(2089858483,0ecaa5967403d082aa24f35e1b516d23)
Start importing Assets/Brick Project Studio/_BPS Basic Assets/_Prefabs/Legacy/Tiled Floor.prefab using Guid(51d3051b1d589214e960ae74c8933521) Importer(2089858483,0ecaa5967403d082aa24f35e1b516d23) Generated GUIDs only implemented for interfaces!
 -> (artifact id: '1d03c1fe63178b3cc02c429b3686dc52') in 0.019296 seconds
Number of updated asset objects reloaded before import = 0
Number of asset objects unloaded after import = 7
========================================================================
Received Import Request.
  Time since last request: 0.000018 seconds.
  path: Assets/Brick Project Studio/Apartment Kit/Common/Materials/Misc/ControlPanel.mat
  artifactKey: Guid(bf99784c0118e114c80ad5c8ca2a5b8d) Importer(2089858483,0ecaa5967403d082aa24f35e1b516d23)
Start importing Assets/Brick Project Studio/Apartment Kit/Common/Materials/Misc/ControlPanel.mat using Guid(bf99784c0118e114c80ad5c8ca2a5b8d) Importer(2089858483,0ecaa5967403d082aa24f35e1b516d23) Generated GUIDs only implemented for interfaces!
 -> (artifact id: 'e5f13dd69e856916443db7df47c927ea') in 0.018316 seconds
Number of updated asset objects reloaded before import = 0
Number of asset objects unloaded after import = 2
========================================================================
Received Import Request.
  Time since last request: 0.000020 seconds.
  path: Assets/Brick Project Studio/_BPS Basic Assets/_Prefabs/Fire/Torch Flame.prefab
  artifactKey: Guid(65b0d7b3c17d2854f87e4c8416f798fb) Importer(2089858483,0ecaa5967403d082aa24f35e1b516d23)
Start importing Assets/Brick Project Studio/_BPS Basic Assets/_Prefabs/Fire/Torch Flame.prefab using Guid(65b0d7b3c17d2854f87e4c8416f798fb) Importer(2089858483,0ecaa5967403d082aa24f35e1b516d23) Generated GUIDs only implemented for interfaces!
 -> (artifact id: '4d74e31adaefbbd2029e2da5e36085a1') in 0.112664 seconds
Number of updated asset objects reloaded before import = 0
Number of asset objects unloaded after import = 21
========================================================================
Received Import Request.
  Time since last request: 0.000017 seconds.
  path: Assets/Brick Project Studio/_BPS Basic Assets/_Prefabs/Base Scene/BA_Concrete Plane.prefab
  artifactKey: Guid(0a39e6bc93e859145a2f868ff0277c31) Importer(2089858483,0ecaa5967403d082aa24f35e1b516d23)
Start importing Assets/Brick Project Studio/_BPS Basic Assets/_Prefabs/Base Scene/BA_Concrete Plane.prefab using Guid(0a39e6bc93e859145a2f868ff0277c31) Importer(2089858483,0ecaa5967403d082aa24f35e1b516d23) Generated GUIDs only implemented for interfaces!
 -> (artifact id: 'c2f88d97c1186558d5c783ed8aea9113') in 0.019907 seconds
Number of updated asset objects reloaded before import = 0
Number of asset objects unloaded after import = 7
========================================================================
Received Import Request.
  Time since last request: 0.000042 seconds.
  path: Assets/Brick Project Studio/Apartment Kit/Common/Materials/Misc/Chessboard.mat
  artifactKey: Guid(acb2ae4532d2c0c4a827a97b50b5c353) Importer(2089858483,0ecaa5967403d082aa24f35e1b516d23)
Start importing Assets/Brick Project Studio/Apartment Kit/Common/Materials/Misc/Chessboard.mat using Guid(acb2ae4532d2c0c4a827a97b50b5c353) Importer(2089858483,0ecaa5967403d082aa24f35e1b516d23) Generated GUIDs only implemented for interfaces!
 -> (artifact id: 'f9a5a6c46729b4d17117d261a60b1359') in 0.020406 seconds
Number of updated asset objects reloaded before import = 0
Number of asset objects unloaded after import = 2
========================================================================
Received Import Request.
  Time since last request: 0.000021 seconds.
  path: Assets/Brick Project Studio/Apartment Kit/Common/Materials/Misc/ScreenMonitor_01.mat
  artifactKey: Guid(be58df235057e3040b40406a31bcbf58) Importer(2089858483,0ecaa5967403d082aa24f35e1b516d23)
Start importing Assets/Brick Project Studio/Apartment Kit/Common/Materials/Misc/ScreenMonitor_01.mat using Guid(be58df235057e3040b40406a31bcbf58) Importer(2089858483,0ecaa5967403d082aa24f35e1b516d23) Generated GUIDs only implemented for interfaces!
 -> (artifact id: '3c48ca4fe911bbf2fafb3757a7be9080') in 0.019559 seconds
Number of updated asset objects reloaded before import = 0
Number of asset objects unloaded after import = 2
========================================================================
Received Import Request.
  Time since last request: 0.000020 seconds.
  path: Assets/Brick Project Studio/Apartment Kit/Common/Models/wine bottle 04_LP.fbx
  artifactKey: Guid(dc3a1db86c73bb14f8ebd6e2953b7e70) Importer(2089858483,0ecaa5967403d082aa24f35e1b516d23)
Start importing Assets/Brick Project Studio/Apartment Kit/Common/Models/wine bottle 04_LP.fbx using Guid(dc3a1db86c73bb14f8ebd6e2953b7e70) Importer(2089858483,0ecaa5967403d082aa24f35e1b516d23) Generated GUIDs only implemented for interfaces!
 -> (artifact id: 'c11f7eca2197063ee8d82f6ed2592232') in 0.047634 seconds
Number of updated asset objects reloaded before import = 0
Number of asset objects unloaded after import = 18
========================================================================
Received Import Request.
  Time since last request: 0.000017 seconds.
  path: Assets/Brick Project Studio/_BPS Basic Assets/Common/Textures/Brick Project Studio  Icon.png
  artifactKey: Guid(9d27820131b0e99458aa15c850393b95) Importer(2089858483,0ecaa5967403d082aa24f35e1b516d23)
Start importing Assets/Brick Project Studio/_BPS Basic Assets/Common/Textures/Brick Project Studio  Icon.png using Guid(9d27820131b0e99458aa15c850393b95) Importer(2089858483,0ecaa5967403d082aa24f35e1b516d23) Generated GUIDs only implemented for interfaces!
 -> (artifact id: '19f8ca80ec7f6733be2fe133daedd801') in 0.035929 seconds
Number of updated asset objects reloaded before import = 0
Number of asset objects unloaded after import = 1
========================================================================
Received Import Request.
  Time since last request: 0.000021 seconds.
  path: Assets/Brick Project Studio/Apartment Kit/Scenes/Scene_02.unity
  artifactKey: Guid(9b5aa6428ba7a6246bd201ba8d95cebe) Importer(2089858483,0ecaa5967403d082aa24f35e1b516d23)
Start importing Assets/Brick Project Studio/Apartment Kit/Scenes/Scene_02.unity using Guid(9b5aa6428ba7a6246bd201ba8d95cebe) Importer(2089858483,0ecaa5967403d082aa24f35e1b516d23) Generated GUIDs only implemented for interfaces!
 -> (artifact id: '676f983f50de0aac4b304c169e0b6920') in 0.011607 seconds
Number of updated asset objects reloaded before import = 0
Number of asset objects unloaded after import = 1
========================================================================
Received Import Request.
  Time since last request: 0.000077 seconds.
  path: Assets/Brick Project Studio/_BPS Basic Assets/Common/Models/BA_Ceiling Light_01.fbx
  artifactKey: Guid(f10ecbc237630d9469cea29121d074f4) Importer(2089858483,0ecaa5967403d082aa24f35e1b516d23)
Start importing Assets/Brick Project Studio/_BPS Basic Assets/Common/Models/BA_Ceiling Light_01.fbx using Guid(f10ecbc237630d9469cea29121d074f4) Importer(2089858483,0ecaa5967403d082aa24f35e1b516d23) Generated GUIDs only implemented for interfaces!
 -> (artifact id: '93f8f8e69b16d513fb00e367d95e4863') in 0.032807 seconds
Number of updated asset objects reloaded before import = 0
Number of asset objects unloaded after import = 13
========================================================================
Received Import Request.
  Time since last request: 0.000016 seconds.
  path: Assets/Brick Project Studio/Apartment Kit/Common/Materials/Surface/Cabinets_01.mat
  artifactKey: Guid(5bdd1af6958bd9143a8bc920d98238b3) Importer(2089858483,0ecaa5967403d082aa24f35e1b516d23)
Start importing Assets/Brick Project Studio/Apartment Kit/Common/Materials/Surface/Cabinets_01.mat using Guid(5bdd1af6958bd9143a8bc920d98238b3) Importer(2089858483,0ecaa5967403d082aa24f35e1b516d23) Generated GUIDs only implemented for interfaces!
 -> (artifact id: '159b7d00cb2f0a8ee606fc0d068abb1b') in 0.013299 seconds
Number of updated asset objects reloaded before import = 0
Number of asset objects unloaded after import = 1
========================================================================
Received Import Request.
  Time since last request: 0.000053 seconds.
  path: Assets/Brick Project Studio/Apartment Kit/Common/Materials/Surface/Fabric_01_White.mat
  artifactKey: Guid(7f1d2f122bc99854b95672cfb7d080fa) Importer(2089858483,0ecaa5967403d082aa24f35e1b516d23)
Start importing Assets/Brick Project Studio/Apartment Kit/Common/Materials/Surface/Fabric_01_White.mat using Guid(7f1d2f122bc99854b95672cfb7d080fa) Importer(2089858483,0ecaa5967403d082aa24f35e1b516d23) Generated GUIDs only implemented for interfaces!
 -> (artifact id: '476f3069f28d5eb2bd245c69ac1c52ae') in 0.025033 seconds
Number of updated asset objects reloaded before import = 0
Number of asset objects unloaded after import = 5
========================================================================
Received Import Request.
  Time since last request: 0.000026 seconds.
  path: Assets/Brick Project Studio/Apartment Kit/Common/Materials/Surface/Brushed Metal_Brass.mat
  artifactKey: Guid(b9c5d6ba92c526a43991da07d41229bc) Importer(2089858483,0ecaa5967403d082aa24f35e1b516d23)
Start importing Assets/Brick Project Studio/Apartment Kit/Common/Materials/Surface/Brushed Metal_Brass.mat using Guid(b9c5d6ba92c526a43991da07d41229bc) Importer(2089858483,0ecaa5967403d082aa24f35e1b516d23) Generated GUIDs only implemented for interfaces!
 -> (artifact id: 'a30dbc9baa1045060c9c8ba2c285b060') in 0.028088 seconds
Number of updated asset objects reloaded before import = 0
Number of asset objects unloaded after import = 3
========================================================================
Received Import Request.
  Time since last request: 0.000033 seconds.
  path: Assets/Brick Project Studio/Apartment Kit/Common/Materials/Misc/Canvas_Nat_05.mat
  artifactKey: Guid(ee274bac83b432e489e9163a36560bab) Importer(2089858483,0ecaa5967403d082aa24f35e1b516d23)
Start importing Assets/Brick Project Studio/Apartment Kit/Common/Materials/Misc/Canvas_Nat_05.mat using Guid(ee274bac83b432e489e9163a36560bab) Importer(2089858483,0ecaa5967403d082aa24f35e1b516d23) Generated GUIDs only implemented for interfaces!
 -> (artifact id: '17f46295d6b178a9ebe8f534cd1cb783') in 0.020252 seconds
Number of updated asset objects reloaded before import = 0
Number of asset objects unloaded after import = 3
========================================================================
Received Import Request.
  Time since last request: 0.000019 seconds.
  path: Assets/Brick Project Studio/Apartment Kit/Common/Materials/Misc/Canvas_Painting_01.mat
  artifactKey: Guid(5c4d526e95a945e46abbe1645a318634) Importer(2089858483,0ecaa5967403d082aa24f35e1b516d23)
Start importing Assets/Brick Project Studio/Apartment Kit/Common/Materials/Misc/Canvas_Painting_01.mat using Guid(5c4d526e95a945e46abbe1645a318634) Importer(2089858483,0ecaa5967403d082aa24f35e1b516d23) Generated GUIDs only implemented for interfaces!
 -> (artifact id: '9e0603360a1343ea6b40ed2991a44b71') in 0.022283 seconds
Number of updated asset objects reloaded before import = 0
Number of asset objects unloaded after import = 3
========================================================================
Received Import Request.
  Time since last request: 0.000020 seconds.
  path: Assets/Brick Project Studio/Apartment Kit/Scenes/Scene_01.unity
  artifactKey: Guid(4f80debdb52c166478997e1d2b329e3c) Importer(2089858483,0ecaa5967403d082aa24f35e1b516d23)
Start importing Assets/Brick Project Studio/Apartment Kit/Scenes/Scene_01.unity using Guid(4f80debdb52c166478997e1d2b329e3c) Importer(2089858483,0ecaa5967403d082aa24f35e1b516d23) Generated GUIDs only implemented for interfaces!
 -> (artifact id: 'a9f0fab8e4e71c21ecf22ae6fb3694cc') in 0.013384 seconds
Number of updated asset objects reloaded before import = 0
Number of asset objects unloaded after import = 1
========================================================================
Received Import Request.
  Time since last request: 0.000091 seconds.
  path: Assets/Brick Project Studio/Apartment Kit/Common/Materials/Misc/WallArt_Apt_01.mat
  artifactKey: Guid(2078401f2a19e7e4aa88ce0df5064d71) Importer(2089858483,0ecaa5967403d082aa24f35e1b516d23)
Start importing Assets/Brick Project Studio/Apartment Kit/Common/Materials/Misc/WallArt_Apt_01.mat using Guid(2078401f2a19e7e4aa88ce0df5064d71) Importer(2089858483,0ecaa5967403d082aa24f35e1b516d23) Generated GUIDs only implemented for interfaces!
 -> (artifact id: '0f466f35a39a792b8db22b39fa864e5f') in 0.017462 seconds
Number of updated asset objects reloaded before import = 0
Number of asset objects unloaded after import = 2
========================================================================
Received Import Request.
  Time since last request: 0.000021 seconds.
  path: Assets/Brick Project Studio/Apartment Kit/Scenes/DemoSettings.lighting
  artifactKey: Guid(a2f6163588e6e074996614a2b15b04b7) Importer(2089858483,0ecaa5967403d082aa24f35e1b516d23)
Start importing Assets/Brick Project Studio/Apartment Kit/Scenes/DemoSettings.lighting using Guid(a2f6163588e6e074996614a2b15b04b7) Importer(2089858483,0ecaa5967403d082aa24f35e1b516d23) Generated GUIDs only implemented for interfaces!
 -> (artifact id: '9b5d75830a404beab3985877ab77c85a') in 0.028022 seconds
Number of updated asset objects reloaded before import = 0
Number of asset objects unloaded after import = 1
========================================================================
Received Import Request.
  Time since last request: 0.000040 seconds.
  path: Assets/Brick Project Studio/Apartment Kit/Common/Materials/Surface/CastIron_01.mat
  artifactKey: Guid(27f834cdb4589be48903c1e529e09c59) Importer(2089858483,0ecaa5967403d082aa24f35e1b516d23)
Start importing Assets/Brick Project Studio/Apartment Kit/Common/Materials/Surface/CastIron_01.mat using Guid(27f834cdb4589be48903c1e529e09c59) Importer(2089858483,0ecaa5967403d082aa24f35e1b516d23) Generated GUIDs only implemented for interfaces!
 -> (artifact id: '15d89b26ead16d53e2d93aadf8dadd41') in 0.019059 seconds
Number of updated asset objects reloaded before import = 0
Number of asset objects unloaded after import = 5
========================================================================
Received Import Request.
  Time since last request: 0.000022 seconds.
  path: Assets/texture/creepy4.jpg
  artifactKey: Guid(1d772df6a5e268e4ba435eef34546882) Importer(2089858483,0ecaa5967403d082aa24f35e1b516d23)
Start importing Assets/texture/creepy4.jpg using Guid(1d772df6a5e268e4ba435eef34546882) Importer(2089858483,0ecaa5967403d082aa24f35e1b516d23) Generated GUIDs only implemented for interfaces!
 -> (artifact id: '2f4d29dc3cef5015e6f121d6b5e1ed9b') in 0.045263 seconds
Number of updated asset objects reloaded before import = 0
Number of asset objects unloaded after import = 1
========================================================================
Received Import Request.
  Time since last request: 0.000070 seconds.
  path: Assets/Brick Project Studio/Apartment Kit/Common/Materials/Surface/Brushed Metal_Chrome.mat
  artifactKey: Guid(4580dd49916b3c542b97109c8ca425f3) Importer(2089858483,0ecaa5967403d082aa24f35e1b516d23)
Start importing Assets/Brick Project Studio/Apartment Kit/Common/Materials/Surface/Brushed Metal_Chrome.mat using Guid(4580dd49916b3c542b97109c8ca425f3) Importer(2089858483,0ecaa5967403d082aa24f35e1b516d23) Generated GUIDs only implemented for interfaces!
 -> (artifact id: 'c98dfcdf56bd370ed2124fc259e3e831') in 0.020232 seconds
Number of updated asset objects reloaded before import = 0
Number of asset objects unloaded after import = 3
========================================================================
Received Import Request.
  Time since last request: 0.000016 seconds.
  path: Assets/Brick Project Studio/Apartment Kit/Common/Materials/Misc/Controller_01_A.mat
  artifactKey: Guid(89d75b733df5ca74d837222e4a8a1b46) Importer(2089858483,0ecaa5967403d082aa24f35e1b516d23)
Start importing Assets/Brick Project Studio/Apartment Kit/Common/Materials/Misc/Controller_01_A.mat using Guid(89d75b733df5ca74d837222e4a8a1b46) Importer(2089858483,0ecaa5967403d082aa24f35e1b516d23) Generated GUIDs only implemented for interfaces!
 -> (artifact id: '49e959f640f71a5e8e1df8180838c758') in 0.019212 seconds
Number of updated asset objects reloaded before import = 0
Number of asset objects unloaded after import = 2
========================================================================
Received Import Request.
  Time since last request: 0.000023 seconds.
  path: Assets/Brick Project Studio/Apartment Kit/Common/Materials/Misc/Lamp 02 Shade - On.mat
  artifactKey: Guid(71e62a5ab55406f4aada84fe885d47b0) Importer(2089858483,0ecaa5967403d082aa24f35e1b516d23)
Start importing Assets/Brick Project Studio/Apartment Kit/Common/Materials/Misc/Lamp 02 Shade - On.mat using Guid(71e62a5ab55406f4aada84fe885d47b0) Importer(2089858483,0ecaa5967403d082aa24f35e1b516d23) Generated GUIDs only implemented for interfaces!
 -> (artifact id: 'eb3225b76703df3dc849cbc5aa2e7b71') in 0.019708 seconds
Number of updated asset objects reloaded before import = 0
Number of asset objects unloaded after import = 1
========================================================================
Received Import Request.
  Time since last request: 0.000032 seconds.
  path: Assets/Brick Project Studio/Apartment Kit/Common/Models/Bathroom_Apt_01.fbx
  artifactKey: Guid(651d77a525480c84e9327ec0894c0da1) Importer(2089858483,0ecaa5967403d082aa24f35e1b516d23)
Start importing Assets/Brick Project Studio/Apartment Kit/Common/Models/Bathroom_Apt_01.fbx using Guid(651d77a525480c84e9327ec0894c0da1) Importer(2089858483,0ecaa5967403d082aa24f35e1b516d23) Generated GUIDs only implemented for interfaces!
 -> (artifact id: '8ffcd3a1032d24e0f1c166940fda61a5') in 0.091143 seconds
Number of updated asset objects reloaded before import = 0
Number of asset objects unloaded after import = 290
========================================================================
Received Import Request.
  Time since last request: 0.000021 seconds.
  path: Assets/Brick Project Studio/Apartment Kit/Common/Models/Apt_Rail.fbx
  artifactKey: Guid(7c69e40725f2d1a4687ecf3e80b2dfac) Importer(2089858483,0ecaa5967403d082aa24f35e1b516d23)
Start importing Assets/Brick Project Studio/Apartment Kit/Common/Models/Apt_Rail.fbx using Guid(7c69e40725f2d1a4687ecf3e80b2dfac) Importer(2089858483,0ecaa5967403d082aa24f35e1b516d23) Generated GUIDs only implemented for interfaces!
 -> (artifact id: '2fdac22db7ecf8267289c1c16d817a6c') in 0.032974 seconds
Number of updated asset objects reloaded before import = 0
Number of asset objects unloaded after import = 14
========================================================================
Received Import Request.
  Time since last request: 0.000016 seconds.
  path: Assets/Brick Project Studio/_BPS Basic Assets/_Prefabs/Base Scene/BA_Simple Cursor.prefab
  artifactKey: Guid(f29f229ca7700404abfeb5f8c1859d62) Importer(2089858483,0ecaa5967403d082aa24f35e1b516d23)
Start importing Assets/Brick Project Studio/_BPS Basic Assets/_Prefabs/Base Scene/BA_Simple Cursor.prefab using Guid(f29f229ca7700404abfeb5f8c1859d62) Importer(2089858483,0ecaa5967403d082aa24f35e1b516d23) Generated GUIDs only implemented for interfaces!
 -> (artifact id: '974ccddd58c4105689267e2ab214ba4f') in 0.020243 seconds
Number of updated asset objects reloaded before import = 0
Number of asset objects unloaded after import = 11
========================================================================
Received Import Request.
  Time since last request: 0.000016 seconds.
  path: Assets/Brick Project Studio/Apartment Kit/Common/Models/Painting.fbx
  artifactKey: Guid(27b4045e9d44110428f91ffc9297b5f1) Importer(2089858483,0ecaa5967403d082aa24f35e1b516d23)
Start importing Assets/Brick Project Studio/Apartment Kit/Common/Models/Painting.fbx using Guid(27b4045e9d44110428f91ffc9297b5f1) Importer(2089858483,0ecaa5967403d082aa24f35e1b516d23) Generated GUIDs only implemented for interfaces!
 -> (artifact id: '7ff164532a54d0f4a3edea6fe07c272d') in 0.030146 seconds
Number of updated asset objects reloaded before import = 0
Number of asset objects unloaded after import = 8
========================================================================
Received Import Request.
  Time since last request: 0.000019 seconds.
  path: Assets/Brick Project Studio/Apartment Kit/Common/Models/wine thin glass W Liquid.fbx
  artifactKey: Guid(28ca9505d52f64b408920ffcf4831bc0) Importer(2089858483,0ecaa5967403d082aa24f35e1b516d23)
Start importing Assets/Brick Project Studio/Apartment Kit/Common/Models/wine thin glass W Liquid.fbx using Guid(28ca9505d52f64b408920ffcf4831bc0) Importer(2089858483,0ecaa5967403d082aa24f35e1b516d23) Generated GUIDs only implemented for interfaces!
 -> (artifact id: '2b46ced0994b97d6718f35650fce2b81') in 0.031948 seconds
Number of updated asset objects reloaded before import = 0
Number of asset objects unloaded after import = 13
========================================================================
Received Import Request.
  Time since last request: 0.000265 seconds.
  path: Assets/Brick Project Studio/_BPS Basic Assets/Common/Models/BPS_RR.fbx
  artifactKey: Guid(37d1da0067b60bd4282c0eaee639654e) Importer(2089858483,0ecaa5967403d082aa24f35e1b516d23)
Start importing Assets/Brick Project Studio/_BPS Basic Assets/Common/Models/BPS_RR.fbx using Guid(37d1da0067b60bd4282c0eaee639654e) Importer(2089858483,0ecaa5967403d082aa24f35e1b516d23) Generated GUIDs only implemented for interfaces!
 -> (artifact id: 'd78f93f3087e6834a2010c93f14805ef') in 0.082310 seconds
Number of updated asset objects reloaded before import = 0
Number of asset objects unloaded after import = 244
========================================================================
Received Import Request.
  Time since last request: 0.000028 seconds.
  path: Assets/Brick Project Studio/Apartment Kit/Common/Materials/Misc/WallArt_Apt_02.mat
  artifactKey: Guid(9fe643e01fee71e4e8eb0fdd60b24118) Importer(2089858483,0ecaa5967403d082aa24f35e1b516d23)
Start importing Assets/Brick Project Studio/Apartment Kit/Common/Materials/Misc/WallArt_Apt_02.mat using Guid(9fe643e01fee71e4e8eb0fdd60b24118) Importer(2089858483,0ecaa5967403d082aa24f35e1b516d23) Generated GUIDs only implemented for interfaces!
 -> (artifact id: '4ed3e2fd21db421dee137e604dcfa507') in 0.018784 seconds
Number of updated asset objects reloaded before import = 0
Number of asset objects unloaded after import = 2
========================================================================
Received Import Request.
  Time since last request: 0.000032 seconds.
  path: Assets/Brick Project Studio/Apartment Kit/Common/Materials/Misc/Controller Screen_01.mat
  artifactKey: Guid(a89efc085b210d34fb9c6f0b7b0f669a) Importer(2089858483,0ecaa5967403d082aa24f35e1b516d23)
Start importing Assets/Brick Project Studio/Apartment Kit/Common/Materials/Misc/Controller Screen_01.mat using Guid(a89efc085b210d34fb9c6f0b7b0f669a) Importer(2089858483,0ecaa5967403d082aa24f35e1b516d23) Generated GUIDs only implemented for interfaces!
 -> (artifact id: '09b232d3ed68a52090eaf5dca4298309') in 0.016446 seconds
Number of updated asset objects reloaded before import = 0
Number of asset objects unloaded after import = 2
========================================================================
Received Import Request.
  Time since last request: 0.000016 seconds.
  path: Assets/Brick Project Studio/Apartment Kit/Common/Materials/Misc/WallArt_Apt_03.mat
  artifactKey: Guid(a79b9dfdb7c8f754f8d5fd1924ac5fdf) Importer(2089858483,0ecaa5967403d082aa24f35e1b516d23)
Start importing Assets/Brick Project Studio/Apartment Kit/Common/Materials/Misc/WallArt_Apt_03.mat using Guid(a79b9dfdb7c8f754f8d5fd1924ac5fdf) Importer(2089858483,0ecaa5967403d082aa24f35e1b516d23) Generated GUIDs only implemented for interfaces!
 -> (artifact id: '711c0346de25c8b004e263f8c83b0127') in 0.016983 seconds
Number of updated asset objects reloaded before import = 0
Number of asset objects unloaded after import = 2
========================================================================
Received Import Request.
  Time since last request: 0.000019 seconds.
  path: Assets/Brick Project Studio/Apartment Kit/Common/Materials/Surface/BR_Tile_01_Mod.mat
  artifactKey: Guid(99811246d7017024d85cfa934a83345b) Importer(2089858483,0ecaa5967403d082aa24f35e1b516d23)
Start importing Assets/Brick Project Studio/Apartment Kit/Common/Materials/Surface/BR_Tile_01_Mod.mat using Guid(99811246d7017024d85cfa934a83345b) Importer(2089858483,0ecaa5967403d082aa24f35e1b516d23) Generated GUIDs only implemented for interfaces!
 -> (artifact id: 'f8344e47d98ac9f242dd11276f4e6dad') in 0.022466 seconds
Number of updated asset objects reloaded before import = 0
Number of asset objects unloaded after import = 3
========================================================================
Received Import Request.
  Time since last request: 0.000013 seconds.
  path: Assets/Brick Project Studio/Apartment Kit/Common/Materials/Surface/Mirror.mat
  artifactKey: Guid(bbc4e18e895e99a468291c41300b3f55) Importer(2089858483,0ecaa5967403d082aa24f35e1b516d23)
Start importing Assets/Brick Project Studio/Apartment Kit/Common/Materials/Surface/Mirror.mat using Guid(bbc4e18e895e99a468291c41300b3f55) Importer(2089858483,0ecaa5967403d082aa24f35e1b516d23) Generated GUIDs only implemented for interfaces!
 -> (artifact id: '7c88c405d1ad76acc551717ddf3806f3') in 0.016925 seconds
Number of updated asset objects reloaded before import = 0
Number of asset objects unloaded after import = 1
========================================================================
Received Import Request.
  Time since last request: 0.000051 seconds.
  path: Assets/Brick Project Studio/Apartment Kit/Common/Scripts & Animation/TableFlip/FlipR.controller
  artifactKey: Guid(eb2c5b09abb74004bb912dbee575aca1) Importer(2089858483,0ecaa5967403d082aa24f35e1b516d23)
Start importing Assets/Brick Project Studio/Apartment Kit/Common/Scripts & Animation/TableFlip/FlipR.controller using Guid(eb2c5b09abb74004bb912dbee575aca1) Importer(2089858483,0ecaa5967403d082aa24f35e1b516d23) Generated GUIDs only implemented for interfaces!
 -> (artifact id: '661875ae87f18bc1dfcf1080b52691a4') in 0.017934 seconds
Number of updated asset objects reloaded before import = 0
Number of asset objects unloaded after import = 7
========================================================================
Received Import Request.
  Time since last request: 0.000019 seconds.
  path: Assets/Brick Project Studio/Apartment Kit/Common/Scripts & Animation/Slide/BRGlassDoor.cs
  artifactKey: Guid(c60bbd51801dd3749be2ffa1cd525074) Importer(2089858483,0ecaa5967403d082aa24f35e1b516d23)
Start importing Assets/Brick Project Studio/Apartment Kit/Common/Scripts & Animation/Slide/BRGlassDoor.cs using Guid(c60bbd51801dd3749be2ffa1cd525074) Importer(2089858483,0ecaa5967403d082aa24f35e1b516d23) Generated GUIDs only implemented for interfaces!
 -> (artifact id: '7b0f5014736bed6e4cee1428354b1e42') in 0.015387 seconds
Number of updated asset objects reloaded before import = 0
Number of asset objects unloaded after import = 1
========================================================================
Received Import Request.
  Time since last request: 0.000043 seconds.
  path: Assets/Brick Project Studio/Apartment Kit/Common/Scripts & Animation/OvenOpen/ClosingOven.anim
  artifactKey: Guid(438a7d2af973c3348921e30c83ab5205) Importer(2089858483,0ecaa5967403d082aa24f35e1b516d23)
Start importing Assets/Brick Project Studio/Apartment Kit/Common/Scripts & Animation/OvenOpen/ClosingOven.anim using Guid(438a7d2af973c3348921e30c83ab5205) Importer(2089858483,0ecaa5967403d082aa24f35e1b516d23) Generated GUIDs only implemented for interfaces!
 -> (artifact id: '4561f677145f9a31b14648b12a4b9e45') in 0.017587 seconds
Number of updated asset objects reloaded before import = 0
Number of asset objects unloaded after import = 1
========================================================================
Received Import Request.
  Time since last request: 0.000087 seconds.
  path: Assets/Brick Project Studio/Apartment Kit/Common/Scripts & Animation/Slide/BRGlassDoorClose.anim
  artifactKey: Guid(59bf63e47d9f08e47a9fd86d44895e45) Importer(2089858483,0ecaa5967403d082aa24f35e1b516d23)
Start importing Assets/Brick Project Studio/Apartment Kit/Common/Scripts & Animation/Slide/BRGlassDoorClose.anim using Guid(59bf63e47d9f08e47a9fd86d44895e45) Importer(2089858483,0ecaa5967403d082aa24f35e1b516d23) Generated GUIDs only implemented for interfaces!
 -> (artifact id: 'f5d7da7b316625df4d4149a8b8cf1ef0') in 0.017801 seconds
Number of updated asset objects reloaded before import = 0
Number of asset objects unloaded after import = 1
========================================================================
Received Import Request.
  Time since last request: 0.000066 seconds.
  path: Assets/Brick Project Studio/Apartment Kit/Common/Materials/Surface/Red_01.mat
  artifactKey: Guid(fc572b7f1f43b3a42810a51f8c8ee969) Importer(2089858483,0ecaa5967403d082aa24f35e1b516d23)
Start importing Assets/Brick Project Studio/Apartment Kit/Common/Materials/Surface/Red_01.mat using Guid(fc572b7f1f43b3a42810a51f8c8ee969) Importer(2089858483,0ecaa5967403d082aa24f35e1b516d23) Generated GUIDs only implemented for interfaces!
 -> (artifact id: '027f6157b1e2d0e60251760a4ef45328') in 0.016609 seconds
Number of updated asset objects reloaded before import = 0
Number of asset objects unloaded after import = 1
========================================================================
Received Import Request.
  Time since last request: 0.000016 seconds.
  path: Assets/Brick Project Studio/Apartment Kit/Common/Materials/Surface/Shiny Metal_03.mat
  artifactKey: Guid(ff2bb81a45899464db5313ff275f8a31) Importer(2089858483,0ecaa5967403d082aa24f35e1b516d23)
Start importing Assets/Brick Project Studio/Apartment Kit/Common/Materials/Surface/Shiny Metal_03.mat using Guid(ff2bb81a45899464db5313ff275f8a31) Importer(2089858483,0ecaa5967403d082aa24f35e1b516d23) Generated GUIDs only implemented for interfaces!
 -> (artifact id: 'd351dc088333030b204ff97ad36fa6f1') in 0.015770 seconds
Number of updated asset objects reloaded before import = 0
Number of asset objects unloaded after import = 1
========================================================================
Received Import Request.
  Time since last request: 0.000015 seconds.
  path: Assets/Brick Project Studio/Apartment Kit/Common/Scripts & Animation/Slide/OpeningSlide.anim
  artifactKey: Guid(e200fc53947c71a429e5e90215956f0d) Importer(2089858483,0ecaa5967403d082aa24f35e1b516d23)
Start importing Assets/Brick Project Studio/Apartment Kit/Common/Scripts & Animation/Slide/OpeningSlide.anim using Guid(e200fc53947c71a429e5e90215956f0d) Importer(2089858483,0ecaa5967403d082aa24f35e1b516d23) Generated GUIDs only implemented for interfaces!
 -> (artifact id: '8841ed51914ae75cbf25fe010abd6144') in 0.017224 seconds
Number of updated asset objects reloaded before import = 0
Number of asset objects unloaded after import = 1
========================================================================
Received Import Request.
  Time since last request: 0.000017 seconds.
  path: Assets/Brick Project Studio/Apartment Kit/Common/Scripts & Animation/TableFlip/Rup.anim
  artifactKey: Guid(75fd2388603b82a4493377e437db5359) Importer(2089858483,0ecaa5967403d082aa24f35e1b516d23)
Start importing Assets/Brick Project Studio/Apartment Kit/Common/Scripts & Animation/TableFlip/Rup.anim using Guid(75fd2388603b82a4493377e437db5359) Importer(2089858483,0ecaa5967403d082aa24f35e1b516d23) Generated GUIDs only implemented for interfaces!
 -> (artifact id: '330d8f3df0f6890126740c513264edd2') in 0.013692 seconds
Number of updated asset objects reloaded before import = 0
Number of asset objects unloaded after import = 1
========================================================================
Received Import Request.
  Time since last request: 0.000018 seconds.
  path: Assets/Brick Project Studio/Apartment Kit/Common/Scripts & Animation/OvenOpen/OvenFlip.controller
  artifactKey: Guid(ae6447d9d805dbd47a186d4d4b009eb9) Importer(2089858483,0ecaa5967403d082aa24f35e1b516d23)
Start importing Assets/Brick Project Studio/Apartment Kit/Common/Scripts & Animation/OvenOpen/OvenFlip.controller using Guid(ae6447d9d805dbd47a186d4d4b009eb9) Importer(2089858483,0ecaa5967403d082aa24f35e1b516d23) Generated GUIDs only implemented for interfaces!
 -> (artifact id: 'ce6978f0360b932a4bf9899e2e11078e') in 0.016507 seconds
Number of updated asset objects reloaded before import = 0
Number of asset objects unloaded after import = 7
========================================================================
Received Import Request.
  Time since last request: 0.000021 seconds.
  path: Assets/Brick Project Studio/Apartment Kit/Common/Scripts & Animation/OvenOpen/OvenFlip.cs
  artifactKey: Guid(86ae241f95cb0464188693a338d04798) Importer(2089858483,0ecaa5967403d082aa24f35e1b516d23)
Start importing Assets/Brick Project Studio/Apartment Kit/Common/Scripts & Animation/OvenOpen/OvenFlip.cs using Guid(86ae241f95cb0464188693a338d04798) Importer(2089858483,0ecaa5967403d082aa24f35e1b516d23) Generated GUIDs only implemented for interfaces!
 -> (artifact id: '4938e5a8905dcea22c9a12d3f7668b7c') in 0.014429 seconds
Number of updated asset objects reloaded before import = 0
Number of asset objects unloaded after import = 1
========================================================================
Received Import Request.
  Time since last request: 0.000021 seconds.
  path: Assets/Brick Project Studio/Apartment Kit/Common/Materials/Surface/Rustic Wood.mat
  artifactKey: Guid(a5fe6931b64e0de469d6a1b5b2a23513) Importer(2089858483,0ecaa5967403d082aa24f35e1b516d23)
Start importing Assets/Brick Project Studio/Apartment Kit/Common/Materials/Surface/Rustic Wood.mat using Guid(a5fe6931b64e0de469d6a1b5b2a23513) Importer(2089858483,0ecaa5967403d082aa24f35e1b516d23) Generated GUIDs only implemented for interfaces!
 -> (artifact id: '8cd2d50d7b9c47ecfa1108fde9608a20') in 0.017300 seconds
Number of updated asset objects reloaded before import = 0
Number of asset objects unloaded after import = 3
========================================================================
Received Import Request.
  Time since last request: 0.000048 seconds.
  path: Assets/Brick Project Studio/Apartment Kit/Common/Materials/Surface/Vase_Apt_01.mat
  artifactKey: Guid(7504f6d8f16670241856bdd867609ccc) Importer(2089858483,0ecaa5967403d082aa24f35e1b516d23)
Start importing Assets/Brick Project Studio/Apartment Kit/Common/Materials/Surface/Vase_Apt_01.mat using Guid(7504f6d8f16670241856bdd867609ccc) Importer(2089858483,0ecaa5967403d082aa24f35e1b516d23) Generated GUIDs only implemented for interfaces!
 -> (artifact id: 'ef47a6626fdde9caa359ef7bc12f2b94') in 0.015340 seconds
Number of updated asset objects reloaded before import = 0
Number of asset objects unloaded after import = 1
========================================================================
Received Import Request.
  Time since last request: 0.000020 seconds.
  path: Assets/Brick Project Studio/Apartment Kit/Common/Scripts & Animation/TableFlip/Ldown.anim
  artifactKey: Guid(f8ab6559bebdee74d80c33b67ab087d6) Importer(2089858483,0ecaa5967403d082aa24f35e1b516d23)
Start importing Assets/Brick Project Studio/Apartment Kit/Common/Scripts & Animation/TableFlip/Ldown.anim using Guid(f8ab6559bebdee74d80c33b67ab087d6) Importer(2089858483,0ecaa5967403d082aa24f35e1b516d23) Generated GUIDs only implemented for interfaces!
 -> (artifact id: '6c02239a4dc65a1b572ec4b4e881beec') in 0.016504 seconds
Number of updated asset objects reloaded before import = 0
Number of asset objects unloaded after import = 1
========================================================================
Received Import Request.
  Time since last request: 0.000021 seconds.
  path: Assets/Brick Project Studio/Apartment Kit/Common/Scripts & Animation/TableFlip/TableFlipL.cs
  artifactKey: Guid(c1f1c4265d2e233469ca3a33b18036d8) Importer(2089858483,0ecaa5967403d082aa24f35e1b516d23)
Start importing Assets/Brick Project Studio/Apartment Kit/Common/Scripts & Animation/TableFlip/TableFlipL.cs using Guid(c1f1c4265d2e233469ca3a33b18036d8) Importer(2089858483,0ecaa5967403d082aa24f35e1b516d23) Generated GUIDs only implemented for interfaces!
 -> (artifact id: 'cd4322945e5361182fa8ad6fca0f6756') in 0.013604 seconds
Number of updated asset objects reloaded before import = 0
Number of asset objects unloaded after import = 1
========================================================================
Received Import Request.
  Time since last request: 0.000086 seconds.
  path: Assets/Brick Project Studio/Apartment Kit/Common/Materials/Misc/DisfusedVase.mat
  artifactKey: Guid(076286717a5c2d64c91c17c7f0ce84fd) Importer(2089858483,0ecaa5967403d082aa24f35e1b516d23)
Start importing Assets/Brick Project Studio/Apartment Kit/Common/Materials/Misc/DisfusedVase.mat using Guid(076286717a5c2d64c91c17c7f0ce84fd) Importer(2089858483,0ecaa5967403d082aa24f35e1b516d23) Generated GUIDs only implemented for interfaces!
 -> (artifact id: 'dcc2c0fcb0454d18ba6a5e9edc24bf55') in 0.015983 seconds
Number of updated asset objects reloaded before import = 0
Number of asset objects unloaded after import = 2
========================================================================
Received Import Request.
  Time since last request: 0.000016 seconds.
  path: Assets/Brick Project Studio/Apartment Kit/Scenes/Prefab Doors.pdf
  artifactKey: Guid(a9b8acaf2552b6c45a090980e69ceae1) Importer(2089858483,0ecaa5967403d082aa24f35e1b516d23)
Start importing Assets/Brick Project Studio/Apartment Kit/Scenes/Prefab Doors.pdf using Guid(a9b8acaf2552b6c45a090980e69ceae1) Importer(2089858483,0ecaa5967403d082aa24f35e1b516d23) Generated GUIDs only implemented for interfaces!
 -> (artifact id: '636741e1114b0a14b8f8d505ea4be607') in 0.012097 seconds
Number of updated asset objects reloaded before import = 0
Number of asset objects unloaded after import = 1
========================================================================
Received Import Request.
  Time since last request: 0.000072 seconds.
  path: Assets/Brick Project Studio/Apartment Kit/Common/Materials/Misc/Controller Screen_02.mat
  artifactKey: Guid(83b00c8a16e3e6748806636bd5f3c6e4) Importer(2089858483,0ecaa5967403d082aa24f35e1b516d23)
Start importing Assets/Brick Project Studio/Apartment Kit/Common/Materials/Misc/Controller Screen_02.mat using Guid(83b00c8a16e3e6748806636bd5f3c6e4) Importer(2089858483,0ecaa5967403d082aa24f35e1b516d23) Generated GUIDs only implemented for interfaces!
 -> (artifact id: '151e87afb98fff257089eea8cefe09fd') in 0.021881 seconds
Number of updated asset objects reloaded before import = 0
Number of asset objects unloaded after import = 2
========================================================================
Received Import Request.
  Time since last request: 0.000016 seconds.
  path: Assets/Brick Project Studio/Apartment Kit/Common/Materials/Surface/DarkGlass.mat
  artifactKey: Guid(64463c6a7652f604b8996718d7515215) Importer(2089858483,0ecaa5967403d082aa24f35e1b516d23)
Start importing Assets/Brick Project Studio/Apartment Kit/Common/Materials/Surface/DarkGlass.mat using Guid(64463c6a7652f604b8996718d7515215) Importer(2089858483,0ecaa5967403d082aa24f35e1b516d23) Generated GUIDs only implemented for interfaces!
 -> (artifact id: '44f835d0a595ef89bdae91059724a917') in 0.016758 seconds
Number of updated asset objects reloaded before import = 0
Number of asset objects unloaded after import = 1
========================================================================
Received Import Request.
  Time since last request: 0.000015 seconds.
  path: Assets/Brick Project Studio/Apartment Kit/Common/Materials/Surface/Leather_02.mat
  artifactKey: Guid(6b037e7c427c8fc478dce6529e818f82) Importer(2089858483,0ecaa5967403d082aa24f35e1b516d23)
Start importing Assets/Brick Project Studio/Apartment Kit/Common/Materials/Surface/Leather_02.mat using Guid(6b037e7c427c8fc478dce6529e818f82) Importer(2089858483,0ecaa5967403d082aa24f35e1b516d23) Generated GUIDs only implemented for interfaces!
 -> (artifact id: '9d3974086d3efa6569f282aeeb744772') in 0.025260 seconds
Number of updated asset objects reloaded before import = 0
Number of asset objects unloaded after import = 4
========================================================================
Received Import Request.
  Time since last request: 0.000016 seconds.
  path: Assets/Brick Project Studio/Apartment Kit/Common/Materials/Misc/Lamp 02 Standing.mat
  artifactKey: Guid(fe8413b8ec60cb04f81b8c9b23e233f6) Importer(2089858483,0ecaa5967403d082aa24f35e1b516d23)
Start importing Assets/Brick Project Studio/Apartment Kit/Common/Materials/Misc/Lamp 02 Standing.mat using Guid(fe8413b8ec60cb04f81b8c9b23e233f6) Importer(2089858483,0ecaa5967403d082aa24f35e1b516d23) Generated GUIDs only implemented for interfaces!
 -> (artifact id: '92865c8a776ca86fea8723ed6f42a6d6') in 0.019948 seconds
Number of updated asset objects reloaded before import = 0
Number of asset objects unloaded after import = 2
========================================================================
Received Import Request.
  Time since last request: 0.000017 seconds.
  path: Assets/Brick Project Studio/Apartment Kit/Common/Materials/Surface/Shiny Metal_02.mat
  artifactKey: Guid(b73dbd0dbafdfa944ac875a3b40515e4) Importer(2089858483,0ecaa5967403d082aa24f35e1b516d23)
Start importing Assets/Brick Project Studio/Apartment Kit/Common/Materials/Surface/Shiny Metal_02.mat using Guid(b73dbd0dbafdfa944ac875a3b40515e4) Importer(2089858483,0ecaa5967403d082aa24f35e1b516d23) Generated GUIDs only implemented for interfaces!
 -> (artifact id: '996490cd73cb99f64b0531e1ef50aeae') in 0.015967 seconds
Number of updated asset objects reloaded before import = 0
Number of asset objects unloaded after import = 1
========================================================================
Received Import Request.
  Time since last request: 0.000022 seconds.
  path: Assets/Brick Project Studio/Apartment Kit/Common/Materials/Surface/Red Wine.mat
  artifactKey: Guid(4395ee91f3c8a8245ac3acea11839b80) Importer(2089858483,0ecaa5967403d082aa24f35e1b516d23)
Start importing Assets/Brick Project Studio/Apartment Kit/Common/Materials/Surface/Red Wine.mat using Guid(4395ee91f3c8a8245ac3acea11839b80) Importer(2089858483,0ecaa5967403d082aa24f35e1b516d23) Generated GUIDs only implemented for interfaces!
 -> (artifact id: '4f7b52c6948b809945387561cfae28bf') in 0.017277 seconds
Number of updated asset objects reloaded before import = 0
Number of asset objects unloaded after import = 1
========================================================================
Received Import Request.
  Time since last request: 0.000033 seconds.
  path: Assets/texture/creepy3.jpg
  artifactKey: Guid(bdcedfeeffbcdd949a56d20b2e20442f) Importer(2089858483,0ecaa5967403d082aa24f35e1b516d23)
Start importing Assets/texture/creepy3.jpg using Guid(bdcedfeeffbcdd949a56d20b2e20442f) Importer(2089858483,0ecaa5967403d082aa24f35e1b516d23) Generated GUIDs only implemented for interfaces!
 -> (artifact id: '5a8e3f20fcf115a8672a3cfacb394dbc') in 0.040891 seconds
Number of updated asset objects reloaded before import = 0
Number of asset objects unloaded after import = 1
========================================================================
Received Import Request.
  Time since last request: 0.000137 seconds.
  path: Assets/Brick Project Studio/Apartment Kit/Common/Materials/Surface/Leather_01.mat
  artifactKey: Guid(cd43f733a36e7fa459b71f33b2d0bb36) Importer(2089858483,0ecaa5967403d082aa24f35e1b516d23)
Start importing Assets/Brick Project Studio/Apartment Kit/Common/Materials/Surface/Leather_01.mat using Guid(cd43f733a36e7fa459b71f33b2d0bb36) Importer(2089858483,0ecaa5967403d082aa24f35e1b516d23) Generated GUIDs only implemented for interfaces!
 -> (artifact id: 'aaf3039ece39e2bd18fc94da1fc5fd41') in 0.023392 seconds
Number of updated asset objects reloaded before import = 0
Number of asset objects unloaded after import = 4
========================================================================
Received Import Request.
  Time since last request: 0.000019 seconds.
  path: Assets/Brick Project Studio/Apartment Kit/Common/Materials/Misc/Lamp 02 Ceiling.mat
  artifactKey: Guid(c4401e5b03b52de47b786ae0f6002794) Importer(2089858483,0ecaa5967403d082aa24f35e1b516d23)
Start importing Assets/Brick Project Studio/Apartment Kit/Common/Materials/Misc/Lamp 02 Ceiling.mat using Guid(c4401e5b03b52de47b786ae0f6002794) Importer(2089858483,0ecaa5967403d082aa24f35e1b516d23) Generated GUIDs only implemented for interfaces!
 -> (artifact id: 'e947efe604630d9e249e44a0eedeb8c3') in 0.017179 seconds
Number of updated asset objects reloaded before import = 0
Number of asset objects unloaded after import = 2
========================================================================
Received Import Request.
  Time since last request: 0.000019 seconds.
  path: Assets/Brick Project Studio/Apartment Kit/Common/Scripts & Animation/TableFlip/FlipL.controller
  artifactKey: Guid(44a6083341b144c4f9f33731e8b8d0aa) Importer(2089858483,0ecaa5967403d082aa24f35e1b516d23)
Start importing Assets/Brick Project Studio/Apartment Kit/Common/Scripts & Animation/TableFlip/FlipL.controller using Guid(44a6083341b144c4f9f33731e8b8d0aa) Importer(2089858483,0ecaa5967403d082aa24f35e1b516d23) Generated GUIDs only implemented for interfaces!
 -> (artifact id: '3a68c2185448955db882e22704cdac87') in 0.012067 seconds
Number of updated asset objects reloaded before import = 0
Number of asset objects unloaded after import = 7
========================================================================
Received Import Request.
  Time since last request: 0.000023 seconds.
  path: Assets/Brick Project Studio/Apartment Kit/Scenes/BPS Apartment Kit.txt
  artifactKey: Guid(de9733bf19fc523468c159b6fa49c2b3) Importer(2089858483,0ecaa5967403d082aa24f35e1b516d23)
Start importing Assets/Brick Project Studio/Apartment Kit/Scenes/BPS Apartment Kit.txt using Guid(de9733bf19fc523468c159b6fa49c2b3) Importer(2089858483,0ecaa5967403d082aa24f35e1b516d23) Generated GUIDs only implemented for interfaces!
 -> (artifact id: 'afe01747502e0c99888198db38673d73') in 0.013271 seconds
Number of updated asset objects reloaded before import = 0
Number of asset objects unloaded after import = 1
========================================================================
Received Import Request.
  Time since last request: 0.000057 seconds.
  path: Assets/Brick Project Studio/Apartment Kit/Common/Materials/Surface/Frosted.mat
  artifactKey: Guid(f4c2705402c106042bb0cfaeab8f8d88) Importer(2089858483,0ecaa5967403d082aa24f35e1b516d23)
Start importing Assets/Brick Project Studio/Apartment Kit/Common/Materials/Surface/Frosted.mat using Guid(f4c2705402c106042bb0cfaeab8f8d88) Importer(2089858483,0ecaa5967403d082aa24f35e1b516d23) Generated GUIDs only implemented for interfaces!
 -> (artifact id: 'd830fa233975a0e19c80f504fd84a419') in 0.020275 seconds
Number of updated asset objects reloaded before import = 0
Number of asset objects unloaded after import = 1
========================================================================
Received Import Request.
  Time since last request: 0.000020 seconds.
  path: Assets/Brick Project Studio/Apartment Kit/Common/Materials/Surface/White Wood.mat
  artifactKey: Guid(fb7d7a07b2942ca4cb6a6c38d807c8ea) Importer(2089858483,0ecaa5967403d082aa24f35e1b516d23)
Start importing Assets/Brick Project Studio/Apartment Kit/Common/Materials/Surface/White Wood.mat using Guid(fb7d7a07b2942ca4cb6a6c38d807c8ea) Importer(2089858483,0ecaa5967403d082aa24f35e1b516d23) Generated GUIDs only implemented for interfaces!
 -> (artifact id: 'ac7c77b41f70bf230ee0dec382ccb6d0') in 0.018000 seconds
Number of updated asset objects reloaded before import = 0
Number of asset objects unloaded after import = 3
========================================================================
Received Import Request.
  Time since last request: 0.000019 seconds.
  path: Assets/Brick Project Studio/Apartment Kit/Common/Models/Corner Wall Cabinet.fbx
  artifactKey: Guid(5a3b2c9f5dcc95944b5769d838a747e6) Importer(2089858483,0ecaa5967403d082aa24f35e1b516d23)
Start importing Assets/Brick Project Studio/Apartment Kit/Common/Models/Corner Wall Cabinet.fbx using Guid(5a3b2c9f5dcc95944b5769d838a747e6) Importer(2089858483,0ecaa5967403d082aa24f35e1b516d23) Generated GUIDs only implemented for interfaces!
 -> (artifact id: '2f27ccfb918fa9a1dafbad34d3fde2db') in 0.047758 seconds
Number of updated asset objects reloaded before import = 0
Number of asset objects unloaded after import = 68
========================================================================
Received Import Request.
  Time since last request: 0.000014 seconds.
  path: Assets/Brick Project Studio/_BPS Basic Assets/_Prefabs/Legacy/office chair.prefab
  artifactKey: Guid(99a0f1488ea2c1d47b7e9f7190961e40) Importer(2089858483,0ecaa5967403d082aa24f35e1b516d23)
Start importing Assets/Brick Project Studio/_BPS Basic Assets/_Prefabs/Legacy/office chair.prefab using Guid(99a0f1488ea2c1d47b7e9f7190961e40) Importer(2089858483,0ecaa5967403d082aa24f35e1b516d23) Generated GUIDs only implemented for interfaces!
 -> (artifact id: '5a865013ff1e2c7737f18b727bb68296') in 0.023543 seconds
Number of updated asset objects reloaded before import = 0
Number of asset objects unloaded after import = 48
========================================================================
Received Import Request.
  Time since last request: 0.000018 seconds.
  path: Assets/Brick Project Studio/Apartment Kit/Common/Materials/Surface/LampShade_On.mat
  artifactKey: Guid(b88360a072428ab458700f373aaa91ee) Importer(2089858483,0ecaa5967403d082aa24f35e1b516d23)
Start importing Assets/Brick Project Studio/Apartment Kit/Common/Materials/Surface/LampShade_On.mat using Guid(b88360a072428ab458700f373aaa91ee) Importer(2089858483,0ecaa5967403d082aa24f35e1b516d23) Generated GUIDs only implemented for interfaces!
 -> (artifact id: '88b25063b0909177852d5660fc6bbc72') in 0.015698 seconds
Number of updated asset objects reloaded before import = 0
Number of asset objects unloaded after import = 1
========================================================================
Received Import Request.
  Time since last request: 0.000031 seconds.
  path: Assets/Brick Project Studio/Apartment Kit/Common/Materials/Surface/porc_01.mat
  artifactKey: Guid(691850c8ec9fa6d44ae662bfdbe6c53a) Importer(2089858483,0ecaa5967403d082aa24f35e1b516d23)
Start importing Assets/Brick Project Studio/Apartment Kit/Common/Materials/Surface/porc_01.mat using Guid(691850c8ec9fa6d44ae662bfdbe6c53a) Importer(2089858483,0ecaa5967403d082aa24f35e1b516d23) Generated GUIDs only implemented for interfaces!
 -> (artifact id: '3013b7050d3d9a7a9135f1a1913c5d25') in 0.014691 seconds
Number of updated asset objects reloaded before import = 0
Number of asset objects unloaded after import = 1
========================================================================
Received Import Request.
  Time since last request: 0.000019 seconds.
  path: Assets/Brick Project Studio/Apartment Kit/Common/Textures/Interior Exterior/Ext_Apt_WallFloor_01_A.png
  artifactKey: Guid(ee1c712c3dfc8a543ab726de64648deb) Importer(2089858483,0ecaa5967403d082aa24f35e1b516d23)
Start importing Assets/Brick Project Studio/Apartment Kit/Common/Textures/Interior Exterior/Ext_Apt_WallFloor_01_A.png using Guid(ee1c712c3dfc8a543ab726de64648deb) Importer(2089858483,0ecaa5967403d082aa24f35e1b516d23) Generated GUIDs only implemented for interfaces!
 -> (artifact id: '99f1398271447f80c3a36e8cabbb1e14') in 0.063118 seconds
Number of updated asset objects reloaded before import = 0
Number of asset objects unloaded after import = 1
========================================================================
Received Import Request.
  Time since last request: 0.000021 seconds.
  path: Assets/Brick Project Studio/Apartment Kit/Common/Textures/Misc/Canvas_Nat_08.png
  artifactKey: Guid(461f328863e820f4c8ec8bdeed2aca44) Importer(2089858483,0ecaa5967403d082aa24f35e1b516d23)
Start importing Assets/Brick Project Studio/Apartment Kit/Common/Textures/Misc/Canvas_Nat_08.png using Guid(461f328863e820f4c8ec8bdeed2aca44) Importer(2089858483,0ecaa5967403d082aa24f35e1b516d23) Generated GUIDs only implemented for interfaces!
 -> (artifact id: '0bf64b76b7c0a8a1c44a2aef5c275489') in 0.038827 seconds
Number of updated asset objects reloaded before import = 0
Number of asset objects unloaded after import = 1
========================================================================
Received Import Request.
  Time since last request: 0.000062 seconds.
  path: Assets/Brick Project Studio/Apartment Kit/Common/Textures/Misc/Lamp 02 Table - Normal.png
  artifactKey: Guid(e78c362fff317e74095651e83dffc09e) Importer(2089858483,0ecaa5967403d082aa24f35e1b516d23)
Start importing Assets/Brick Project Studio/Apartment Kit/Common/Textures/Misc/Lamp 02 Table - Normal.png using Guid(e78c362fff317e74095651e83dffc09e) Importer(2089858483,0ecaa5967403d082aa24f35e1b516d23) Generated GUIDs only implemented for interfaces!
 -> (artifact id: '79d41439360ffb0665a6c4bc70e832e5') in 0.042893 seconds
Number of updated asset objects reloaded before import = 0
Number of asset objects unloaded after import = 1
========================================================================
Received Import Request.
  Time since last request: 0.000049 seconds.
  path: Assets/Brick Project Studio/Apartment Kit/Common/Scripts & Animation/Z Axis -1/pullopp.controller
  artifactKey: Guid(dc24fcef3393733459eaad6c68ba9bc6) Importer(2089858483,0ecaa5967403d082aa24f35e1b516d23)
Start importing Assets/Brick Project Studio/Apartment Kit/Common/Scripts & Animation/Z Axis -1/pullopp.controller using Guid(dc24fcef3393733459eaad6c68ba9bc6) Importer(2089858483,0ecaa5967403d082aa24f35e1b516d23) Generated GUIDs only implemented for interfaces!
 -> (artifact id: '0acc404c29b772f4faf74dc7dae6e664') in 0.016376 seconds
Number of updated asset objects reloaded before import = 0
Number of asset objects unloaded after import = 8
========================================================================
Received Import Request.
  Time since last request: 0.000021 seconds.
  path: Assets/Brick Project Studio/Apartment Kit/Common/Textures/Interior Exterior/Int_Apt_02_N.png
  artifactKey: Guid(45ca0f5fd1505bf47b6c14bf1ed96ed3) Importer(2089858483,0ecaa5967403d082aa24f35e1b516d23)
Start importing Assets/Brick Project Studio/Apartment Kit/Common/Textures/Interior Exterior/Int_Apt_02_N.png using Guid(45ca0f5fd1505bf47b6c14bf1ed96ed3) Importer(2089858483,0ecaa5967403d082aa24f35e1b516d23) Generated GUIDs only implemented for interfaces!
 -> (artifact id: 'af562960fc30ec5a5616e345e6ab64d9') in 0.042762 seconds
Number of updated asset objects reloaded before import = 0
Number of asset objects unloaded after import = 1
========================================================================
Received Import Request.
  Time since last request: 0.000021 seconds.
  path: Assets/Brick Project Studio/Apartment Kit/Common/Textures/Misc/Int_Apt_01_A.png
  artifactKey: Guid(bd10fda34a46a5a4794b3bb3ccb0dab1) Importer(2089858483,0ecaa5967403d082aa24f35e1b516d23)
Start importing Assets/Brick Project Studio/Apartment Kit/Common/Textures/Misc/Int_Apt_01_A.png using Guid(bd10fda34a46a5a4794b3bb3ccb0dab1) Importer(2089858483,0ecaa5967403d082aa24f35e1b516d23) Generated GUIDs only implemented for interfaces!
 -> (artifact id: '66ef094da68bcdf98b28f05c66f35796') in 0.037243 seconds
Number of updated asset objects reloaded before import = 0
Number of asset objects unloaded after import = 1
========================================================================
Received Import Request.
  Time since last request: 0.000030 seconds.
  path: Assets/Brick Project Studio/Apartment Kit/Common/Textures/Misc/GameConsole_01_A.png
  artifactKey: Guid(074c28f4b5334064caf66caa002ae822) Importer(2089858483,0ecaa5967403d082aa24f35e1b516d23)
Start importing Assets/Brick Project Studio/Apartment Kit/Common/Textures/Misc/GameConsole_01_A.png using Guid(074c28f4b5334064caf66caa002ae822) Importer(2089858483,0ecaa5967403d082aa24f35e1b516d23) Generated GUIDs only implemented for interfaces!
 -> (artifact id: '3cf9f7808d62eedad80761c65c1804b9') in 0.038700 seconds
Number of updated asset objects reloaded before import = 0
Number of asset objects unloaded after import = 1
========================================================================
Received Import Request.
  Time since last request: 0.000021 seconds.
  path: Assets/Brick Project Studio/Apartment Kit/Common/Textures/Misc/Colors_apt.png
  artifactKey: Guid(a7a36494f99a45a4ba843833f39659a0) Importer(2089858483,0ecaa5967403d082aa24f35e1b516d23)
Start importing Assets/Brick Project Studio/Apartment Kit/Common/Textures/Misc/Colors_apt.png using Guid(a7a36494f99a45a4ba843833f39659a0) Importer(2089858483,0ecaa5967403d082aa24f35e1b516d23) Generated GUIDs only implemented for interfaces!
 -> (artifact id: '6e040b146b283378915ee09ff93077f3') in 0.033229 seconds
Number of updated asset objects reloaded before import = 0
Number of asset objects unloaded after import = 1
========================================================================
Received Import Request.
  Time since last request: 0.000050 seconds.
  path: Assets/Brick Project Studio/Apartment Kit/Common/Textures/Misc/Controller Screen_01_A.png
  artifactKey: Guid(7bce827c508e5884d9ca002075d8459f) Importer(2089858483,0ecaa5967403d082aa24f35e1b516d23)
Start importing Assets/Brick Project Studio/Apartment Kit/Common/Textures/Misc/Controller Screen_01_A.png using Guid(7bce827c508e5884d9ca002075d8459f) Importer(2089858483,0ecaa5967403d082aa24f35e1b516d23) Generated GUIDs only implemented for interfaces!
 -> (artifact id: '83de4e76b9949fa34801fbfc6fc13003') in 0.036794 seconds
Number of updated asset objects reloaded before import = 0
Number of asset objects unloaded after import = 1
========================================================================
Received Import Request.
  Time since last request: 0.000037 seconds.
  path: Assets/Brick Project Studio/Apartment Kit/Common/Textures/Misc/Int_Apt_02_A.png
  artifactKey: Guid(3847b488a74a3f444bf0eb5efbffa90e) Importer(2089858483,0ecaa5967403d082aa24f35e1b516d23)
Start importing Assets/Brick Project Studio/Apartment Kit/Common/Textures/Misc/Int_Apt_02_A.png using Guid(3847b488a74a3f444bf0eb5efbffa90e) Importer(2089858483,0ecaa5967403d082aa24f35e1b516d23) Generated GUIDs only implemented for interfaces!
 -> (artifact id: 'b7de6944d8ab6879851f3cbe5dc90446') in 0.040705 seconds
Number of updated asset objects reloaded before import = 0
Number of asset objects unloaded after import = 1
========================================================================
Received Import Request.
  Time since last request: 0.000033 seconds.
  path: Assets/Brick Project Studio/Apartment Kit/Common/Scripts & Animation/Windows/opencloseWindowApt.cs
  artifactKey: Guid(ea52830e8c3e35741a451b12277dfde1) Importer(2089858483,0ecaa5967403d082aa24f35e1b516d23)
Start importing Assets/Brick Project Studio/Apartment Kit/Common/Scripts & Animation/Windows/opencloseWindowApt.cs using Guid(ea52830e8c3e35741a451b12277dfde1) Importer(2089858483,0ecaa5967403d082aa24f35e1b516d23) Generated GUIDs only implemented for interfaces!
 -> (artifact id: '411f0dd97dcb66bceb1cf837326b259e') in 0.015764 seconds
Number of updated asset objects reloaded before import = 0
Number of asset objects unloaded after import = 1
========================================================================
Received Import Request.
  Time since last request: 0.000058 seconds.
  path: Assets/Brick Project Studio/Apartment Kit/Common/Textures/Misc/Blender_01_N.png
  artifactKey: Guid(a192ea0e9f5170a4a8b4ec9cd0f592ae) Importer(2089858483,0ecaa5967403d082aa24f35e1b516d23)
Start importing Assets/Brick Project Studio/Apartment Kit/Common/Textures/Misc/Blender_01_N.png using Guid(a192ea0e9f5170a4a8b4ec9cd0f592ae) Importer(2089858483,0ecaa5967403d082aa24f35e1b516d23) Generated GUIDs only implemented for interfaces!
 -> (artifact id: 'c94dbcc87eb11c8709e7275c952ff1ab') in 0.036314 seconds
Number of updated asset objects reloaded before import = 0
Number of asset objects unloaded after import = 1
========================================================================
Received Import Request.
  Time since last request: 0.000064 seconds.
  path: Assets/Brick Project Studio/Apartment Kit/Common/Textures/Misc/Pattern_03.png
  artifactKey: Guid(bb0cfd11535504b46901d5b1cb1b403e) Importer(2089858483,0ecaa5967403d082aa24f35e1b516d23)
Start importing Assets/Brick Project Studio/Apartment Kit/Common/Textures/Misc/Pattern_03.png using Guid(bb0cfd11535504b46901d5b1cb1b403e) Importer(2089858483,0ecaa5967403d082aa24f35e1b516d23) Generated GUIDs only implemented for interfaces!
 -> (artifact id: '54896f3fbca9fabadcb6de3061986e67') in 0.036121 seconds
Number of updated asset objects reloaded before import = 0
Number of asset objects unloaded after import = 1
========================================================================
Received Import Request.
  Time since last request: 0.000048 seconds.
  path: Assets/Brick Project Studio/Apartment Kit/Common/Textures/Misc/Lamp 02 Table shade - Normal.png
  artifactKey: Guid(fe2b946fe11b665428ee3a7b3f07f29e) Importer(2089858483,0ecaa5967403d082aa24f35e1b516d23)
Start importing Assets/Brick Project Studio/Apartment Kit/Common/Textures/Misc/Lamp 02 Table shade - Normal.png using Guid(fe2b946fe11b665428ee3a7b3f07f29e) Importer(2089858483,0ecaa5967403d082aa24f35e1b516d23) Generated GUIDs only implemented for interfaces!
 -> (artifact id: '9d55919f1aed4b74cef2445a0f137e60') in 0.039747 seconds
Number of updated asset objects reloaded before import = 0
Number of asset objects unloaded after import = 1
========================================================================
Received Import Request.
  Time since last request: 0.000030 seconds.
  path: Assets/Brick Project Studio/Apartment Kit/Common/Textures/Misc/Chessboard_01_A.png
  artifactKey: Guid(e7725636445a48443a0910445b125cf3) Importer(2089858483,0ecaa5967403d082aa24f35e1b516d23)
Start importing Assets/Brick Project Studio/Apartment Kit/Common/Textures/Misc/Chessboard_01_A.png using Guid(e7725636445a48443a0910445b125cf3) Importer(2089858483,0ecaa5967403d082aa24f35e1b516d23) Generated GUIDs only implemented for interfaces!
 -> (artifact id: 'd5be5ff4633f44f83be9735b6291252f') in 0.038135 seconds
Number of updated asset objects reloaded before import = 0
Number of asset objects unloaded after import = 1
========================================================================
Received Import Request.
  Time since last request: 0.000034 seconds.
  path: Assets/Brick Project Studio/Apartment Kit/Common/Textures/Misc/Lamp 02 Ceiling.png
  artifactKey: Guid(505ba2c4c448cba4a818067958271639) Importer(2089858483,0ecaa5967403d082aa24f35e1b516d23)
Start importing Assets/Brick Project Studio/Apartment Kit/Common/Textures/Misc/Lamp 02 Ceiling.png using Guid(505ba2c4c448cba4a818067958271639) Importer(2089858483,0ecaa5967403d082aa24f35e1b516d23) Generated GUIDs only implemented for interfaces!
 -> (artifact id: 'fc12db04f99575382598fc67d5076947') in 0.040765 seconds
Number of updated asset objects reloaded before import = 0
Number of asset objects unloaded after import = 1
========================================================================
Received Import Request.
  Time since last request: 0.000017 seconds.
  path: Assets/Brick Project Studio/Apartment Kit/Common/Textures/Misc/Rug_A.png
  artifactKey: Guid(2a54dc938e2f4fc469b73b11822fcfa6) Importer(2089858483,0ecaa5967403d082aa24f35e1b516d23)
Start importing Assets/Brick Project Studio/Apartment Kit/Common/Textures/Misc/Rug_A.png using Guid(2a54dc938e2f4fc469b73b11822fcfa6) Importer(2089858483,0ecaa5967403d082aa24f35e1b516d23) Generated GUIDs only implemented for interfaces!
 -> (artifact id: '688f982ed422c74f9526c55ee1005f13') in 0.036992 seconds
Number of updated asset objects reloaded before import = 0
Number of asset objects unloaded after import = 1
========================================================================
Received Import Request.
  Time since last request: 0.000076 seconds.
  path: Assets/Brick Project Studio/Apartment Kit/Common/Textures/Surface/CT_Marble_01_A.png
  artifactKey: Guid(8bda7c52bef951a48a04b29d6d730922) Importer(2089858483,0ecaa5967403d082aa24f35e1b516d23)
Start importing Assets/Brick Project Studio/Apartment Kit/Common/Textures/Surface/CT_Marble_01_A.png using Guid(8bda7c52bef951a48a04b29d6d730922) Importer(2089858483,0ecaa5967403d082aa24f35e1b516d23) Generated GUIDs only implemented for interfaces!
 -> (artifact id: 'a4eafe868a081b2b69cfd4e6d21bdb00') in 0.034976 seconds
Number of updated asset objects reloaded before import = 0
Number of asset objects unloaded after import = 1
========================================================================
Received Import Request.
  Time since last request: 0.000074 seconds.
  path: Assets/Brick Project Studio/Apartment Kit/Common/Textures/Surface/AdlerWood_01_N.png
  artifactKey: Guid(84cd5ef0583ef6449bfe7ad09c001723) Importer(2089858483,0ecaa5967403d082aa24f35e1b516d23)
Start importing Assets/Brick Project Studio/Apartment Kit/Common/Textures/Surface/AdlerWood_01_N.png using Guid(84cd5ef0583ef6449bfe7ad09c001723) Importer(2089858483,0ecaa5967403d082aa24f35e1b516d23) Generated GUIDs only implemented for interfaces!
 -> (artifact id: '3c72b48c3167374cc5ebd9d7c5d28d21') in 0.040659 seconds
Number of updated asset objects reloaded before import = 0
Number of asset objects unloaded after import = 1
========================================================================
Received Import Request.
  Time since last request: 0.000040 seconds.
  path: Assets/Brick Project Studio/Apartment Kit/Common/Textures/Surface/BrushedMetal_A.png
  artifactKey: Guid(f777047004de95f4ba34895907052505) Importer(2089858483,0ecaa5967403d082aa24f35e1b516d23)
Start importing Assets/Brick Project Studio/Apartment Kit/Common/Textures/Surface/BrushedMetal_A.png using Guid(f777047004de95f4ba34895907052505) Importer(2089858483,0ecaa5967403d082aa24f35e1b516d23) Generated GUIDs only implemented for interfaces!
 -> (artifact id: '37b77f18e605cbcffd3778a718581f02') in 0.038079 seconds
Number of updated asset objects reloaded before import = 0
Number of asset objects unloaded after import = 1
========================================================================
Received Import Request.
  Time since last request: 0.000082 seconds.
  path: Assets/Brick Project Studio/Apartment Kit/Common/Textures/Surface/Burlap_01_A.png
  artifactKey: Guid(3e34cde6de0ecce4183b7f04b0d704ae) Importer(2089858483,0ecaa5967403d082aa24f35e1b516d23)
Start importing Assets/Brick Project Studio/Apartment Kit/Common/Textures/Surface/Burlap_01_A.png using Guid(3e34cde6de0ecce4183b7f04b0d704ae) Importer(2089858483,0ecaa5967403d082aa24f35e1b516d23) Generated GUIDs only implemented for interfaces!
 -> (artifact id: '0fcd1a5183dfa9e917a953a74c074c35') in 0.039027 seconds
Number of updated asset objects reloaded before import = 0
Number of asset objects unloaded after import = 1
========================================================================
Received Import Request.
  Time since last request: 0.000036 seconds.
  path: Assets/Brick Project Studio/Apartment Kit/Common/Textures/Surface/Fabric_01_H.png
  artifactKey: Guid(f16f03215be3d524997908d61dbdf67b) Importer(2089858483,0ecaa5967403d082aa24f35e1b516d23)
Start importing Assets/Brick Project Studio/Apartment Kit/Common/Textures/Surface/Fabric_01_H.png using Guid(f16f03215be3d524997908d61dbdf67b) Importer(2089858483,0ecaa5967403d082aa24f35e1b516d23) Generated GUIDs only implemented for interfaces!
 -> (artifact id: 'bb866d30fd70b86853b1ece64f59e418') in 0.035224 seconds
Number of updated asset objects reloaded before import = 0
Number of asset objects unloaded after import = 1
========================================================================
Received Import Request.
  Time since last request: 0.000021 seconds.
  path: Assets/Brick Project Studio/Apartment Kit/Common/Textures/Surface/Fabric_01_AO.png
  artifactKey: Guid(4fa1c9ead8b6eb94da2389d7898b0e61) Importer(2089858483,0ecaa5967403d082aa24f35e1b516d23)
Start importing Assets/Brick Project Studio/Apartment Kit/Common/Textures/Surface/Fabric_01_AO.png using Guid(4fa1c9ead8b6eb94da2389d7898b0e61) Importer(2089858483,0ecaa5967403d082aa24f35e1b516d23) Generated GUIDs only implemented for interfaces!
 -> (artifact id: 'ffb4e9f96a7f2e19e06d51997bca9e52') in 0.040570 seconds
Number of updated asset objects reloaded before import = 0
Number of asset objects unloaded after import = 1
========================================================================
Received Import Request.
  Time since last request: 0.000032 seconds.
  path: Assets/Brick Project Studio/Apartment Kit/Common/Textures/Surface/BathroomMat_01_N.png
  artifactKey: Guid(c21778f00b02c4342b7baa62a9e47e02) Importer(2089858483,0ecaa5967403d082aa24f35e1b516d23)
Start importing Assets/Brick Project Studio/Apartment Kit/Common/Textures/Surface/BathroomMat_01_N.png using Guid(c21778f00b02c4342b7baa62a9e47e02) Importer(2089858483,0ecaa5967403d082aa24f35e1b516d23) Generated GUIDs only implemented for interfaces!
 -> (artifact id: '6c41fcf4771cc7ac09268433fa464824') in 0.035513 seconds
Number of updated asset objects reloaded before import = 0
Number of asset objects unloaded after import = 1
========================================================================
Received Import Request.
  Time since last request: 0.000050 seconds.
  path: Assets/Brick Project Studio/Apartment Kit/Common/Textures/Misc/MarbleWall_01.png
  artifactKey: Guid(a74bcca27930dd042ae438a1af891279) Importer(2089858483,0ecaa5967403d082aa24f35e1b516d23)
Start importing Assets/Brick Project Studio/Apartment Kit/Common/Textures/Misc/MarbleWall_01.png using Guid(a74bcca27930dd042ae438a1af891279) Importer(2089858483,0ecaa5967403d082aa24f35e1b516d23) Generated GUIDs only implemented for interfaces!
 -> (artifact id: 'b06ad5b1f1ab9b548ab40b047f3623bf') in 0.034988 seconds
Number of updated asset objects reloaded before import = 0
Number of asset objects unloaded after import = 1
========================================================================
Received Import Request.
  Time since last request: 0.000053 seconds.
  path: Assets/Brick Project Studio/Apartment Kit/Common/Textures/Misc/Toothbrush_01_A.png
  artifactKey: Guid(4ab40b3a4ff0b7a48a1090e232aa80b6) Importer(2089858483,0ecaa5967403d082aa24f35e1b516d23)
Start importing Assets/Brick Project Studio/Apartment Kit/Common/Textures/Misc/Toothbrush_01_A.png using Guid(4ab40b3a4ff0b7a48a1090e232aa80b6) Importer(2089858483,0ecaa5967403d082aa24f35e1b516d23) Generated GUIDs only implemented for interfaces!
 -> (artifact id: '7b85b9d61beb4b08632b29e5a07d80e8') in 0.036639 seconds
Number of updated asset objects reloaded before import = 0
Number of asset objects unloaded after import = 1
========================================================================
Received Import Request.
  Time since last request: 0.000053 seconds.
  path: Assets/Brick Project Studio/Apartment Kit/Common/Textures/Interior Exterior/Int_Apt_03_A.png
  artifactKey: Guid(6f4826912ff8d074ea7cdfd9951e9046) Importer(2089858483,0ecaa5967403d082aa24f35e1b516d23)
Start importing Assets/Brick Project Studio/Apartment Kit/Common/Textures/Interior Exterior/Int_Apt_03_A.png using Guid(6f4826912ff8d074ea7cdfd9951e9046) Importer(2089858483,0ecaa5967403d082aa24f35e1b516d23) Generated GUIDs only implemented for interfaces!
 -> (artifact id: '6e4710cf48d04bb332accd6e83de869f') in 0.040631 seconds
Number of updated asset objects reloaded before import = 0
Number of asset objects unloaded after import = 1
========================================================================
Received Import Request.
  Time since last request: 0.000061 seconds.
  path: Assets/Brick Project Studio/Apartment Kit/Common/Textures/Misc/Rug_N.png
  artifactKey: Guid(7f7b53da64f751048b47d48f41089031) Importer(2089858483,0ecaa5967403d082aa24f35e1b516d23)
Start importing Assets/Brick Project Studio/Apartment Kit/Common/Textures/Misc/Rug_N.png using Guid(7f7b53da64f751048b47d48f41089031) Importer(2089858483,0ecaa5967403d082aa24f35e1b516d23) Generated GUIDs only implemented for interfaces!
 -> (artifact id: 'b53ad9d56c7a6f8eebd306f9256d9fc9') in 0.039312 seconds
Number of updated asset objects reloaded before import = 0
Number of asset objects unloaded after import = 1
========================================================================
Received Import Request.
  Time since last request: 0.000077 seconds.
  path: Assets/Brick Project Studio/Apartment Kit/Common/Textures/Misc/Controller_01_A.png
  artifactKey: Guid(86060e917dc55a7448b8935812c62bb4) Importer(2089858483,0ecaa5967403d082aa24f35e1b516d23)
Start importing Assets/Brick Project Studio/Apartment Kit/Common/Textures/Misc/Controller_01_A.png using Guid(86060e917dc55a7448b8935812c62bb4) Importer(2089858483,0ecaa5967403d082aa24f35e1b516d23) Generated GUIDs only implemented for interfaces!
 -> (artifact id: '440b1d1c5dabb6195e3ed0f5853912dc') in 0.036870 seconds
Number of updated asset objects reloaded before import = 0
Number of asset objects unloaded after import = 1
========================================================================
Received Import Request.
  Time since last request: 0.000030 seconds.
  path: Assets/Brick Project Studio/Apartment Kit/Common/Textures/Misc/Lamp 02 Table shade.png
  artifactKey: Guid(75236e1c6236b444d84fbc09afbf1ce8) Importer(2089858483,0ecaa5967403d082aa24f35e1b516d23)
Start importing Assets/Brick Project Studio/Apartment Kit/Common/Textures/Misc/Lamp 02 Table shade.png using Guid(75236e1c6236b444d84fbc09afbf1ce8) Importer(2089858483,0ecaa5967403d082aa24f35e1b516d23) Generated GUIDs only implemented for interfaces!
 -> (artifact id: 'f4002fd5ebdd67ff4f33add805903be6') in 0.038492 seconds
Number of updated asset objects reloaded before import = 0
Number of asset objects unloaded after import = 1
========================================================================
Received Import Request.
  Time since last request: 0.000057 seconds.
  path: Assets/Brick Project Studio/Apartment Kit/Common/Textures/Surface/CastIron_M.png
  artifactKey: Guid(60fe05f4313f9a743a60a9520b20834a) Importer(2089858483,0ecaa5967403d082aa24f35e1b516d23)
Start importing Assets/Brick Project Studio/Apartment Kit/Common/Textures/Surface/CastIron_M.png using Guid(60fe05f4313f9a743a60a9520b20834a) Importer(2089858483,0ecaa5967403d082aa24f35e1b516d23) Generated GUIDs only implemented for interfaces!
 -> (artifact id: '317e3c93194aef470634e32f9746c51d') in 0.040518 seconds
Number of updated asset objects reloaded before import = 0
Number of asset objects unloaded after import = 1
========================================================================
Received Import Request.
  Time since last request: 0.000084 seconds.
  path: Assets/Brick Project Studio/Apartment Kit/Common/Textures/Surface/Leather_H.png
  artifactKey: Guid(847bc10dbce23b441840cc99063df098) Importer(2089858483,0ecaa5967403d082aa24f35e1b516d23)
Start importing Assets/Brick Project Studio/Apartment Kit/Common/Textures/Surface/Leather_H.png using Guid(847bc10dbce23b441840cc99063df098) Importer(2089858483,0ecaa5967403d082aa24f35e1b516d23) Generated GUIDs only implemented for interfaces!
 -> (artifact id: '812f870d895cb3fb4b912c13dda33755') in 0.040284 seconds
Number of updated asset objects reloaded before import = 0
Number of asset objects unloaded after import = 1
========================================================================
Received Import Request.
  Time since last request: 0.000032 seconds.
  path: Assets/Brick Project Studio/Apartment Kit/Common/Textures/Surface/Wood_Ebony_01_N.png
  artifactKey: Guid(b5b20f23beab58d45b513b9aa44e2709) Importer(2089858483,0ecaa5967403d082aa24f35e1b516d23)
Start importing Assets/Brick Project Studio/Apartment Kit/Common/Textures/Surface/Wood_Ebony_01_N.png using Guid(b5b20f23beab58d45b513b9aa44e2709) Importer(2089858483,0ecaa5967403d082aa24f35e1b516d23) Generated GUIDs only implemented for interfaces!
 -> (artifact id: 'ad838f96eed946e5a81e33926458fbdf') in 0.042147 seconds
Number of updated asset objects reloaded before import = 0
Number of asset objects unloaded after import = 1
========================================================================
Received Import Request.
  Time since last request: 0.000014 seconds.
  path: Assets/Brick Project Studio/Apartment Kit/Common/Textures/Surface/Marble_Dark_01_A.png
  artifactKey: Guid(e4c6f6328598098409462573bb0deae7) Importer(2089858483,0ecaa5967403d082aa24f35e1b516d23)
Start importing Assets/Brick Project Studio/Apartment Kit/Common/Textures/Surface/Marble_Dark_01_A.png using Guid(e4c6f6328598098409462573bb0deae7) Importer(2089858483,0ecaa5967403d082aa24f35e1b516d23) Generated GUIDs only implemented for interfaces!
 -> (artifact id: '31add7780881a022c0d41b76429a687d') in 0.041350 seconds
Number of updated asset objects reloaded before import = 0
Number of asset objects unloaded after import = 1
========================================================================
Received Import Request.
  Time since last request: 0.000058 seconds.
  path: Assets/Brick Project Studio/Apartment Kit/Common/Textures/Surface/Wood_Ebony_01_AO.png
  artifactKey: Guid(288cf7adf0d7df7428fd6de295b12e20) Importer(2089858483,0ecaa5967403d082aa24f35e1b516d23)
Start importing Assets/Brick Project Studio/Apartment Kit/Common/Textures/Surface/Wood_Ebony_01_AO.png using Guid(288cf7adf0d7df7428fd6de295b12e20) Importer(2089858483,0ecaa5967403d082aa24f35e1b516d23) Generated GUIDs only implemented for interfaces!
 -> (artifact id: 'ab983737cb93cbb68aa2c51cb582f8d1') in 0.041308 seconds
Number of updated asset objects reloaded before import = 0
Number of asset objects unloaded after import = 1
========================================================================
Received Import Request.
  Time since last request: 0.000039 seconds.
  path: Assets/Brick Project Studio/Apartment Kit/Common/Textures/Surface/Plastic_01_A.png
  artifactKey: Guid(473e76b7fdb58724ab105d9d07528a63) Importer(2089858483,0ecaa5967403d082aa24f35e1b516d23)
Start importing Assets/Brick Project Studio/Apartment Kit/Common/Textures/Surface/Plastic_01_A.png using Guid(473e76b7fdb58724ab105d9d07528a63) Importer(2089858483,0ecaa5967403d082aa24f35e1b516d23) Generated GUIDs only implemented for interfaces!
 -> (artifact id: '973c0f1008c922732f12482d87fd5a09') in 0.038268 seconds
Number of updated asset objects reloaded before import = 0
Number of asset objects unloaded after import = 1
========================================================================
Received Import Request.
  Time since last request: 0.000045 seconds.
  path: Assets/Brick Project Studio/Apartment Kit/Common/Textures/Surface/Mesh_Black_N.png
  artifactKey: Guid(cbbecd88a198cdd4e8fc3f3e900a51ef) Importer(2089858483,0ecaa5967403d082aa24f35e1b516d23)
Start importing Assets/Brick Project Studio/Apartment Kit/Common/Textures/Surface/Mesh_Black_N.png using Guid(cbbecd88a198cdd4e8fc3f3e900a51ef) Importer(2089858483,0ecaa5967403d082aa24f35e1b516d23) Generated GUIDs only implemented for interfaces!
 -> (artifact id: '724e330e5f9337c5b0ae81362db44d99') in 0.036841 seconds
Number of updated asset objects reloaded before import = 0
Number of asset objects unloaded after import = 1
========================================================================
Received Import Request.
  Time since last request: 0.000059 seconds.
  path: Assets/Brick Project Studio/Apartment Kit/Common/Textures/Surface/Rustic Wood - Normal.png
  artifactKey: Guid(280b9617cd8dbde4f8c3a20d529b8051) Importer(2089858483,0ecaa5967403d082aa24f35e1b516d23)
Start importing Assets/Brick Project Studio/Apartment Kit/Common/Textures/Surface/Rustic Wood - Normal.png using Guid(280b9617cd8dbde4f8c3a20d529b8051) Importer(2089858483,0ecaa5967403d082aa24f35e1b516d23) Generated GUIDs only implemented for interfaces!
 -> (artifact id: '4ae6c2bfe436509d8f143b89cc7c4ee0') in 0.040081 seconds
Number of updated asset objects reloaded before import = 0
Number of asset objects unloaded after import = 1
========================================================================
Received Import Request.
  Time since last request: 0.000036 seconds.
  path: Assets/Brick Project Studio/Apartment Kit/_Prefabs/Apt Build Kit/Int into Ext/IntExt_apt_01_01.prefab
  artifactKey: Guid(bb9f07d059873044e83eed13d1495a4c) Importer(2089858483,0ecaa5967403d082aa24f35e1b516d23)
Start importing Assets/Brick Project Studio/Apartment Kit/_Prefabs/Apt Build Kit/Int into Ext/IntExt_apt_01_01.prefab using Guid(bb9f07d059873044e83eed13d1495a4c) Importer(2089858483,0ecaa5967403d082aa24f35e1b516d23) Generated GUIDs only implemented for interfaces!
 -> (artifact id: 'a851708454439ffd7baae3bc90b7effb') in 0.019655 seconds
Number of updated asset objects reloaded before import = 0
Number of asset objects unloaded after import = 13
========================================================================
Received Import Request.
  Time since last request: 0.000019 seconds.
  path: Assets/Brick Project Studio/Apartment Kit/Common/Textures/Surface/Leather_N.png
  artifactKey: Guid(9b0fc00f6400d5a48b1820e33be50b7b) Importer(2089858483,0ecaa5967403d082aa24f35e1b516d23)
Start importing Assets/Brick Project Studio/Apartment Kit/Common/Textures/Surface/Leather_N.png using Guid(9b0fc00f6400d5a48b1820e33be50b7b) Importer(2089858483,0ecaa5967403d082aa24f35e1b516d23) Generated GUIDs only implemented for interfaces!
 -> (artifact id: '80bf71fd28c839bbe4a7265712add63e') in 0.040063 seconds
Number of updated asset objects reloaded before import = 0
Number of asset objects unloaded after import = 1
========================================================================
Received Import Request.
  Time since last request: 0.000061 seconds.
  path: Assets/Brick Project Studio/Apartment Kit/_Prefabs/Apt Build Kit/Int into Ext/IntExt_apt_01_03.prefab
  artifactKey: Guid(fd89e5fd063bbe449bfd219cac1ec948) Importer(2089858483,0ecaa5967403d082aa24f35e1b516d23)
Start importing Assets/Brick Project Studio/Apartment Kit/_Prefabs/Apt Build Kit/Int into Ext/IntExt_apt_01_03.prefab using Guid(fd89e5fd063bbe449bfd219cac1ec948) Importer(2089858483,0ecaa5967403d082aa24f35e1b516d23) Generated GUIDs only implemented for interfaces!
 -> (artifact id: 'a510a725dd3595df8dc1e5d65d93334b') in 0.020529 seconds
Number of updated asset objects reloaded before import = 0
Number of asset objects unloaded after import = 13
========================================================================
Received Import Request.
  Time since last request: 0.000023 seconds.
  path: Assets/Brick Project Studio/Apartment Kit/_Prefabs/Apt Build Kit/Int into Ext/IntExt_apt_DoorFrame_R_01_01.prefab
  artifactKey: Guid(33a7e848ce42e7b43a917cdab018b9cc) Importer(2089858483,0ecaa5967403d082aa24f35e1b516d23)
Start importing Assets/Brick Project Studio/Apartment Kit/_Prefabs/Apt Build Kit/Int into Ext/IntExt_apt_DoorFrame_R_01_01.prefab using Guid(33a7e848ce42e7b43a917cdab018b9cc) Importer(2089858483,0ecaa5967403d082aa24f35e1b516d23) Generated GUIDs only implemented for interfaces!
 -> (artifact id: 'd3dd26abb649d6a13d81c86171aa2129') in 0.022779 seconds
Number of updated asset objects reloaded before import = 0
Number of asset objects unloaded after import = 21
========================================================================
Received Import Request.
  Time since last request: 0.000016 seconds.
  path: Assets/Brick Project Studio/Apartment Kit/Common/Textures/Misc/ControlPanel_apt.png
  artifactKey: Guid(2595a59e4bb200a479cd18949ee5d090) Importer(2089858483,0ecaa5967403d082aa24f35e1b516d23)
Start importing Assets/Brick Project Studio/Apartment Kit/Common/Textures/Misc/ControlPanel_apt.png using Guid(2595a59e4bb200a479cd18949ee5d090) Importer(2089858483,0ecaa5967403d082aa24f35e1b516d23) Generated GUIDs only implemented for interfaces!
 -> (artifact id: '15745eb0bfd0d75b6cef976a7563339e') in 0.042393 seconds
Number of updated asset objects reloaded before import = 0
Number of asset objects unloaded after import = 1
========================================================================
Received Import Request.
  Time since last request: 0.000068 seconds.
  path: Assets/Brick Project Studio/Apartment Kit/Common/Textures/Misc/Int_Apt_03_A.png
  artifactKey: Guid(151c8bea4e39c94459a318ab8efb5fdd) Importer(2089858483,0ecaa5967403d082aa24f35e1b516d23)
Start importing Assets/Brick Project Studio/Apartment Kit/Common/Textures/Misc/Int_Apt_03_A.png using Guid(151c8bea4e39c94459a318ab8efb5fdd) Importer(2089858483,0ecaa5967403d082aa24f35e1b516d23) Generated GUIDs only implemented for interfaces!
 -> (artifact id: '258ec45b77e28df46c1038f1ce80c170') in 0.039498 seconds
Number of updated asset objects reloaded before import = 0
Number of asset objects unloaded after import = 1
========================================================================
Received Import Request.
  Time since last request: 0.000092 seconds.
  path: Assets/Brick Project Studio/Apartment Kit/Common/Textures/Interior Exterior/Int_Apt_02_A.png
  artifactKey: Guid(2250416960944be479b4dade787e02d6) Importer(2089858483,0ecaa5967403d082aa24f35e1b516d23)
Start importing Assets/Brick Project Studio/Apartment Kit/Common/Textures/Interior Exterior/Int_Apt_02_A.png using Guid(2250416960944be479b4dade787e02d6) Importer(2089858483,0ecaa5967403d082aa24f35e1b516d23) Generated GUIDs only implemented for interfaces!
 -> (artifact id: '010eb060c6e29bbbbf362e2f160decb7') in 0.040057 seconds
Number of updated asset objects reloaded before import = 0
Number of asset objects unloaded after import = 1
========================================================================
Received Import Request.
  Time since last request: 0.000022 seconds.
  path: Assets/Brick Project Studio/Apartment Kit/_Prefabs/Furniture/Bedroom/Table_End_02.prefab
  artifactKey: Guid(28f3f85a3fb032b4cbee99b8dd59df44) Importer(2089858483,0ecaa5967403d082aa24f35e1b516d23)
Start importing Assets/Brick Project Studio/Apartment Kit/_Prefabs/Furniture/Bedroom/Table_End_02.prefab using Guid(28f3f85a3fb032b4cbee99b8dd59df44) Importer(2089858483,0ecaa5967403d082aa24f35e1b516d23) Generated GUIDs only implemented for interfaces!
 -> (artifact id: 'bafd2a18e18d76d027bfdbf557c4bfb4') in 0.024390 seconds
Number of updated asset objects reloaded before import = 0
Number of asset objects unloaded after import = 24
========================================================================
Received Import Request.
  Time since last request: 0.000020 seconds.
  path: Assets/Brick Project Studio/Apartment Kit/_Prefabs/Furniture/Living Room/Bench_Apt_01.prefab
  artifactKey: Guid(544e2a3365ece1e428837232ca8b768d) Importer(2089858483,0ecaa5967403d082aa24f35e1b516d23)
Start importing Assets/Brick Project Studio/Apartment Kit/_Prefabs/Furniture/Living Room/Bench_Apt_01.prefab using Guid(544e2a3365ece1e428837232ca8b768d) Importer(2089858483,0ecaa5967403d082aa24f35e1b516d23) Generated GUIDs only implemented for interfaces!
 -> (artifact id: '9109952b29c3d90c85796d1c6b67859b') in 0.024837 seconds
Number of updated asset objects reloaded before import = 0
Number of asset objects unloaded after import = 24
========================================================================
Received Import Request.
  Time since last request: 0.000020 seconds.
  path: Assets/Brick Project Studio/Apartment Kit/_Prefabs/Furniture/Wine Cabinet/BarCabinet_Apt_01.prefab
  artifactKey: Guid(71546b2097e63004893a3528d003a956) Importer(2089858483,0ecaa5967403d082aa24f35e1b516d23)
Start importing Assets/Brick Project Studio/Apartment Kit/_Prefabs/Furniture/Wine Cabinet/BarCabinet_Apt_01.prefab using Guid(71546b2097e63004893a3528d003a956) Importer(2089858483,0ecaa5967403d082aa24f35e1b516d23) Generated GUIDs only implemented for interfaces!
 -> (artifact id: 'ea4aec92d0f281927446aa8b7fa0dffb') in 0.024038 seconds
Number of updated asset objects reloaded before import = 0
Number of asset objects unloaded after import = 25
========================================================================
Received Import Request.
  Time since last request: 0.000016 seconds.
  path: Assets/Brick Project Studio/Apartment Kit/_Prefabs/Furniture/Living Room/Table_Media_01.prefab
  artifactKey: Guid(54a1d2aa299948d4386f320102e514a9) Importer(2089858483,0ecaa5967403d082aa24f35e1b516d23)
Start importing Assets/Brick Project Studio/Apartment Kit/_Prefabs/Furniture/Living Room/Table_Media_01.prefab using Guid(54a1d2aa299948d4386f320102e514a9) Importer(2089858483,0ecaa5967403d082aa24f35e1b516d23) Generated GUIDs only implemented for interfaces!
 -> (artifact id: '7559776a062336e661533b20586d7f3e') in 0.027271 seconds
Number of updated asset objects reloaded before import = 0
Number of asset objects unloaded after import = 74
========================================================================
Received Import Request.
  Time since last request: 0.000026 seconds.
  path: Assets/Brick Project Studio/Apartment Kit/_Prefabs/Furniture/Living Room/Table_Dining_Apt_01_Setup Variant.prefab
  artifactKey: Guid(8949b4a88fb989e4483115e02dfafc96) Importer(2089858483,0ecaa5967403d082aa24f35e1b516d23)
Start importing Assets/Brick Project Studio/Apartment Kit/_Prefabs/Furniture/Living Room/Table_Dining_Apt_01_Setup Variant.prefab using Guid(8949b4a88fb989e4483115e02dfafc96) Importer(2089858483,0ecaa5967403d082aa24f35e1b516d23) Generated GUIDs only implemented for interfaces!
 -> (artifact id: 'b943c1662fe71f00883010ce23eda8d4') in 0.027425 seconds
Number of updated asset objects reloaded before import = 0
Number of asset objects unloaded after import = 64
========================================================================
Received Import Request.
  Time since last request: 0.000020 seconds.
  path: Assets/Brick Project Studio/Apartment Kit/_Prefabs/Furniture/Living Room/Table_Coffee_01.prefab
  artifactKey: Guid(8c62e0f64b2956748ab5f5ece60bc90c) Importer(2089858483,0ecaa5967403d082aa24f35e1b516d23)
Start importing Assets/Brick Project Studio/Apartment Kit/_Prefabs/Furniture/Living Room/Table_Coffee_01.prefab using Guid(8c62e0f64b2956748ab5f5ece60bc90c) Importer(2089858483,0ecaa5967403d082aa24f35e1b516d23) Generated GUIDs only implemented for interfaces!
 -> (artifact id: 'dd1d8616b4bdee45bd97bff8c9ff5843') in 0.021596 seconds
Number of updated asset objects reloaded before import = 0
Number of asset objects unloaded after import = 17
========================================================================
Received Import Request.
  Time since last request: 0.000024 seconds.
  path: Assets/Brick Project Studio/Apartment Kit/_Prefabs/Furniture/Bathroom/BR_Vanity_01.prefab
  artifactKey: Guid(a21b031050e1345409177a5cf15ec3b4) Importer(2089858483,0ecaa5967403d082aa24f35e1b516d23)
Start importing Assets/Brick Project Studio/Apartment Kit/_Prefabs/Furniture/Bathroom/BR_Vanity_01.prefab using Guid(a21b031050e1345409177a5cf15ec3b4) Importer(2089858483,0ecaa5967403d082aa24f35e1b516d23) Generated GUIDs only implemented for interfaces!
 -> (artifact id: 'a0d966ca20cd591c28b416de16057b0c') in 0.026641 seconds
Number of updated asset objects reloaded before import = 0
Number of asset objects unloaded after import = 117
========================================================================
Received Import Request.
  Time since last request: 0.000017 seconds.
  path: Assets/Brick Project Studio/Apartment Kit/_Prefabs/Furniture/Living Room/Chair_Apt_01.prefab
  artifactKey: Guid(29eb9cdec523f4944b46fcfae81dc9c8) Importer(2089858483,0ecaa5967403d082aa24f35e1b516d23)
Start importing Assets/Brick Project Studio/Apartment Kit/_Prefabs/Furniture/Living Room/Chair_Apt_01.prefab using Guid(29eb9cdec523f4944b46fcfae81dc9c8) Importer(2089858483,0ecaa5967403d082aa24f35e1b516d23) Generated GUIDs only implemented for interfaces!
 -> (artifact id: '4f4636b137aa99cc0504dea7f763b6e7') in 0.017081 seconds
Number of updated asset objects reloaded before import = 0
Number of asset objects unloaded after import = 13
========================================================================
Received Import Request.
  Time since last request: 0.000016 seconds.
  path: Assets/Brick Project Studio/Apartment Kit/_Prefabs/Furniture/Bathroom/Toilet_Apt_01.prefab
  artifactKey: Guid(10d4ee2e07ed6c043bcfb109fd37b49a) Importer(2089858483,0ecaa5967403d082aa24f35e1b516d23)
Start importing Assets/Brick Project Studio/Apartment Kit/_Prefabs/Furniture/Bathroom/Toilet_Apt_01.prefab using Guid(10d4ee2e07ed6c043bcfb109fd37b49a) Importer(2089858483,0ecaa5967403d082aa24f35e1b516d23) Generated GUIDs only implemented for interfaces!
 -> (artifact id: '3e7b49bc25b5396aba666b96e742e425') in 0.020876 seconds
Number of updated asset objects reloaded before import = 0
Number of asset objects unloaded after import = 18
========================================================================
Received Import Request.
  Time since last request: 0.000016 seconds.
  path: Assets/Brick Project Studio/Apartment Kit/_Prefabs/Furniture/Bedroom/Bed_Apt_01_02.prefab
  artifactKey: Guid(8af73887c9cd7fa47a2f642969b20378) Importer(2089858483,0ecaa5967403d082aa24f35e1b516d23)
Start importing Assets/Brick Project Studio/Apartment Kit/_Prefabs/Furniture/Bedroom/Bed_Apt_01_02.prefab using Guid(8af73887c9cd7fa47a2f642969b20378) Importer(2089858483,0ecaa5967403d082aa24f35e1b516d23) Generated GUIDs only implemented for interfaces!
 -> (artifact id: '198edb5e8427dbec4f2ea0d69ee1d54f') in 0.021540 seconds
Number of updated asset objects reloaded before import = 0
Number of asset objects unloaded after import = 26
========================================================================
Received Import Request.
  Time since last request: 0.000016 seconds.
  path: Assets/Brick Project Studio/Apartment Kit/_Prefabs/Furniture/Bedroom/Dresser Closet_01.prefab
  artifactKey: Guid(7769b6e68c1a90a458fec4955db6b2fd) Importer(2089858483,0ecaa5967403d082aa24f35e1b516d23)
Start importing Assets/Brick Project Studio/Apartment Kit/_Prefabs/Furniture/Bedroom/Dresser Closet_01.prefab using Guid(7769b6e68c1a90a458fec4955db6b2fd) Importer(2089858483,0ecaa5967403d082aa24f35e1b516d23) Generated GUIDs only implemented for interfaces!
 -> (artifact id: '3fa536f12ae1380945addcac9d130695') in 0.022885 seconds
Number of updated asset objects reloaded before import = 0
Number of asset objects unloaded after import = 53
========================================================================
Received Import Request.
  Time since last request: 0.000018 seconds.
  path: Assets/Brick Project Studio/Apartment Kit/_Prefabs/Furniture/Bathroom/Hamper_01.prefab
  artifactKey: Guid(811e6e74b6e3af9468ee8cf92013ce83) Importer(2089858483,0ecaa5967403d082aa24f35e1b516d23)
Start importing Assets/Brick Project Studio/Apartment Kit/_Prefabs/Furniture/Bathroom/Hamper_01.prefab using Guid(811e6e74b6e3af9468ee8cf92013ce83) Importer(2089858483,0ecaa5967403d082aa24f35e1b516d23) Generated GUIDs only implemented for interfaces!
 -> (artifact id: 'e33dc4f6ef2c9217b7275399efffcf44') in 0.018396 seconds
Number of updated asset objects reloaded before import = 0
Number of asset objects unloaded after import = 16
========================================================================
Received Import Request.
  Time since last request: 0.000020 seconds.
  path: Assets/Brick Project Studio/Apartment Kit/_Prefabs/Furniture/Living Room/WallShelf_Apt_01.prefab
  artifactKey: Guid(3f867dd7956e96f4a90edce652fc7512) Importer(2089858483,0ecaa5967403d082aa24f35e1b516d23)
Start importing Assets/Brick Project Studio/Apartment Kit/_Prefabs/Furniture/Living Room/WallShelf_Apt_01.prefab using Guid(3f867dd7956e96f4a90edce652fc7512) Importer(2089858483,0ecaa5967403d082aa24f35e1b516d23) Generated GUIDs only implemented for interfaces!
 -> (artifact id: '8739b3c12afc93f4433fceae08832a79') in 0.019341 seconds
Number of updated asset objects reloaded before import = 0
Number of asset objects unloaded after import = 8
========================================================================
Received Import Request.
  Time since last request: 0.000019 seconds.
  path: Assets/Brick Project Studio/Apartment Kit/Common/Textures/Interior Exterior/Int_Apt_01_H.png
  artifactKey: Guid(d891eeff6af0d2f41acb05df08dcaaa9) Importer(2089858483,0ecaa5967403d082aa24f35e1b516d23)
Start importing Assets/Brick Project Studio/Apartment Kit/Common/Textures/Interior Exterior/Int_Apt_01_H.png using Guid(d891eeff6af0d2f41acb05df08dcaaa9) Importer(2089858483,0ecaa5967403d082aa24f35e1b516d23) Generated GUIDs only implemented for interfaces!
 -> (artifact id: '079b20638c5779750229fae37362ac9d') in 0.046001 seconds
Number of updated asset objects reloaded before import = 0
Number of asset objects unloaded after import = 1
========================================================================
Received Import Request.
  Time since last request: 0.000050 seconds.
  path: Assets/Brick Project Studio/Apartment Kit/Common/Textures/Misc/Pattern_01.png
  artifactKey: Guid(0d6cfc418fff3894fb0ca518f5d50b98) Importer(2089858483,0ecaa5967403d082aa24f35e1b516d23)
Start importing Assets/Brick Project Studio/Apartment Kit/Common/Textures/Misc/Pattern_01.png using Guid(0d6cfc418fff3894fb0ca518f5d50b98) Importer(2089858483,0ecaa5967403d082aa24f35e1b516d23) Generated GUIDs only implemented for interfaces!
 -> (artifact id: '0ce65ca76d0cce1f9ce61121136d38ce') in 0.037041 seconds
Number of updated asset objects reloaded before import = 0
Number of asset objects unloaded after import = 1
========================================================================
Received Import Request.
  Time since last request: 0.000041 seconds.
  path: Assets/Brick Project Studio/Apartment Kit/Common/Textures/Surface/Marble_Dark_01_M.png
  artifactKey: Guid(0db03cdc963c4aa40ac6eb1f42684935) Importer(2089858483,0ecaa5967403d082aa24f35e1b516d23)
Start importing Assets/Brick Project Studio/Apartment Kit/Common/Textures/Surface/Marble_Dark_01_M.png using Guid(0db03cdc963c4aa40ac6eb1f42684935) Importer(2089858483,0ecaa5967403d082aa24f35e1b516d23) Generated GUIDs only implemented for interfaces!
 -> (artifact id: '893286a15eef98b054c9a61a0b59242d') in 0.039062 seconds
Number of updated asset objects reloaded before import = 0
Number of asset objects unloaded after import = 1
========================================================================
Received Import Request.
  Time since last request: 0.000093 seconds.
  path: Assets/Brick Project Studio/Apartment Kit/Common/Textures/Surface/Plastic_H.png
  artifactKey: Guid(79ef3e688a809c344a2810096ad448bd) Importer(2089858483,0ecaa5967403d082aa24f35e1b516d23)
Start importing Assets/Brick Project Studio/Apartment Kit/Common/Textures/Surface/Plastic_H.png using Guid(79ef3e688a809c344a2810096ad448bd) Importer(2089858483,0ecaa5967403d082aa24f35e1b516d23) Generated GUIDs only implemented for interfaces!
 -> (artifact id: '2dc3abfe7983e30e8317f7e426305a9b') in 0.041299 seconds
Number of updated asset objects reloaded before import = 0
Number of asset objects unloaded after import = 1
========================================================================
Received Import Request.
  Time since last request: 0.000016 seconds.
  path: Assets/Brick Project Studio/Apartment Kit/Common/Textures/Surface/White Wood_normal.png
  artifactKey: Guid(aa20464592754c2418b9144bff0d1ff6) Importer(2089858483,0ecaa5967403d082aa24f35e1b516d23)
Start importing Assets/Brick Project Studio/Apartment Kit/Common/Textures/Surface/White Wood_normal.png using Guid(aa20464592754c2418b9144bff0d1ff6) Importer(2089858483,0ecaa5967403d082aa24f35e1b516d23) Generated GUIDs only implemented for interfaces!
 -> (artifact id: 'b02b7d7f43c2727aea569ea2b0354f76') in 0.042143 seconds
Number of updated asset objects reloaded before import = 0
Number of asset objects unloaded after import = 1
========================================================================
Received Import Request.
  Time since last request: 0.000032 seconds.
  path: Assets/Brick Project Studio/Apartment Kit/Common/Materials/Surface/Glass Wine Bottle 05.mat
  artifactKey: Guid(faedf01a9e7977749a7798016f508081) Importer(2089858483,0ecaa5967403d082aa24f35e1b516d23)
Start importing Assets/Brick Project Studio/Apartment Kit/Common/Materials/Surface/Glass Wine Bottle 05.mat using Guid(faedf01a9e7977749a7798016f508081) Importer(2089858483,0ecaa5967403d082aa24f35e1b516d23) Generated GUIDs only implemented for interfaces!
 -> (artifact id: 'ae3ef4309a1c2b2d5dd77ad493a548af') in 0.017435 seconds
Number of updated asset objects reloaded before import = 0
Number of asset objects unloaded after import = 1
========================================================================
Received Import Request.
  Time since last request: 0.000056 seconds.
  path: Assets/Brick Project Studio/Apartment Kit/_Prefabs/Props/Art/Canvas_Nat_05.prefab
  artifactKey: Guid(4f13e2e193b7411478434edd7b149917) Importer(2089858483,0ecaa5967403d082aa24f35e1b516d23)
Start importing Assets/Brick Project Studio/Apartment Kit/_Prefabs/Props/Art/Canvas_Nat_05.prefab using Guid(4f13e2e193b7411478434edd7b149917) Importer(2089858483,0ecaa5967403d082aa24f35e1b516d23) Generated GUIDs only implemented for interfaces!
 -> (artifact id: 'bdaa77fc802db0437a61d7327faf345f') in 0.018335 seconds
Number of updated asset objects reloaded before import = 0
Number of asset objects unloaded after import = 8
========================================================================
Received Import Request.
  Time since last request: 0.000022 seconds.
  path: Assets/Brick Project Studio/Apartment Kit/_Prefabs/Apt Build Kit/Interiors/Apartment_Kit.prefab
  artifactKey: Guid(9f5cf41eb9d32ea47906bc22c07fc533) Importer(2089858483,0ecaa5967403d082aa24f35e1b516d23)
Start importing Assets/Brick Project Studio/Apartment Kit/_Prefabs/Apt Build Kit/Interiors/Apartment_Kit.prefab using Guid(9f5cf41eb9d32ea47906bc22c07fc533) Importer(2089858483,0ecaa5967403d082aa24f35e1b516d23) Generated GUIDs only implemented for interfaces!
 -> (artifact id: '53d05b46564a0028523daea72c3acd99') in 0.026634 seconds
Number of updated asset objects reloaded before import = 0
Number of asset objects unloaded after import = 192
========================================================================
Received Import Request.
  Time since last request: 0.000025 seconds.
  path: Assets/Brick Project Studio/Apartment Kit/_Prefabs/Props/Art/Canvas_Nat_06.prefab
  artifactKey: Guid(0bb0235386000d5498a4c894bd92c757) Importer(2089858483,0ecaa5967403d082aa24f35e1b516d23)
Start importing Assets/Brick Project Studio/Apartment Kit/_Prefabs/Props/Art/Canvas_Nat_06.prefab using Guid(0bb0235386000d5498a4c894bd92c757) Importer(2089858483,0ecaa5967403d082aa24f35e1b516d23) Generated GUIDs only implemented for interfaces!
 -> (artifact id: '789775728d0c2cf8621e50627ca104a8') in 0.018452 seconds
Number of updated asset objects reloaded before import = 0
Number of asset objects unloaded after import = 8
========================================================================
Received Import Request.
  Time since last request: 0.000027 seconds.
  path: Assets/Brick Project Studio/Apartment Kit/_Prefabs/Furniture/Wine Cabinet/BarCabinet_Apt_02_Tower.prefab
  artifactKey: Guid(50f7395fbbcbfff47b55a68bd9ca5773) Importer(2089858483,0ecaa5967403d082aa24f35e1b516d23)
Start importing Assets/Brick Project Studio/Apartment Kit/_Prefabs/Furniture/Wine Cabinet/BarCabinet_Apt_02_Tower.prefab using Guid(50f7395fbbcbfff47b55a68bd9ca5773) Importer(2089858483,0ecaa5967403d082aa24f35e1b516d23) Generated GUIDs only implemented for interfaces!
 -> (artifact id: '98217d8fcbddd0b3117e05089b89ce02') in 0.018112 seconds
Number of updated asset objects reloaded before import = 0
Number of asset objects unloaded after import = 46
========================================================================
Received Import Request.
  Time since last request: 0.000021 seconds.
  path: Assets/Brick Project Studio/Apartment Kit/_Prefabs/Props/Art/Canvas_Nat_08.prefab
  artifactKey: Guid(81681dbb7b5c6134ba68a4e523911dc4) Importer(2089858483,0ecaa5967403d082aa24f35e1b516d23)
Start importing Assets/Brick Project Studio/Apartment Kit/_Prefabs/Props/Art/Canvas_Nat_08.prefab using Guid(81681dbb7b5c6134ba68a4e523911dc4) Importer(2089858483,0ecaa5967403d082aa24f35e1b516d23) Generated GUIDs only implemented for interfaces!
 -> (artifact id: '09bca522e20aa6ece573f484249cb250') in 0.017413 seconds
Number of updated asset objects reloaded before import = 0
Number of asset objects unloaded after import = 8
========================================================================
Received Import Request.
  Time since last request: 0.000017 seconds.
  path: Assets/Brick Project Studio/Apartment Kit/_Prefabs/Furniture/Wine Cabinet/BarCabinet_Apt_04.prefab
  artifactKey: Guid(aa765da573f752d409b64961b914353f) Importer(2089858483,0ecaa5967403d082aa24f35e1b516d23)
Start importing Assets/Brick Project Studio/Apartment Kit/_Prefabs/Furniture/Wine Cabinet/BarCabinet_Apt_04.prefab using Guid(aa765da573f752d409b64961b914353f) Importer(2089858483,0ecaa5967403d082aa24f35e1b516d23) Generated GUIDs only implemented for interfaces!
 -> (artifact id: '3b7a8aac3629c37a55c2f0259f7e516d') in 0.019125 seconds
Number of updated asset objects reloaded before import = 0
Number of asset objects unloaded after import = 108
========================================================================
Received Import Request.
  Time since last request: 0.000041 seconds.
  path: Assets/Brick Project Studio/Apartment Kit/_Prefabs/Props/Art/Wall Wine Rack_Apt_01_Filled Variant.prefab
  artifactKey: Guid(57c88468704ae69488156b563516783f) Importer(2089858483,0ecaa5967403d082aa24f35e1b516d23)
Start importing Assets/Brick Project Studio/Apartment Kit/_Prefabs/Props/Art/Wall Wine Rack_Apt_01_Filled Variant.prefab using Guid(57c88468704ae69488156b563516783f) Importer(2089858483,0ecaa5967403d082aa24f35e1b516d23) Generated GUIDs only implemented for interfaces!
 -> (artifact id: '793ab5921a7b630de87d9aea16fdeab5') in 0.023432 seconds
Number of updated asset objects reloaded before import = 0
Number of asset objects unloaded after import = 129
========================================================================
Received Import Request.
  Time since last request: 0.000016 seconds.
  path: Assets/Brick Project Studio/Apartment Kit/_Prefabs/Furniture/Wine Cabinet/BarCabinet_Apt_03.prefab
  artifactKey: Guid(f193bec3a0b87ca45a9dc2e7af25e968) Importer(2089858483,0ecaa5967403d082aa24f35e1b516d23)
Start importing Assets/Brick Project Studio/Apartment Kit/_Prefabs/Furniture/Wine Cabinet/BarCabinet_Apt_03.prefab using Guid(f193bec3a0b87ca45a9dc2e7af25e968) Importer(2089858483,0ecaa5967403d082aa24f35e1b516d23) Generated GUIDs only implemented for interfaces!
 -> (artifact id: '88635fbc810d227307995126892f65ab') in 0.023626 seconds
Number of updated asset objects reloaded before import = 0
Number of asset objects unloaded after import = 76
========================================================================
Received Import Request.
  Time since last request: 0.000017 seconds.
  path: Assets/Brick Project Studio/Apartment Kit/_Prefabs/Props/Bathroom/Shower_Faucet_01.prefab
  artifactKey: Guid(642a2cb4532c08a4db221317e2019f62) Importer(2089858483,0ecaa5967403d082aa24f35e1b516d23)
Start importing Assets/Brick Project Studio/Apartment Kit/_Prefabs/Props/Bathroom/Shower_Faucet_01.prefab using Guid(642a2cb4532c08a4db221317e2019f62) Importer(2089858483,0ecaa5967403d082aa24f35e1b516d23) Generated GUIDs only implemented for interfaces!
 -> (artifact id: '49aebb340f38d015cd5854733514c6f2') in 0.017589 seconds
Number of updated asset objects reloaded before import = 0
Number of asset objects unloaded after import = 8
========================================================================
Received Import Request.
  Time since last request: 0.000024 seconds.
  path: Assets/Brick Project Studio/Apartment Kit/_Prefabs/Furniture/Wine Cabinet/BarCabinet_Apt_02_Filled.prefab
  artifactKey: Guid(d17c15e72c29a9f49879ff3b971bd44c) Importer(2089858483,0ecaa5967403d082aa24f35e1b516d23)
Start importing Assets/Brick Project Studio/Apartment Kit/_Prefabs/Furniture/Wine Cabinet/BarCabinet_Apt_02_Filled.prefab using Guid(d17c15e72c29a9f49879ff3b971bd44c) Importer(2089858483,0ecaa5967403d082aa24f35e1b516d23) Generated GUIDs only implemented for interfaces!
 -> (artifact id: 'e73213007aac9bb3f5d7ab505b90eedc') in 0.030643 seconds
Number of updated asset objects reloaded before import = 0
Number of asset objects unloaded after import = 833
========================================================================
Received Import Request.
  Time since last request: 0.000023 seconds.
  path: Assets/Brick Project Studio/Apartment Kit/_Prefabs/Props/Art/Canvas_Nat_04.prefab
  artifactKey: Guid(75b51d9bb1b7e4d4b89e8edc75336c34) Importer(2089858483,0ecaa5967403d082aa24f35e1b516d23)
Start importing Assets/Brick Project Studio/Apartment Kit/_Prefabs/Props/Art/Canvas_Nat_04.prefab using Guid(75b51d9bb1b7e4d4b89e8edc75336c34) Importer(2089858483,0ecaa5967403d082aa24f35e1b516d23) Generated GUIDs only implemented for interfaces!
 -> (artifact id: '275e05bd2fce12ca8b4e52e93d0d4bad') in 0.018775 seconds
Number of updated asset objects reloaded before import = 0
Number of asset objects unloaded after import = 8
========================================================================
Received Import Request.
  Time since last request: 0.000022 seconds.
  path: Assets/Brick Project Studio/Apartment Kit/_Prefabs/Props/Art/WallArt_Apt_01.prefab
  artifactKey: Guid(6ab6af969cb643e44b67269676f36669) Importer(2089858483,0ecaa5967403d082aa24f35e1b516d23)
Start importing Assets/Brick Project Studio/Apartment Kit/_Prefabs/Props/Art/WallArt_Apt_01.prefab using Guid(6ab6af969cb643e44b67269676f36669) Importer(2089858483,0ecaa5967403d082aa24f35e1b516d23) Generated GUIDs only implemented for interfaces!
 -> (artifact id: 'ba38e2b32e18749479cd418a691bdfe9') in 0.016321 seconds
Number of updated asset objects reloaded before import = 0
Number of asset objects unloaded after import = 17
========================================================================
Received Import Request.
  Time since last request: 0.000016 seconds.
  path: Assets/Brick Project Studio/Apartment Kit/_Prefabs/Props/Art/Canvas_Nat_02.prefab
  artifactKey: Guid(4d476d9fee396a74db28e7095af9245d) Importer(2089858483,0ecaa5967403d082aa24f35e1b516d23)
Start importing Assets/Brick Project Studio/Apartment Kit/_Prefabs/Props/Art/Canvas_Nat_02.prefab using Guid(4d476d9fee396a74db28e7095af9245d) Importer(2089858483,0ecaa5967403d082aa24f35e1b516d23) Generated GUIDs only implemented for interfaces!
 -> (artifact id: '0a41c20e664ce3d0566e8e676a3b2785') in 0.019823 seconds
Number of updated asset objects reloaded before import = 0
Number of asset objects unloaded after import = 8
========================================================================
Received Import Request.
  Time since last request: 0.000025 seconds.
  path: Assets/Brick Project Studio/Apartment Kit/_Prefabs/Props/Art/WallArt_Apt_04.prefab
  artifactKey: Guid(2804d1473f02dbe46804e506168c85ec) Importer(2089858483,0ecaa5967403d082aa24f35e1b516d23)
Start importing Assets/Brick Project Studio/Apartment Kit/_Prefabs/Props/Art/WallArt_Apt_04.prefab using Guid(2804d1473f02dbe46804e506168c85ec) Importer(2089858483,0ecaa5967403d082aa24f35e1b516d23) Generated GUIDs only implemented for interfaces!
 -> (artifact id: 'b599d77cd867e4abfa3c6996803a3c65') in 0.017261 seconds
Number of updated asset objects reloaded before import = 0
Number of asset objects unloaded after import = 17
========================================================================
Received Import Request.
  Time since last request: 0.000031 seconds.
  path: Assets/Brick Project Studio/Apartment Kit/_Prefabs/Props/Art/Rug_Apt_02.prefab
  artifactKey: Guid(c8efa0ebb83f8f9498202481854c76a5) Importer(2089858483,0ecaa5967403d082aa24f35e1b516d23)
Start importing Assets/Brick Project Studio/Apartment Kit/_Prefabs/Props/Art/Rug_Apt_02.prefab using Guid(c8efa0ebb83f8f9498202481854c76a5) Importer(2089858483,0ecaa5967403d082aa24f35e1b516d23) Generated GUIDs only implemented for interfaces!
 -> (artifact id: '3a8dff00737592a04a4ddbc2ea02d027') in 0.018006 seconds
Number of updated asset objects reloaded before import = 0
Number of asset objects unloaded after import = 7
========================================================================
Received Import Request.
  Time since last request: 0.000017 seconds.
  path: Assets/Brick Project Studio/Apartment Kit/_Prefabs/Furniture/Wine Cabinet/BarCabinet_Apt_02_Base.prefab
  artifactKey: Guid(929be27b7388507448e23941feba1828) Importer(2089858483,0ecaa5967403d082aa24f35e1b516d23)
Start importing Assets/Brick Project Studio/Apartment Kit/_Prefabs/Furniture/Wine Cabinet/BarCabinet_Apt_02_Base.prefab using Guid(929be27b7388507448e23941feba1828) Importer(2089858483,0ecaa5967403d082aa24f35e1b516d23) Generated GUIDs only implemented for interfaces!
 -> (artifact id: '9b5b9e7cf368afc93c718794c15d8c53') in 0.017117 seconds
Number of updated asset objects reloaded before import = 0
Number of asset objects unloaded after import = 34
========================================================================
Received Import Request.
  Time since last request: 0.000018 seconds.
  path: Assets/Brick Project Studio/Apartment Kit/_Prefabs/Props/Art/Wall Wine Rack_Apt_01.prefab
  artifactKey: Guid(79b944a6d385a6444a7932d0dd93d9ce) Importer(2089858483,0ecaa5967403d082aa24f35e1b516d23)
Start importing Assets/Brick Project Studio/Apartment Kit/_Prefabs/Props/Art/Wall Wine Rack_Apt_01.prefab using Guid(79b944a6d385a6444a7932d0dd93d9ce) Importer(2089858483,0ecaa5967403d082aa24f35e1b516d23) Generated GUIDs only implemented for interfaces!
 -> (artifact id: 'd51203e793eb0523b1c60798fb6edc4d') in 0.020098 seconds
Number of updated asset objects reloaded before import = 0
Number of asset objects unloaded after import = 18
========================================================================
Received Import Request.
  Time since last request: 0.000020 seconds.
  path: Assets/Brick Project Studio/Apartment Kit/Common/Textures/Surface/Burlap_01_N.png
  artifactKey: Guid(b13557c917cf5be438e42271983d16fc) Importer(2089858483,0ecaa5967403d082aa24f35e1b516d23)
Start importing Assets/Brick Project Studio/Apartment Kit/Common/Textures/Surface/Burlap_01_N.png using Guid(b13557c917cf5be438e42271983d16fc) Importer(2089858483,0ecaa5967403d082aa24f35e1b516d23) Generated GUIDs only implemented for interfaces!
 -> (artifact id: '39f8e552b08e5592f88741b3a04b29ba') in 0.050189 seconds
Number of updated asset objects reloaded before import = 0
Number of asset objects unloaded after import = 1
========================================================================
Received Import Request.
  Time since last request: 0.000070 seconds.
  path: Assets/Brick Project Studio/_BPS Basic Assets/Common/Models/BPS_Table.fbx
  artifactKey: Guid(67171e1fd1d009c43b75a962fa5556a5) Importer(2089858483,0ecaa5967403d082aa24f35e1b516d23)
Start importing Assets/Brick Project Studio/_BPS Basic Assets/Common/Models/BPS_Table.fbx using Guid(67171e1fd1d009c43b75a962fa5556a5) Importer(2089858483,0ecaa5967403d082aa24f35e1b516d23) Generated GUIDs only implemented for interfaces!
 -> (artifact id: 'a03131fca86f78a8cc53a985125db53a') in 0.027377 seconds
Number of updated asset objects reloaded before import = 0
Number of asset objects unloaded after import = 7
========================================================================
Received Import Request.
  Time since last request: 0.000016 seconds.
  path: Assets/Brick Project Studio/Apartment Kit/Common/Textures/Surface/CastIron_H.png
  artifactKey: Guid(f3243849f3d44224597bc618e578d293) Importer(2089858483,0ecaa5967403d082aa24f35e1b516d23)
Start importing Assets/Brick Project Studio/Apartment Kit/Common/Textures/Surface/CastIron_H.png using Guid(f3243849f3d44224597bc618e578d293) Importer(2089858483,0ecaa5967403d082aa24f35e1b516d23) Generated GUIDs only implemented for interfaces!
 -> (artifact id: '70e43be924a648c8c900363d0eceafd1') in 0.039487 seconds
Number of updated asset objects reloaded before import = 0
Number of asset objects unloaded after import = 1
========================================================================
Received Import Request.
  Time since last request: 0.000014 seconds.
  path: Assets/Brick Project Studio/Apartment Kit/Common/Scripts & Animation/TableFlip/Lup.anim
  artifactKey: Guid(b6e07fe1ec87b3e45a099812a5828e1f) Importer(2089858483,0ecaa5967403d082aa24f35e1b516d23)
Start importing Assets/Brick Project Studio/Apartment Kit/Common/Scripts & Animation/TableFlip/Lup.anim using Guid(b6e07fe1ec87b3e45a099812a5828e1f) Importer(2089858483,0ecaa5967403d082aa24f35e1b516d23) Generated GUIDs only implemented for interfaces!
 -> (artifact id: 'a8e447b5112ab5f9e88c46914e0079d8') in 0.016959 seconds
Number of updated asset objects reloaded before import = 0
Number of asset objects unloaded after import = 1
========================================================================
Received Import Request.
  Time since last request: 0.000020 seconds.
  path: Assets/Brick Project Studio/Apartment Kit/_Prefabs/Props/Kitchen/Plate_Apt_01_Stacked.prefab
  artifactKey: Guid(ab931d06f54192f45ae5f39db40c6e7b) Importer(2089858483,0ecaa5967403d082aa24f35e1b516d23)
Start importing Assets/Brick Project Studio/Apartment Kit/_Prefabs/Props/Kitchen/Plate_Apt_01_Stacked.prefab using Guid(ab931d06f54192f45ae5f39db40c6e7b) Importer(2089858483,0ecaa5967403d082aa24f35e1b516d23) Generated GUIDs only implemented for interfaces!
 -> (artifact id: '2e256ed56d66e79e427c456bc0cbc5bc') in 0.020620 seconds
Number of updated asset objects reloaded before import = 0
Number of asset objects unloaded after import = 8
========================================================================
Received Import Request.
  Time since last request: 0.000018 seconds.
  path: Assets/Brick Project Studio/Apartment Kit/_Prefabs/Props/Bathroom/ToothbrushCup_Filled.prefab
  artifactKey: Guid(65acb63846e2c9a429906aa8e2ecdd54) Importer(2089858483,0ecaa5967403d082aa24f35e1b516d23)
Start importing Assets/Brick Project Studio/Apartment Kit/_Prefabs/Props/Bathroom/ToothbrushCup_Filled.prefab using Guid(65acb63846e2c9a429906aa8e2ecdd54) Importer(2089858483,0ecaa5967403d082aa24f35e1b516d23) Generated GUIDs only implemented for interfaces!
 -> (artifact id: '98c21679fbfee0c37d4fe87adfd7ffb0') in 0.021907 seconds
Number of updated asset objects reloaded before import = 0
Number of asset objects unloaded after import = 23
========================================================================
Received Import Request.
  Time since last request: 0.000029 seconds.
  path: Assets/Brick Project Studio/Apartment Kit/_Prefabs/Props/Electronics/Speaker Sub.prefab
  artifactKey: Guid(484da822e5bb83b4281e1b99f942b4c1) Importer(2089858483,0ecaa5967403d082aa24f35e1b516d23)
Start importing Assets/Brick Project Studio/Apartment Kit/_Prefabs/Props/Electronics/Speaker Sub.prefab using Guid(484da822e5bb83b4281e1b99f942b4c1) Importer(2089858483,0ecaa5967403d082aa24f35e1b516d23) Generated GUIDs only implemented for interfaces!
 -> (artifact id: '877d898040e5d7eab9287bdc7fd9a68c') in 0.018881 seconds
Number of updated asset objects reloaded before import = 0
Number of asset objects unloaded after import = 8
========================================================================
Received Import Request.
  Time since last request: 0.000019 seconds.
  path: Assets/Brick Project Studio/Apartment Kit/_Prefabs/Props/Misc/Chess_Board_Base.prefab
  artifactKey: Guid(04530b01cfbd5f044a2cc04ba39e91df) Importer(2089858483,0ecaa5967403d082aa24f35e1b516d23)
Start importing Assets/Brick Project Studio/Apartment Kit/_Prefabs/Props/Misc/Chess_Board_Base.prefab using Guid(04530b01cfbd5f044a2cc04ba39e91df) Importer(2089858483,0ecaa5967403d082aa24f35e1b516d23) Generated GUIDs only implemented for interfaces!
 -> (artifact id: '5e09de24de2a95d68c50efdc88b97edf') in 0.021395 seconds
Number of updated asset objects reloaded before import = 0
Number of asset objects unloaded after import = 152
========================================================================
Received Import Request.
  Time since last request: 0.000021 seconds.
  path: Assets/Brick Project Studio/Apartment Kit/_Prefabs/Props/Kitchen/DrinkingGlass_01.prefab
  artifactKey: Guid(8dfa0d45cd834394f8c62eec3b88c8c4) Importer(2089858483,0ecaa5967403d082aa24f35e1b516d23)
Start importing Assets/Brick Project Studio/Apartment Kit/_Prefabs/Props/Kitchen/DrinkingGlass_01.prefab using Guid(8dfa0d45cd834394f8c62eec3b88c8c4) Importer(2089858483,0ecaa5967403d082aa24f35e1b516d23) Generated GUIDs only implemented for interfaces!
 -> (artifact id: '1f428ea28d380368cb27aecd9b1ccc88') in 0.017626 seconds
Number of updated asset objects reloaded before import = 0
Number of asset objects unloaded after import = 8
========================================================================
Received Import Request.
  Time since last request: 0.000021 seconds.
  path: Assets/Brick Project Studio/Apartment Kit/_Prefabs/Props/Electronics/KeyBoard_Apt_01.prefab
  artifactKey: Guid(cf41c3b90dc3ff44c8efe4be6ce3494c) Importer(2089858483,0ecaa5967403d082aa24f35e1b516d23)
Start importing Assets/Brick Project Studio/Apartment Kit/_Prefabs/Props/Electronics/KeyBoard_Apt_01.prefab using Guid(cf41c3b90dc3ff44c8efe4be6ce3494c) Importer(2089858483,0ecaa5967403d082aa24f35e1b516d23) Generated GUIDs only implemented for interfaces!
 -> (artifact id: '0ead92a752ed87cb44364bcec50e07d8') in 0.023334 seconds
Number of updated asset objects reloaded before import = 0
Number of asset objects unloaded after import = 8
========================================================================
Received Import Request.
  Time since last request: 0.000017 seconds.
  path: Assets/Brick Project Studio/Apartment Kit/_Prefabs/Props/Lighting/Lamp_Wall_Apt_02.prefab
  artifactKey: Guid(ca794718ea2a2e4438e37724e4f6a6cc) Importer(2089858483,0ecaa5967403d082aa24f35e1b516d23)
Start importing Assets/Brick Project Studio/Apartment Kit/_Prefabs/Props/Lighting/Lamp_Wall_Apt_02.prefab using Guid(ca794718ea2a2e4438e37724e4f6a6cc) Importer(2089858483,0ecaa5967403d082aa24f35e1b516d23) Generated GUIDs only implemented for interfaces!
 -> (artifact id: 'dabc7ec4964b984a9f6da8ada912f489') in 0.023173 seconds
Number of updated asset objects reloaded before import = 0
Number of asset objects unloaded after import = 12
========================================================================
Received Import Request.
  Time since last request: 0.000022 seconds.
  path: Assets/Brick Project Studio/Apartment Kit/_Prefabs/Props/Bathroom/TowelRack_Apt_02.prefab
  artifactKey: Guid(dd22d3cb5edddc54fb43d88c8b0da7d5) Importer(2089858483,0ecaa5967403d082aa24f35e1b516d23)
Start importing Assets/Brick Project Studio/Apartment Kit/_Prefabs/Props/Bathroom/TowelRack_Apt_02.prefab using Guid(dd22d3cb5edddc54fb43d88c8b0da7d5) Importer(2089858483,0ecaa5967403d082aa24f35e1b516d23) Generated GUIDs only implemented for interfaces!
 -> (artifact id: '3654bb834476500ec26fd7a0d4ddc15e') in 0.021179 seconds
Number of updated asset objects reloaded before import = 0
Number of asset objects unloaded after import = 20
========================================================================
Received Import Request.
  Time since last request: 0.000017 seconds.
  path: Assets/Brick Project Studio/Apartment Kit/_Prefabs/Props/Kitchen/DrinkingGlass_02.prefab
  artifactKey: Guid(12df49c36886f4d468acfee364eedc4c) Importer(2089858483,0ecaa5967403d082aa24f35e1b516d23)
Start importing Assets/Brick Project Studio/Apartment Kit/_Prefabs/Props/Kitchen/DrinkingGlass_02.prefab using Guid(12df49c36886f4d468acfee364eedc4c) Importer(2089858483,0ecaa5967403d082aa24f35e1b516d23) Generated GUIDs only implemented for interfaces!
 -> (artifact id: '441a3236df0d214df62df9a07d5df198') in 0.021329 seconds
Number of updated asset objects reloaded before import = 0
Number of asset objects unloaded after import = 8
========================================================================
Received Import Request.
  Time since last request: 0.000020 seconds.
  path: Assets/Brick Project Studio/Apartment Kit/_Prefabs/Props/Bathroom/ToothbrushCup.prefab
  artifactKey: Guid(e539e85f8e056d1468b40ad13ac5a551) Importer(2089858483,0ecaa5967403d082aa24f35e1b516d23)
Start importing Assets/Brick Project Studio/Apartment Kit/_Prefabs/Props/Bathroom/ToothbrushCup.prefab using Guid(e539e85f8e056d1468b40ad13ac5a551) Importer(2089858483,0ecaa5967403d082aa24f35e1b516d23) Generated GUIDs only implemented for interfaces!
 -> (artifact id: '0805a8e86316d6127d8793da05424ecf') in 0.024169 seconds
Number of updated asset objects reloaded before import = 0
Number of asset objects unloaded after import = 8
========================================================================
Received Import Request.
  Time since last request: 0.000025 seconds.
  path: Assets/Brick Project Studio/Apartment Kit/_Prefabs/Props/Lighting/Lamp_Wall_Apt_01.prefab
  artifactKey: Guid(422f7f767554b114a9a1f54038a5710b) Importer(2089858483,0ecaa5967403d082aa24f35e1b516d23)
Start importing Assets/Brick Project Studio/Apartment Kit/_Prefabs/Props/Lighting/Lamp_Wall_Apt_01.prefab using Guid(422f7f767554b114a9a1f54038a5710b) Importer(2089858483,0ecaa5967403d082aa24f35e1b516d23) Generated GUIDs only implemented for interfaces!
 -> (artifact id: '82823f4a4c5fc095b33c3460b8b7eb1c') in 0.023586 seconds
Number of updated asset objects reloaded before import = 0
Number of asset objects unloaded after import = 12
========================================================================
Received Import Request.
  Time since last request: 0.000025 seconds.
  path: Assets/Brick Project Studio/Apartment Kit/_Prefabs/Props/Misc/CandelSetting_apt_01.prefab
  artifactKey: Guid(e2fa05d22ec876745aec3dd263e3622f) Importer(2089858483,0ecaa5967403d082aa24f35e1b516d23)
Start importing Assets/Brick Project Studio/Apartment Kit/_Prefabs/Props/Misc/CandelSetting_apt_01.prefab using Guid(e2fa05d22ec876745aec3dd263e3622f) Importer(2089858483,0ecaa5967403d082aa24f35e1b516d23) Generated GUIDs only implemented for interfaces!
 -> (artifact id: 'cd7f7db33d590f52d1cfa7f0b9fea640') in 0.026160 seconds
Number of updated asset objects reloaded before import = 0
Number of asset objects unloaded after import = 74
========================================================================
Received Import Request.
  Time since last request: 0.000018 seconds.
  path: Assets/Brick Project Studio/Apartment Kit/_Prefabs/Props/Lighting/Lamp_Floor_Apt_03.prefab
  artifactKey: Guid(d386d629c043bd849840935643a668b9) Importer(2089858483,0ecaa5967403d082aa24f35e1b516d23)
Start importing Assets/Brick Project Studio/Apartment Kit/_Prefabs/Props/Lighting/Lamp_Floor_Apt_03.prefab using Guid(d386d629c043bd849840935643a668b9) Importer(2089858483,0ecaa5967403d082aa24f35e1b516d23) Generated GUIDs only implemented for interfaces!
 -> (artifact id: 'd6b4a56cf79bfe9bcc2f657ad17663c0') in 0.025876 seconds
Number of updated asset objects reloaded before import = 0
Number of asset objects unloaded after import = 28
========================================================================
Received Import Request.
  Time since last request: 0.000022 seconds.
  path: Assets/Brick Project Studio/Apartment Kit/_Prefabs/Props/Lighting/Lamp_Ceiling_Apt_02.prefab
  artifactKey: Guid(283fe20ffc8ff164080c612ba8cb7b86) Importer(2089858483,0ecaa5967403d082aa24f35e1b516d23)
Start importing Assets/Brick Project Studio/Apartment Kit/_Prefabs/Props/Lighting/Lamp_Ceiling_Apt_02.prefab using Guid(283fe20ffc8ff164080c612ba8cb7b86) Importer(2089858483,0ecaa5967403d082aa24f35e1b516d23) Generated GUIDs only implemented for interfaces!
 -> (artifact id: '408b7e1e97bde13e8dde2f363a3a5002') in 0.025184 seconds
Number of updated asset objects reloaded before import = 0
Number of asset objects unloaded after import = 13
========================================================================
Received Import Request.
  Time since last request: 0.000028 seconds.
  path: Assets/Brick Project Studio/Apartment Kit/_Prefabs/Props/Bathroom/Toothbrush_01.prefab
  artifactKey: Guid(4df090b3acce5624794706f81bcff9b5) Importer(2089858483,0ecaa5967403d082aa24f35e1b516d23)
Start importing Assets/Brick Project Studio/Apartment Kit/_Prefabs/Props/Bathroom/Toothbrush_01.prefab using Guid(4df090b3acce5624794706f81bcff9b5) Importer(2089858483,0ecaa5967403d082aa24f35e1b516d23) Generated GUIDs only implemented for interfaces!
 -> (artifact id: '6908ba32a04cc5c4b524e350fb54f48e') in 0.023344 seconds
Number of updated asset objects reloaded before import = 0
Number of asset objects unloaded after import = 8
========================================================================
Received Import Request.
  Time since last request: 0.000016 seconds.
  path: Assets/Brick Project Studio/Apartment Kit/_Prefabs/Props/Electronics/Mouse_apt_01.prefab
  artifactKey: Guid(77693aa9ab898634298b44790e14e5f3) Importer(2089858483,0ecaa5967403d082aa24f35e1b516d23)
Start importing Assets/Brick Project Studio/Apartment Kit/_Prefabs/Props/Electronics/Mouse_apt_01.prefab using Guid(77693aa9ab898634298b44790e14e5f3) Importer(2089858483,0ecaa5967403d082aa24f35e1b516d23) Generated GUIDs only implemented for interfaces!
 -> (artifact id: '89f1dd2c06f225cad752839c89b6a8ee') in 0.017012 seconds
Number of updated asset objects reloaded before import = 0
Number of asset objects unloaded after import = 8
========================================================================
Received Import Request.
  Time since last request: 0.000018 seconds.
  path: Assets/Brick Project Studio/Apartment Kit/_Prefabs/Props/Electronics/Computer_apt_01.prefab
  artifactKey: Guid(20fbfa03139c8c44185545f076543e47) Importer(2089858483,0ecaa5967403d082aa24f35e1b516d23)
Start importing Assets/Brick Project Studio/Apartment Kit/_Prefabs/Props/Electronics/Computer_apt_01.prefab using Guid(20fbfa03139c8c44185545f076543e47) Importer(2089858483,0ecaa5967403d082aa24f35e1b516d23) Generated GUIDs only implemented for interfaces!
 -> (artifact id: 'e00005cdc3a9821d07a39e98cebd3ad0') in 0.019013 seconds
Number of updated asset objects reloaded before import = 0
Number of asset objects unloaded after import = 8
========================================================================
Received Import Request.
  Time since last request: 0.000019 seconds.
  path: Assets/Brick Project Studio/Apartment Kit/_Prefabs/Props/Kitchen/CoffeeMaker_Apt_01.prefab
  artifactKey: Guid(46bf299537dbcae4cbccff6784223305) Importer(2089858483,0ecaa5967403d082aa24f35e1b516d23)
Start importing Assets/Brick Project Studio/Apartment Kit/_Prefabs/Props/Kitchen/CoffeeMaker_Apt_01.prefab using Guid(46bf299537dbcae4cbccff6784223305) Importer(2089858483,0ecaa5967403d082aa24f35e1b516d23) Generated GUIDs only implemented for interfaces!
 -> (artifact id: '5cd9cdc017c78a97e3cbf910c0d1e936') in 0.023139 seconds
Number of updated asset objects reloaded before import = 0
Number of asset objects unloaded after import = 38
========================================================================
Received Import Request.
  Time since last request: 0.000021 seconds.
  path: Assets/Brick Project Studio/Apartment Kit/_Prefabs/Props/Lighting/Lamp_Table_Apt_02.prefab
  artifactKey: Guid(142ac07ac204863418a6f3f9b0ac660c) Importer(2089858483,0ecaa5967403d082aa24f35e1b516d23)
Start importing Assets/Brick Project Studio/Apartment Kit/_Prefabs/Props/Lighting/Lamp_Table_Apt_02.prefab using Guid(142ac07ac204863418a6f3f9b0ac660c) Importer(2089858483,0ecaa5967403d082aa24f35e1b516d23) Generated GUIDs only implemented for interfaces!
 -> (artifact id: 'f4d0f04969fd6ed61126463948f4973d') in 0.024708 seconds
Number of updated asset objects reloaded before import = 0
Number of asset objects unloaded after import = 33
========================================================================
Received Import Request.
  Time since last request: 0.000015 seconds.
  path: Assets/Brick Project Studio/Apartment Kit/_Prefabs/Props/Electronics/SS_Stand_01.prefab
  artifactKey: Guid(70c062c3a7500e7479c9797b6190948e) Importer(2089858483,0ecaa5967403d082aa24f35e1b516d23)
Start importing Assets/Brick Project Studio/Apartment Kit/_Prefabs/Props/Electronics/SS_Stand_01.prefab using Guid(70c062c3a7500e7479c9797b6190948e) Importer(2089858483,0ecaa5967403d082aa24f35e1b516d23) Generated GUIDs only implemented for interfaces!
 -> (artifact id: 'ceaa8fa81ab179bc99769a46c463e013') in 0.016389 seconds
Number of updated asset objects reloaded before import = 0
Number of asset objects unloaded after import = 18
========================================================================
Received Import Request.
  Time since last request: 0.000019 seconds.
  path: Assets/Brick Project Studio/Apartment Kit/_Prefabs/Props/Electronics/GameConsole_Apt_01.prefab
  artifactKey: Guid(29e76f542ce050b4d8948ddead8c0c46) Importer(2089858483,0ecaa5967403d082aa24f35e1b516d23)
Start importing Assets/Brick Project Studio/Apartment Kit/_Prefabs/Props/Electronics/GameConsole_Apt_01.prefab using Guid(29e76f542ce050b4d8948ddead8c0c46) Importer(2089858483,0ecaa5967403d082aa24f35e1b516d23) Generated GUIDs only implemented for interfaces!
 -> (artifact id: '7c54d3290e822de6bb259514271fb745') in 0.022297 seconds
Number of updated asset objects reloaded before import = 0
Number of asset objects unloaded after import = 13
========================================================================
Received Import Request.
  Time since last request: 0.000013 seconds.
  path: Assets/Brick Project Studio/Apartment Kit/_Prefabs/Props/Lighting/Lamp_BR_01.prefab
  artifactKey: Guid(046ec50b8328aa54c96774a0cc973a01) Importer(2089858483,0ecaa5967403d082aa24f35e1b516d23)
Start importing Assets/Brick Project Studio/Apartment Kit/_Prefabs/Props/Lighting/Lamp_BR_01.prefab using Guid(046ec50b8328aa54c96774a0cc973a01) Importer(2089858483,0ecaa5967403d082aa24f35e1b516d23) Generated GUIDs only implemented for interfaces!
 -> (artifact id: 'e46c2f65ee1e7c932dcf22e8afa17ba0') in 0.022299 seconds
Number of updated asset objects reloaded before import = 0
Number of asset objects unloaded after import = 53
========================================================================
Received Import Request.
  Time since last request: 0.000017 seconds.
  path: Assets/Brick Project Studio/Apartment Kit/Common/Materials/Surface/Adler Light Wood.mat
  artifactKey: Guid(4e3472c094b8146469870886e7ccf1a0) Importer(2089858483,0ecaa5967403d082aa24f35e1b516d23)
Start importing Assets/Brick Project Studio/Apartment Kit/Common/Materials/Surface/Adler Light Wood.mat using Guid(4e3472c094b8146469870886e7ccf1a0) Importer(2089858483,0ecaa5967403d082aa24f35e1b516d23) Generated GUIDs only implemented for interfaces!
 -> (artifact id: '3ec3105c9924de5f09aab29ca8c185e3') in 0.032203 seconds
Number of updated asset objects reloaded before import = 0
Number of asset objects unloaded after import = 3
========================================================================
Received Import Request.
  Time since last request: 0.000019 seconds.
  path: Assets/Brick Project Studio/_BPS Basic Assets/Common/Materials/Basic Assets/BA_Glass_02.mat
  artifactKey: Guid(3bded00981e95504a8e47f996835ca9a) Importer(2089858483,0ecaa5967403d082aa24f35e1b516d23)
Start importing Assets/Brick Project Studio/_BPS Basic Assets/Common/Materials/Basic Assets/BA_Glass_02.mat using Guid(3bded00981e95504a8e47f996835ca9a) Importer(2089858483,0ecaa5967403d082aa24f35e1b516d23) Generated GUIDs only implemented for interfaces!
 -> (artifact id: 'c9f8f4a9acd83aeb8d31f62a635cd148') in 0.017881 seconds
Number of updated asset objects reloaded before import = 0
Number of asset objects unloaded after import = 1
========================================================================
Received Import Request.
  Time since last request: 0.000031 seconds.
  path: Assets/Brick Project Studio/Apartment Kit/_Prefabs/Props/Misc/WelcomeMat_01.prefab
  artifactKey: Guid(7ade998a75360c54ca6e55373981e604) Importer(2089858483,0ecaa5967403d082aa24f35e1b516d23)
Start importing Assets/Brick Project Studio/Apartment Kit/_Prefabs/Props/Misc/WelcomeMat_01.prefab using Guid(7ade998a75360c54ca6e55373981e604) Importer(2089858483,0ecaa5967403d082aa24f35e1b516d23) Generated GUIDs only implemented for interfaces!
 -> (artifact id: '5ec762c408a0ee890263b4f2bdafb434') in 0.019291 seconds
Number of updated asset objects reloaded before import = 0
Number of asset objects unloaded after import = 8
========================================================================
Received Import Request.
  Time since last request: 0.000018 seconds.
  path: Assets/Brick Project Studio/_BPS Basic Assets/Common/Materials/Basic Assets/BA_Color_Grey_01.mat
  artifactKey: Guid(70139dc62be58be4a91d1831e1f21e95) Importer(2089858483,0ecaa5967403d082aa24f35e1b516d23)
Start importing Assets/Brick Project Studio/_BPS Basic Assets/Common/Materials/Basic Assets/BA_Color_Grey_01.mat using Guid(70139dc62be58be4a91d1831e1f21e95) Importer(2089858483,0ecaa5967403d082aa24f35e1b516d23) Generated GUIDs only implemented for interfaces!
 -> (artifact id: 'd0986f6e8e53a6d59adcdb47d05ab32c') in 0.017810 seconds
Number of updated asset objects reloaded before import = 0
Number of asset objects unloaded after import = 1
========================================================================
Received Import Request.
  Time since last request: 0.000019 seconds.
  path: Assets/Brick Project Studio/Apartment Kit/_Prefabs/Props/Misc/Wall_Mirror_02.prefab
  artifactKey: Guid(646857c834326db489fedada3df0bbc5) Importer(2089858483,0ecaa5967403d082aa24f35e1b516d23)
Start importing Assets/Brick Project Studio/Apartment Kit/_Prefabs/Props/Misc/Wall_Mirror_02.prefab using Guid(646857c834326db489fedada3df0bbc5) Importer(2089858483,0ecaa5967403d082aa24f35e1b516d23) Generated GUIDs only implemented for interfaces!
 -> (artifact id: 'd75c19449f48516a100e08f6b9ef3280') in 0.024977 seconds
Number of updated asset objects reloaded before import = 0
Number of asset objects unloaded after import = 13
========================================================================
Received Import Request.
  Time since last request: 0.000021 seconds.
  path: Assets/Brick Project Studio/_BPS Basic Assets/Common/Materials/Basic Assets/BA_Knob and Key.mat
  artifactKey: Guid(50dd338fb2540fa4aa15639a529736ee) Importer(2089858483,0ecaa5967403d082aa24f35e1b516d23)
Start importing Assets/Brick Project Studio/_BPS Basic Assets/Common/Materials/Basic Assets/BA_Knob and Key.mat using Guid(50dd338fb2540fa4aa15639a529736ee) Importer(2089858483,0ecaa5967403d082aa24f35e1b516d23) Generated GUIDs only implemented for interfaces!
 -> (artifact id: 'fb622f5e3549f2b9bad57abcf958cb87') in 0.022140 seconds
Number of updated asset objects reloaded before import = 0
Number of asset objects unloaded after import = 2
========================================================================
Received Import Request.
  Time since last request: 0.000017 seconds.
  path: Assets/Brick Project Studio/Apartment Kit/_Prefabs/Props/Misc/MirrorPlate.prefab
  artifactKey: Guid(ba11bcdb94e8ac2498db51b197091c7a) Importer(2089858483,0ecaa5967403d082aa24f35e1b516d23)
Start importing Assets/Brick Project Studio/Apartment Kit/_Prefabs/Props/Misc/MirrorPlate.prefab using Guid(ba11bcdb94e8ac2498db51b197091c7a) Importer(2089858483,0ecaa5967403d082aa24f35e1b516d23) Generated GUIDs only implemented for interfaces!
 -> (artifact id: '72bcb7be68cd7a02550a57febd7e7b1a') in 0.024671 seconds
Number of updated asset objects reloaded before import = 0
Number of asset objects unloaded after import = 19
========================================================================
Received Import Request.
  Time since last request: 0.000016 seconds.
  path: Assets/Brick Project Studio/_BPS Basic Assets/Common/Materials/Basic Assets/BA_Plastic_01.mat
  artifactKey: Guid(255352a35d6d72c4e8ee50bc826f7495) Importer(2089858483,0ecaa5967403d082aa24f35e1b516d23)
Start importing Assets/Brick Project Studio/_BPS Basic Assets/Common/Materials/Basic Assets/BA_Plastic_01.mat using Guid(255352a35d6d72c4e8ee50bc826f7495) Importer(2089858483,0ecaa5967403d082aa24f35e1b516d23) Generated GUIDs only implemented for interfaces!
 -> (artifact id: '7f4985e60b0e045f4b3ac5befe29c316') in 0.023179 seconds
Number of updated asset objects reloaded before import = 0
Number of asset objects unloaded after import = 3
========================================================================
Received Import Request.
  Time since last request: 0.000017 seconds.
  path: Assets/Brick Project Studio/Apartment Kit/_Prefabs/Props/Sculptures/Sculpture_apt_01_04.prefab
  artifactKey: Guid(f00af83dfea20324d8081f143b53730c) Importer(2089858483,0ecaa5967403d082aa24f35e1b516d23)
Start importing Assets/Brick Project Studio/Apartment Kit/_Prefabs/Props/Sculptures/Sculpture_apt_01_04.prefab using Guid(f00af83dfea20324d8081f143b53730c) Importer(2089858483,0ecaa5967403d082aa24f35e1b516d23) Generated GUIDs only implemented for interfaces!
 -> (artifact id: 'e2a3283ac8386f4e7ef30a6487c90374') in 0.018208 seconds
Number of updated asset objects reloaded before import = 0
Number of asset objects unloaded after import = 13
========================================================================
Received Import Request.
  Time since last request: 0.000015 seconds.
  path: Assets/Brick Project Studio/Apartment Kit/_Prefabs/Props/Wine Liquor Beer and Glassware - Sample/wine thin glass White Wine.prefab
  artifactKey: Guid(1b428e366487244448eec04f14964eef) Importer(2089858483,0ecaa5967403d082aa24f35e1b516d23)
Start importing Assets/Brick Project Studio/Apartment Kit/_Prefabs/Props/Wine Liquor Beer and Glassware - Sample/wine thin glass White Wine.prefab using Guid(1b428e366487244448eec04f14964eef) Importer(2089858483,0ecaa5967403d082aa24f35e1b516d23) Generated GUIDs only implemented for interfaces!
 -> (artifact id: '87432828336ad4e3a9fd1806c53aa0e7') in 0.017697 seconds
Number of updated asset objects reloaded before import = 0
Number of asset objects unloaded after import = 13
========================================================================
Received Import Request.
  Time since last request: 0.000014 seconds.
  path: Assets/Brick Project Studio/Apartment Kit/_Prefabs/Props/Sculptures/Sculpture_apt_02_05.prefab
  artifactKey: Guid(40399f95a6f26064ebdd3b08052bb9fc) Importer(2089858483,0ecaa5967403d082aa24f35e1b516d23)
Start importing Assets/Brick Project Studio/Apartment Kit/_Prefabs/Props/Sculptures/Sculpture_apt_02_05.prefab using Guid(40399f95a6f26064ebdd3b08052bb9fc) Importer(2089858483,0ecaa5967403d082aa24f35e1b516d23) Generated GUIDs only implemented for interfaces!
 -> (artifact id: 'f3f45970b9b11c03c5fdd6e5d39fee8c') in 0.022675 seconds
Number of updated asset objects reloaded before import = 0
Number of asset objects unloaded after import = 8
========================================================================
Received Import Request.
  Time since last request: 0.000018 seconds.
  path: Assets/Brick Project Studio/_BPS Basic Assets/Common/Materials/Basic Assets/BA_Glass_03.mat
  artifactKey: Guid(266fb6016862b8b4ba1eec482c572c21) Importer(2089858483,0ecaa5967403d082aa24f35e1b516d23)
Start importing Assets/Brick Project Studio/_BPS Basic Assets/Common/Materials/Basic Assets/BA_Glass_03.mat using Guid(266fb6016862b8b4ba1eec482c572c21) Importer(2089858483,0ecaa5967403d082aa24f35e1b516d23) Generated GUIDs only implemented for interfaces!
 -> (artifact id: 'cea2a7349964e3764d41c03a309bf912') in 0.016747 seconds
Number of updated asset objects reloaded before import = 0
Number of asset objects unloaded after import = 1
========================================================================
Received Import Request.
  Time since last request: 0.000018 seconds.
  path: Assets/Brick Project Studio/_BPS Basic Assets/Common/Materials/Basic Assets/BA_Metal_Gold_01.mat
  artifactKey: Guid(e000cf84e00aa6f4aac76474f809a621) Importer(2089858483,0ecaa5967403d082aa24f35e1b516d23)
Start importing Assets/Brick Project Studio/_BPS Basic Assets/Common/Materials/Basic Assets/BA_Metal_Gold_01.mat using Guid(e000cf84e00aa6f4aac76474f809a621) Importer(2089858483,0ecaa5967403d082aa24f35e1b516d23) Generated GUIDs only implemented for interfaces!
 -> (artifact id: '775409c908f199e5d7365bc43a72b3dd') in 0.017390 seconds
Number of updated asset objects reloaded before import = 0
Number of asset objects unloaded after import = 2
========================================================================
Received Import Request.
  Time since last request: 0.000045 seconds.
  path: Assets/Brick Project Studio/_BPS Basic Assets/Common/Materials/Basic Assets/BA_Marble_01.mat
  artifactKey: Guid(cb77271ecd71cbd4599aa533ebf5cc1e) Importer(2089858483,0ecaa5967403d082aa24f35e1b516d23)
Start importing Assets/Brick Project Studio/_BPS Basic Assets/Common/Materials/Basic Assets/BA_Marble_01.mat using Guid(cb77271ecd71cbd4599aa533ebf5cc1e) Importer(2089858483,0ecaa5967403d082aa24f35e1b516d23) Generated GUIDs only implemented for interfaces!
 -> (artifact id: '80f107861ddbe53e2eaad38f7af31d6b') in 0.017910 seconds
Number of updated asset objects reloaded before import = 0
Number of asset objects unloaded after import = 2
========================================================================
Received Import Request.
  Time since last request: 0.000025 seconds.
  path: Assets/Brick Project Studio/_BPS Basic Assets/Common/Materials/Basic Assets/BA_Metal_Brushed_01.mat
  artifactKey: Guid(fe522d7b1289c4345b686fc29ee51adf) Importer(2089858483,0ecaa5967403d082aa24f35e1b516d23)
Start importing Assets/Brick Project Studio/_BPS Basic Assets/Common/Materials/Basic Assets/BA_Metal_Brushed_01.mat using Guid(fe522d7b1289c4345b686fc29ee51adf) Importer(2089858483,0ecaa5967403d082aa24f35e1b516d23) Generated GUIDs only implemented for interfaces!
 -> (artifact id: 'f0a1e0cb2296dd0fe1edeacbb504bc7b') in 0.027057 seconds
Number of updated asset objects reloaded before import = 0
Number of asset objects unloaded after import = 3
========================================================================
Received Import Request.
  Time since last request: 0.000021 seconds.
  path: Assets/Brick Project Studio/Apartment Kit/_Prefabs/Props/Misc/MirrorPlate_Filled Variant.prefab
  artifactKey: Guid(c0474be4602986b4f9e6342b6b0817e7) Importer(2089858483,0ecaa5967403d082aa24f35e1b516d23)
Start importing Assets/Brick Project Studio/Apartment Kit/_Prefabs/Props/Misc/MirrorPlate_Filled Variant.prefab using Guid(c0474be4602986b4f9e6342b6b0817e7) Importer(2089858483,0ecaa5967403d082aa24f35e1b516d23) Generated GUIDs only implemented for interfaces!
 -> (artifact id: 'e2ed52c960e28478b8f00b5c504162b4') in 0.027142 seconds
Number of updated asset objects reloaded before import = 0
Number of asset objects unloaded after import = 64
========================================================================
Received Import Request.
  Time since last request: 0.000023 seconds.
  path: Assets/Brick Project Studio/_BPS Basic Assets/Common/Materials/Basic Assets/BA_Porc.mat
  artifactKey: Guid(c4633b4bc8d4dbb41bc32118f1812b6e) Importer(2089858483,0ecaa5967403d082aa24f35e1b516d23)
Start importing Assets/Brick Project Studio/_BPS Basic Assets/Common/Materials/Basic Assets/BA_Porc.mat using Guid(c4633b4bc8d4dbb41bc32118f1812b6e) Importer(2089858483,0ecaa5967403d082aa24f35e1b516d23) Generated GUIDs only implemented for interfaces!
 -> (artifact id: 'ee8cd1f9b8b366c811d7322f200c26da') in 0.025017 seconds
Number of updated asset objects reloaded before import = 0
Number of asset objects unloaded after import = 1
========================================================================
Received Import Request.
  Time since last request: 0.000018 seconds.
  path: Assets/Brick Project Studio/_BPS Basic Assets/Common/Materials/Basic Assets/BA_Metal_Chrome_01.mat
  artifactKey: Guid(701dd7c589db913439e88caa8d11b7fb) Importer(2089858483,0ecaa5967403d082aa24f35e1b516d23)
Start importing Assets/Brick Project Studio/_BPS Basic Assets/Common/Materials/Basic Assets/BA_Metal_Chrome_01.mat using Guid(701dd7c589db913439e88caa8d11b7fb) Importer(2089858483,0ecaa5967403d082aa24f35e1b516d23) Generated GUIDs only implemented for interfaces!
 -> (artifact id: 'cc95a7f77fb951ced4bec5ed92ad9e8a') in 0.015819 seconds
Number of updated asset objects reloaded before import = 0
Number of asset objects unloaded after import = 2
========================================================================
Received Import Request.
  Time since last request: 0.000015 seconds.
  path: Assets/Brick Project Studio/_BPS Basic Assets/Common/Materials/Basic Assets/BA_Wood 03.mat
  artifactKey: Guid(a64c40f22fb83f041b7c584055b61c8f) Importer(2089858483,0ecaa5967403d082aa24f35e1b516d23)
Start importing Assets/Brick Project Studio/_BPS Basic Assets/Common/Materials/Basic Assets/BA_Wood 03.mat using Guid(a64c40f22fb83f041b7c584055b61c8f) Importer(2089858483,0ecaa5967403d082aa24f35e1b516d23) Generated GUIDs only implemented for interfaces!
 -> (artifact id: '7b25d55c7c12fe6f0b3010c915964acd') in 0.018182 seconds
Number of updated asset objects reloaded before import = 0
Number of asset objects unloaded after import = 3
========================================================================
Received Import Request.
  Time since last request: 0.000022 seconds.
  path: Assets/Brick Project Studio/_BPS Basic Assets/Common/Materials/Basic Assets/BA_Glow_White_01.mat
  artifactKey: Guid(823f8d5383d173a4fb4153a73427684f) Importer(2089858483,0ecaa5967403d082aa24f35e1b516d23)
Start importing Assets/Brick Project Studio/_BPS Basic Assets/Common/Materials/Basic Assets/BA_Glow_White_01.mat using Guid(823f8d5383d173a4fb4153a73427684f) Importer(2089858483,0ecaa5967403d082aa24f35e1b516d23) Generated GUIDs only implemented for interfaces!
 -> (artifact id: '13c8b1273fb3261e3608ad281e1a855a') in 0.017616 seconds
Number of updated asset objects reloaded before import = 0
Number of asset objects unloaded after import = 1
========================================================================
Received Import Request.
  Time since last request: 0.000028 seconds.
  path: Assets/Brick Project Studio/Apartment Kit/_Prefabs/Props/Sculptures/Sculpture_apt_02_04.prefab
  artifactKey: Guid(6ad7ae35911007741856dfec75c6ab59) Importer(2089858483,0ecaa5967403d082aa24f35e1b516d23)
Start importing Assets/Brick Project Studio/Apartment Kit/_Prefabs/Props/Sculptures/Sculpture_apt_02_04.prefab using Guid(6ad7ae35911007741856dfec75c6ab59) Importer(2089858483,0ecaa5967403d082aa24f35e1b516d23) Generated GUIDs only implemented for interfaces!
 -> (artifact id: '1ad1d714756bb82d6c65dab393ffac29') in 0.019317 seconds
Number of updated asset objects reloaded before import = 0
Number of asset objects unloaded after import = 8
========================================================================
Received Import Request.
  Time since last request: 0.000020 seconds.
  path: Assets/Brick Project Studio/Apartment Kit/_Prefabs/Props/Sculptures/Sculpture_apt_02_03.prefab
  artifactKey: Guid(b6051831735950e45a12422235f03581) Importer(2089858483,0ecaa5967403d082aa24f35e1b516d23)
Start importing Assets/Brick Project Studio/Apartment Kit/_Prefabs/Props/Sculptures/Sculpture_apt_02_03.prefab using Guid(b6051831735950e45a12422235f03581) Importer(2089858483,0ecaa5967403d082aa24f35e1b516d23) Generated GUIDs only implemented for interfaces!
 -> (artifact id: '78177f299d9719a9323fac237e64f99e') in 0.021602 seconds
Number of updated asset objects reloaded before import = 0
Number of asset objects unloaded after import = 8
========================================================================
Received Import Request.
  Time since last request: 0.000020 seconds.
  path: Assets/Brick Project Studio/Apartment Kit/_Prefabs/Props/Misc/Vase_Apt_03.prefab
  artifactKey: Guid(7a897a6b060173d41a37261351d86569) Importer(2089858483,0ecaa5967403d082aa24f35e1b516d23)
Start importing Assets/Brick Project Studio/Apartment Kit/_Prefabs/Props/Misc/Vase_Apt_03.prefab using Guid(7a897a6b060173d41a37261351d86569) Importer(2089858483,0ecaa5967403d082aa24f35e1b516d23) Generated GUIDs only implemented for interfaces!
 -> (artifact id: '9257f03fd7e6bfe255e2e377c810c6f4') in 0.019774 seconds
Number of updated asset objects reloaded before import = 0
Number of asset objects unloaded after import = 28
========================================================================
Received Import Request.
  Time since last request: 0.000018 seconds.
  path: Assets/Brick Project Studio/Apartment Kit/_Prefabs/Props/Wine Liquor Beer and Glassware - Sample/wine thin glass.prefab
  artifactKey: Guid(14973bbaa08d142449d2405142caff8d) Importer(2089858483,0ecaa5967403d082aa24f35e1b516d23)
Start importing Assets/Brick Project Studio/Apartment Kit/_Prefabs/Props/Wine Liquor Beer and Glassware - Sample/wine thin glass.prefab using Guid(14973bbaa08d142449d2405142caff8d) Importer(2089858483,0ecaa5967403d082aa24f35e1b516d23) Generated GUIDs only implemented for interfaces!
 -> (artifact id: '32f2d6a13b5a4d8b3a01ada8dd0462d9') in 0.019374 seconds
Number of updated asset objects reloaded before import = 0
Number of asset objects unloaded after import = 8
========================================================================
Received Import Request.
  Time since last request: 0.000025 seconds.
  path: Assets/Brick Project Studio/Apartment Kit/_Prefabs/Props/Wine Liquor Beer and Glassware - Sample/wine thin glass Red Wine.prefab
  artifactKey: Guid(e32f2e76bad645746b596640d4736354) Importer(2089858483,0ecaa5967403d082aa24f35e1b516d23)
Start importing Assets/Brick Project Studio/Apartment Kit/_Prefabs/Props/Wine Liquor Beer and Glassware - Sample/wine thin glass Red Wine.prefab using Guid(e32f2e76bad645746b596640d4736354) Importer(2089858483,0ecaa5967403d082aa24f35e1b516d23) Generated GUIDs only implemented for interfaces!
 -> (artifact id: '2064a53c43f5d755a68fc6cfd4b2ccba') in 0.020095 seconds
Number of updated asset objects reloaded before import = 0
Number of asset objects unloaded after import = 13
========================================================================
Received Import Request.
  Time since last request: 0.000022 seconds.
  path: Assets/Brick Project Studio/_BPS Basic Assets/Common/Materials/Restroom/RR_Panel_01.mat
  artifactKey: Guid(0dc30470004dae846a55ed5379ef2239) Importer(2089858483,0ecaa5967403d082aa24f35e1b516d23)
Start importing Assets/Brick Project Studio/_BPS Basic Assets/Common/Materials/Restroom/RR_Panel_01.mat using Guid(0dc30470004dae846a55ed5379ef2239) Importer(2089858483,0ecaa5967403d082aa24f35e1b516d23) Generated GUIDs only implemented for interfaces!
 -> (artifact id: 'a4246938ff6cd8129773a4f7176afa38') in 0.018586 seconds
Number of updated asset objects reloaded before import = 0
Number of asset objects unloaded after import = 2
========================================================================
Received Import Request.
  Time since last request: 0.000016 seconds.
  path: Assets/Brick Project Studio/_BPS Basic Assets/Common/Scripts and Animations/Doors/OpeningStall.anim
  artifactKey: Guid(f3f604da56740ba469c68a0aebb4c41b) Importer(2089858483,0ecaa5967403d082aa24f35e1b516d23)
Start importing Assets/Brick Project Studio/_BPS Basic Assets/Common/Scripts and Animations/Doors/OpeningStall.anim using Guid(f3f604da56740ba469c68a0aebb4c41b) Importer(2089858483,0ecaa5967403d082aa24f35e1b516d23) Generated GUIDs only implemented for interfaces!
 -> (artifact id: 'f8031cd1fd611fc92f6358403b3d9837') in 0.014038 seconds
Number of updated asset objects reloaded before import = 0
Number of asset objects unloaded after import = 1
========================================================================
Received Import Request.
  Time since last request: 0.000028 seconds.
  path: Assets/Brick Project Studio/_BPS Basic Assets/Common/Scripts and Animations/Doors/Opening 1.anim
  artifactKey: Guid(d1c0db31e512c124cbc6f2a57b8bac2b) Importer(2089858483,0ecaa5967403d082aa24f35e1b516d23)
Start importing Assets/Brick Project Studio/_BPS Basic Assets/Common/Scripts and Animations/Doors/Opening 1.anim using Guid(d1c0db31e512c124cbc6f2a57b8bac2b) Importer(2089858483,0ecaa5967403d082aa24f35e1b516d23) Generated GUIDs only implemented for interfaces!
 -> (artifact id: 'c4ade950dfc40e6d273f2fc640ac2e26') in 0.020475 seconds
Number of updated asset objects reloaded before import = 0
Number of asset objects unloaded after import = 1
========================================================================
Received Import Request.
  Time since last request: 0.000030 seconds.
  path: Assets/Brick Project Studio/_BPS Basic Assets/Common/Materials/Legacy/Gold.mat
  artifactKey: Guid(e767d86cbf3099a478162f1692b1edf3) Importer(2089858483,0ecaa5967403d082aa24f35e1b516d23)
Start importing Assets/Brick Project Studio/_BPS Basic Assets/Common/Materials/Legacy/Gold.mat using Guid(e767d86cbf3099a478162f1692b1edf3) Importer(2089858483,0ecaa5967403d082aa24f35e1b516d23) Generated GUIDs only implemented for interfaces!
 -> (artifact id: '2d1c96fe22703c211317943fbf8a525d') in 0.019845 seconds
Number of updated asset objects reloaded before import = 0
Number of asset objects unloaded after import = 1
========================================================================
Received Import Request.
  Time since last request: 0.000021 seconds.
  path: Assets/Brick Project Studio/_BPS Basic Assets/Common/Scripts and Animations/First Person Player/PlayerMovement.cs
  artifactKey: Guid(c84cdf898723e1a4b9e4954eb5a76a33) Importer(2089858483,0ecaa5967403d082aa24f35e1b516d23)
Start importing Assets/Brick Project Studio/_BPS Basic Assets/Common/Scripts and Animations/First Person Player/PlayerMovement.cs using Guid(c84cdf898723e1a4b9e4954eb5a76a33) Importer(2089858483,0ecaa5967403d082aa24f35e1b516d23) Generated GUIDs only implemented for interfaces!
 -> (artifact id: 'ce0fba4e00f45d0d2c5a6d86823203da') in 0.017546 seconds
Number of updated asset objects reloaded before import = 0
Number of asset objects unloaded after import = 1
========================================================================
Received Import Request.
  Time since last request: 0.000026 seconds.
  path: Assets/Brick Project Studio/_BPS Basic Assets/Common/Models/Build Kits/Build Kit Interior Updated_02.fbx
  artifactKey: Guid(7308b87287964d64b9769b7e0d6d7314) Importer(2089858483,0ecaa5967403d082aa24f35e1b516d23)
Start importing Assets/Brick Project Studio/_BPS Basic Assets/Common/Models/Build Kits/Build Kit Interior Updated_02.fbx using Guid(7308b87287964d64b9769b7e0d6d7314) Importer(2089858483,0ecaa5967403d082aa24f35e1b516d23) Generated GUIDs only implemented for interfaces!
 -> (artifact id: 'a42d7e1fcece8231181132d53c2185b5') in 0.029467 seconds
Number of updated asset objects reloaded before import = 0
Number of asset objects unloaded after import = 8
========================================================================
Received Import Request.
  Time since last request: 0.000019 seconds.
  path: Assets/Brick Project Studio/_BPS Basic Assets/Common/Scripts and Animations/Doors/opencloseDoor1.cs
  artifactKey: Guid(4b5e0617227fa4743be84f23d9e5cb42) Importer(2089858483,0ecaa5967403d082aa24f35e1b516d23)
Start importing Assets/Brick Project Studio/_BPS Basic Assets/Common/Scripts and Animations/Doors/opencloseDoor1.cs using Guid(4b5e0617227fa4743be84f23d9e5cb42) Importer(2089858483,0ecaa5967403d082aa24f35e1b516d23) Generated GUIDs only implemented for interfaces!
 -> (artifact id: 'fa1c0e6e19c547126562f525c8cf5add') in 0.014162 seconds
Number of updated asset objects reloaded before import = 0
Number of asset objects unloaded after import = 1
========================================================================
Received Import Request.
  Time since last request: 0.000112 seconds.
  path: Assets/Brick Project Studio/_BPS Basic Assets/Common/Scripts and Animations/Doors/Closing 1.anim
  artifactKey: Guid(3ba90786818c61749b6ba3df30d6c117) Importer(2089858483,0ecaa5967403d082aa24f35e1b516d23)
Start importing Assets/Brick Project Studio/_BPS Basic Assets/Common/Scripts and Animations/Doors/Closing 1.anim using Guid(3ba90786818c61749b6ba3df30d6c117) Importer(2089858483,0ecaa5967403d082aa24f35e1b516d23) Generated GUIDs only implemented for interfaces!
 -> (artifact id: '85ad5254be7f9871da34940bd4d92c4f') in 0.019319 seconds
Number of updated asset objects reloaded before import = 0
Number of asset objects unloaded after import = 1
========================================================================
Received Import Request.
  Time since last request: 0.000025 seconds.
  path: Assets/Brick Project Studio/_BPS Basic Assets/Common/Models/Legacy/office chair.fbx
  artifactKey: Guid(0156872a951ba6e44a3a8596040789c9) Importer(2089858483,0ecaa5967403d082aa24f35e1b516d23)
Start importing Assets/Brick Project Studio/_BPS Basic Assets/Common/Models/Legacy/office chair.fbx using Guid(0156872a951ba6e44a3a8596040789c9) Importer(2089858483,0ecaa5967403d082aa24f35e1b516d23) Generated GUIDs only implemented for interfaces!
 -> (artifact id: '49d6a08508f52f98bfda0682063810f6') in 0.041246 seconds
Number of updated asset objects reloaded before import = 0
Number of asset objects unloaded after import = 48
========================================================================
Received Import Request.
  Time since last request: 0.000023 seconds.
  path: Assets/Brick Project Studio/_BPS Basic Assets/Common/Materials/Legacy/Wood Floor 01.mat
  artifactKey: Guid(049ac0e838cb3a342887cf48a2b06db4) Importer(2089858483,0ecaa5967403d082aa24f35e1b516d23)
Start importing Assets/Brick Project Studio/_BPS Basic Assets/Common/Materials/Legacy/Wood Floor 01.mat using Guid(049ac0e838cb3a342887cf48a2b06db4) Importer(2089858483,0ecaa5967403d082aa24f35e1b516d23) Generated GUIDs only implemented for interfaces!
 -> (artifact id: 'd8589b9ac907e076325894357961c3d1') in 0.020446 seconds
Number of updated asset objects reloaded before import = 0
Number of asset objects unloaded after import = 2
========================================================================
Received Import Request.
  Time since last request: 0.000023 seconds.
  path: Assets/Brick Project Studio/_BPS Basic Assets/Common/Materials/Fire/Fire_Alpha_02.mat
  artifactKey: Guid(fafce5ad41639d14d9cfadc181485ec9) Importer(2089858483,0ecaa5967403d082aa24f35e1b516d23)
Start importing Assets/Brick Project Studio/_BPS Basic Assets/Common/Materials/Fire/Fire_Alpha_02.mat using Guid(fafce5ad41639d14d9cfadc181485ec9) Importer(2089858483,0ecaa5967403d082aa24f35e1b516d23) Generated GUIDs only implemented for interfaces!
 -> (artifact id: '66d90599691b1505ed4b478adca33f2f') in 0.017815 seconds
Number of updated asset objects reloaded before import = 0
Number of asset objects unloaded after import = 2
========================================================================
Received Import Request.
  Time since last request: 0.000018 seconds.
  path: Assets/Brick Project Studio/_BPS Basic Assets/Common/Scripts and Animations/Doors/openandclose.controller
  artifactKey: Guid(099e6cc38da8ff74bb68d0bf29e24642) Importer(2089858483,0ecaa5967403d082aa24f35e1b516d23)
Start importing Assets/Brick Project Studio/_BPS Basic Assets/Common/Scripts and Animations/Doors/openandclose.controller using Guid(099e6cc38da8ff74bb68d0bf29e24642) Importer(2089858483,0ecaa5967403d082aa24f35e1b516d23) Generated GUIDs only implemented for interfaces!
 -> (artifact id: '04a83ca84ddda789c74fa04da27197cc') in 0.015168 seconds
Number of updated asset objects reloaded before import = 0
Number of asset objects unloaded after import = 7
========================================================================
Received Import Request.
  Time since last request: 0.000014 seconds.
  path: Assets/Brick Project Studio/Apartment Kit/Common/Scripts & Animation/Slide/BRGlassDoor.controller
  artifactKey: Guid(5c81701154f36c94698562dbaf42d6fc) Importer(2089858483,0ecaa5967403d082aa24f35e1b516d23)
Start importing Assets/Brick Project Studio/Apartment Kit/Common/Scripts & Animation/Slide/BRGlassDoor.controller using Guid(5c81701154f36c94698562dbaf42d6fc) Importer(2089858483,0ecaa5967403d082aa24f35e1b516d23) Generated GUIDs only implemented for interfaces!
 -> (artifact id: '36b58bd4e4ddff899a434713a36612a2') in 0.015182 seconds
Number of updated asset objects reloaded before import = 0
Number of asset objects unloaded after import = 7
========================================================================
Received Import Request.
  Time since last request: 0.000017 seconds.
  path: Assets/Brick Project Studio/Apartment Kit/_Prefabs/Props/Bathroom/ToiletPaperHolder_01.prefab
  artifactKey: Guid(ba074cf4b261d9a4882932e86021742c) Importer(2089858483,0ecaa5967403d082aa24f35e1b516d23)
Start importing Assets/Brick Project Studio/Apartment Kit/_Prefabs/Props/Bathroom/ToiletPaperHolder_01.prefab using Guid(ba074cf4b261d9a4882932e86021742c) Importer(2089858483,0ecaa5967403d082aa24f35e1b516d23) Generated GUIDs only implemented for interfaces!
 -> (artifact id: 'bd0041b4cf0a08c3420472981d2acec5') in 0.019793 seconds
Number of updated asset objects reloaded before import = 0
Number of asset objects unloaded after import = 8
========================================================================
Received Import Request.
  Time since last request: 0.000021 seconds.
  path: Assets/Brick Project Studio/Apartment Kit/Common/Materials/Surface/BR_Tile_02.mat
  artifactKey: Guid(10c8542d4324afc4bb4d61e51e00800e) Importer(2089858483,0ecaa5967403d082aa24f35e1b516d23)
Start importing Assets/Brick Project Studio/Apartment Kit/Common/Materials/Surface/BR_Tile_02.mat using Guid(10c8542d4324afc4bb4d61e51e00800e) Importer(2089858483,0ecaa5967403d082aa24f35e1b516d23) Generated GUIDs only implemented for interfaces!
 -> (artifact id: 'f26850212c05cddd028b7775fc899448') in 0.020304 seconds
Number of updated asset objects reloaded before import = 0
Number of asset objects unloaded after import = 2
========================================================================
Received Import Request.
  Time since last request: 0.000022 seconds.
  path: Assets/Brick Project Studio/Apartment Kit/Common/Textures/Misc/Canvas_Nat_05.png
  artifactKey: Guid(546c013b9fb8177449c424e4835bbc51) Importer(2089858483,0ecaa5967403d082aa24f35e1b516d23)
Start importing Assets/Brick Project Studio/Apartment Kit/Common/Textures/Misc/Canvas_Nat_05.png using Guid(546c013b9fb8177449c424e4835bbc51) Importer(2089858483,0ecaa5967403d082aa24f35e1b516d23) Generated GUIDs only implemented for interfaces!
 -> (artifact id: '865924276079802942231b864289a08b') in 0.042558 seconds
Number of updated asset objects reloaded before import = 0
Number of asset objects unloaded after import = 1
========================================================================
Received Import Request.
  Time since last request: 0.000082 seconds.
  path: Assets/Brick Project Studio/Apartment Kit/Common/Textures/Misc/Art_02.png
  artifactKey: Guid(121839de2ecea004995db9f7c5645295) Importer(2089858483,0ecaa5967403d082aa24f35e1b516d23)
Start importing Assets/Brick Project Studio/Apartment Kit/Common/Textures/Misc/Art_02.png using Guid(121839de2ecea004995db9f7c5645295) Importer(2089858483,0ecaa5967403d082aa24f35e1b516d23) Generated GUIDs only implemented for interfaces!
 -> (artifact id: '28a6fcd96724417f4fd762c1ce3f1cd9') in 0.038506 seconds
Number of updated asset objects reloaded before import = 0
Number of asset objects unloaded after import = 1
========================================================================
Received Import Request.
  Time since last request: 0.000064 seconds.
  path: Assets/Brick Project Studio/Apartment Kit/Common/Textures/Misc/Art_01.png
  artifactKey: Guid(0f1b5ed9b2e96bf4d9b64957fd9b3a2a) Importer(2089858483,0ecaa5967403d082aa24f35e1b516d23)
Start importing Assets/Brick Project Studio/Apartment Kit/Common/Textures/Misc/Art_01.png using Guid(0f1b5ed9b2e96bf4d9b64957fd9b3a2a) Importer(2089858483,0ecaa5967403d082aa24f35e1b516d23) Generated GUIDs only implemented for interfaces!
 -> (artifact id: 'c6794a212ca29249e6e7330d3841dffb') in 0.039905 seconds
Number of updated asset objects reloaded before import = 0
Number of asset objects unloaded after import = 1
========================================================================
Received Import Request.
  Time since last request: 0.000130 seconds.
  path: Assets/Brick Project Studio/Apartment Kit/Common/Materials/Surface/Antique.mat
  artifactKey: Guid(7a2c0b18d3d81384a9318118e5c1c9ae) Importer(2089858483,0ecaa5967403d082aa24f35e1b516d23)
Start importing Assets/Brick Project Studio/Apartment Kit/Common/Materials/Surface/Antique.mat using Guid(7a2c0b18d3d81384a9318118e5c1c9ae) Importer(2089858483,0ecaa5967403d082aa24f35e1b516d23) Generated GUIDs only implemented for interfaces!
 -> (artifact id: '39fd403e778dba7ff65f071406d14356') in 0.017687 seconds
Number of updated asset objects reloaded before import = 0
Number of asset objects unloaded after import = 1
========================================================================
Received Import Request.
  Time since last request: 0.000019 seconds.
  path: Assets/Brick Project Studio/_BPS Basic Assets/Common/Scripts and Animations/Doors/ClosingStall.anim
  artifactKey: Guid(20fe8cd024d7f294c950a53922a488d0) Importer(2089858483,0ecaa5967403d082aa24f35e1b516d23)
Start importing Assets/Brick Project Studio/_BPS Basic Assets/Common/Scripts and Animations/Doors/ClosingStall.anim using Guid(20fe8cd024d7f294c950a53922a488d0) Importer(2089858483,0ecaa5967403d082aa24f35e1b516d23) Generated GUIDs only implemented for interfaces!
 -> (artifact id: '8c922a0e6019abf39e80f925e75fb59a') in 0.015035 seconds
Number of updated asset objects reloaded before import = 0
Number of asset objects unloaded after import = 1
========================================================================
Received Import Request.
  Time since last request: 0.000041 seconds.
  path: Assets/Brick Project Studio/_BPS Basic Assets/Common/Scripts and Animations/First Person Player/MouseLook.cs
  artifactKey: Guid(478f19f2b564b5a459ccd72d2ea6afe1) Importer(2089858483,0ecaa5967403d082aa24f35e1b516d23)
Start importing Assets/Brick Project Studio/_BPS Basic Assets/Common/Scripts and Animations/First Person Player/MouseLook.cs using Guid(478f19f2b564b5a459ccd72d2ea6afe1) Importer(2089858483,0ecaa5967403d082aa24f35e1b516d23) Generated GUIDs only implemented for interfaces!
 -> (artifact id: '51e9534f1caad8590f89f8c6d69faee2') in 0.016345 seconds
Number of updated asset objects reloaded before import = 0
Number of asset objects unloaded after import = 1
========================================================================
Received Import Request.
  Time since last request: 0.000051 seconds.
  path: Assets/Brick Project Studio/Apartment Kit/Scenes/Scene_03/OcclusionCullingData.asset
  artifactKey: Guid(6f115c79b71beb349b505585792bca70) Importer(2089858483,0ecaa5967403d082aa24f35e1b516d23)
Start importing Assets/Brick Project Studio/Apartment Kit/Scenes/Scene_03/OcclusionCullingData.asset using Guid(6f115c79b71beb349b505585792bca70) Importer(2089858483,0ecaa5967403d082aa24f35e1b516d23) Generated GUIDs only implemented for interfaces!
 -> (artifact id: '26d6cfbb46500eee4064efdde158e85b') in 0.020565 seconds
Number of updated asset objects reloaded before import = 0
Number of asset objects unloaded after import = 1
========================================================================
Received Import Request.
  Time since last request: 0.000096 seconds.
  path: Assets/Brick Project Studio/_BPS Basic Assets/Common/Textures/Basic Asset/BA_Wood_01_N.png
  artifactKey: Guid(fde87c062cbc94047927dc231c09fbe4) Importer(2089858483,0ecaa5967403d082aa24f35e1b516d23)
Start importing Assets/Brick Project Studio/_BPS Basic Assets/Common/Textures/Basic Asset/BA_Wood_01_N.png using Guid(fde87c062cbc94047927dc231c09fbe4) Importer(2089858483,0ecaa5967403d082aa24f35e1b516d23) Generated GUIDs only implemented for interfaces!
 -> (artifact id: 'f4f52e8d9cba644e6bf4c508bf51b95e') in 0.038910 seconds
Number of updated asset objects reloaded before import = 0
Number of asset objects unloaded after import = 1
========================================================================
Received Import Request.
  Time since last request: 0.000023 seconds.
  path: Assets/Brick Project Studio/_BPS Basic Assets/Common/Textures/Basic Asset/BA_Marble_01_A.png
  artifactKey: Guid(533e69acad2a4a24fb387ac1f4a2548f) Importer(2089858483,0ecaa5967403d082aa24f35e1b516d23)
Start importing Assets/Brick Project Studio/_BPS Basic Assets/Common/Textures/Basic Asset/BA_Marble_01_A.png using Guid(533e69acad2a4a24fb387ac1f4a2548f) Importer(2089858483,0ecaa5967403d082aa24f35e1b516d23) Generated GUIDs only implemented for interfaces!
 -> (artifact id: 'ae754b75838c7fb80d256abbb3545ec4') in 0.039507 seconds
Number of updated asset objects reloaded before import = 0
Number of asset objects unloaded after import = 1
========================================================================
Received Import Request.
  Time since last request: 0.000019 seconds.
  path: Assets/Brick Project Studio/_BPS Basic Assets/Common/Textures/Basic Asset/BA_Wood_01_A.png
  artifactKey: Guid(48aec0e661dd8b34da0b78a05a1b25c5) Importer(2089858483,0ecaa5967403d082aa24f35e1b516d23)
Start importing Assets/Brick Project Studio/_BPS Basic Assets/Common/Textures/Basic Asset/BA_Wood_01_A.png using Guid(48aec0e661dd8b34da0b78a05a1b25c5) Importer(2089858483,0ecaa5967403d082aa24f35e1b516d23) Generated GUIDs only implemented for interfaces!
 -> (artifact id: '5e3bf3c7e14cb9f54b918ab98c72017f') in 0.044325 seconds
Number of updated asset objects reloaded before import = 0
Number of asset objects unloaded after import = 1
========================================================================
Received Import Request.
  Time since last request: 0.000059 seconds.
  path: Assets/Brick Project Studio/_BPS Basic Assets/Common/Textures/Basic Asset/BA_Plastic_01_A.png
  artifactKey: Guid(8ebf406575461064c88f9fbcb05d1c31) Importer(2089858483,0ecaa5967403d082aa24f35e1b516d23)
Start importing Assets/Brick Project Studio/_BPS Basic Assets/Common/Textures/Basic Asset/BA_Plastic_01_A.png using Guid(8ebf406575461064c88f9fbcb05d1c31) Importer(2089858483,0ecaa5967403d082aa24f35e1b516d23) Generated GUIDs only implemented for interfaces!
 -> (artifact id: 'cd58b5782985b8325d4b1e134717dbdf') in 0.048668 seconds
Number of updated asset objects reloaded before import = 0
Number of asset objects unloaded after import = 1
========================================================================
Received Import Request.
  Time since last request: 0.000071 seconds.
  path: Assets/Brick Project Studio/Apartment Kit/_Prefabs/Furniture/Wine Cabinet/BarCabinet_Apt_03_Filled.prefab
  artifactKey: Guid(3d51d280e33c5fe4c97ae593c2292997) Importer(2089858483,0ecaa5967403d082aa24f35e1b516d23)
Start importing Assets/Brick Project Studio/Apartment Kit/_Prefabs/Furniture/Wine Cabinet/BarCabinet_Apt_03_Filled.prefab using Guid(3d51d280e33c5fe4c97ae593c2292997) Importer(2089858483,0ecaa5967403d082aa24f35e1b516d23) Generated GUIDs only implemented for interfaces!
 -> (artifact id: 'af4e44df2c82ffe4d4651ff33698ac45') in 0.024028 seconds
Number of updated asset objects reloaded before import = 0
Number of asset objects unloaded after import = 178
========================================================================
Received Import Request.
  Time since last request: 0.000027 seconds.
  path: Assets/Brick Project Studio/Apartment Kit/Common/Models/Apt_Kit_01.fbx
  artifactKey: Guid(cd0bf29c9c9af6f4098b74076d25f0cd) Importer(2089858483,0ecaa5967403d082aa24f35e1b516d23)
Start importing Assets/Brick Project Studio/Apartment Kit/Common/Models/Apt_Kit_01.fbx using Guid(cd0bf29c9c9af6f4098b74076d25f0cd) Importer(2089858483,0ecaa5967403d082aa24f35e1b516d23) Generated GUIDs only implemented for interfaces!
 -> (artifact id: 'e67fd30a146a7e0f4e7f77e27523f614') in 0.043458 seconds
Number of updated asset objects reloaded before import = 0
Number of asset objects unloaded after import = 99
========================================================================
Received Import Request.
  Time since last request: 0.000019 seconds.
  path: Assets/Brick Project Studio/Apartment Kit/Common/Materials/Surface/Plastic_03.mat
  artifactKey: Guid(dd228672e1e19fc479efe2c3556f297f) Importer(2089858483,0ecaa5967403d082aa24f35e1b516d23)
Start importing Assets/Brick Project Studio/Apartment Kit/Common/Materials/Surface/Plastic_03.mat using Guid(dd228672e1e19fc479efe2c3556f297f) Importer(2089858483,0ecaa5967403d082aa24f35e1b516d23) Generated GUIDs only implemented for interfaces!
 -> (artifact id: 'c59877809204803bb1a157fa300bcb55') in 0.018765 seconds
Number of updated asset objects reloaded before import = 0
Number of asset objects unloaded after import = 3
========================================================================
Received Import Request.
  Time since last request: 0.000018 seconds.
  path: Assets/Brick Project Studio/_BPS Basic Assets/Common/Textures/Legacy/Concrete-bump.png
  artifactKey: Guid(6f12722191c711042a077c553e272e01) Importer(2089858483,0ecaa5967403d082aa24f35e1b516d23)
Start importing Assets/Brick Project Studio/_BPS Basic Assets/Common/Textures/Legacy/Concrete-bump.png using Guid(6f12722191c711042a077c553e272e01) Importer(2089858483,0ecaa5967403d082aa24f35e1b516d23) Generated GUIDs only implemented for interfaces!
 -> (artifact id: 'aec700b8ce560aa6071e044172f09835') in 0.032315 seconds
Number of updated asset objects reloaded before import = 0
Number of asset objects unloaded after import = 1
========================================================================
Received Import Request.
  Time since last request: 0.000017 seconds.
  path: Assets/Brick Project Studio/Apartment Kit/Common/Textures/Interior Exterior/Int_Apt_01_N.png
  artifactKey: Guid(52cab35fc66c35d47b73fd24748c768b) Importer(2089858483,0ecaa5967403d082aa24f35e1b516d23)
Start importing Assets/Brick Project Studio/Apartment Kit/Common/Textures/Interior Exterior/Int_Apt_01_N.png using Guid(52cab35fc66c35d47b73fd24748c768b) Importer(2089858483,0ecaa5967403d082aa24f35e1b516d23) Generated GUIDs only implemented for interfaces!
 -> (artifact id: '3ceabfdffea3a6ad714474792b2cbf63') in 0.039205 seconds
Number of updated asset objects reloaded before import = 0
Number of asset objects unloaded after import = 1
========================================================================
Received Import Request.
  Time since last request: 0.000078 seconds.
  path: Assets/Brick Project Studio/Apartment Kit/Common/Scripts & Animation/Closet/ClosetopencloseDoor.cs
  artifactKey: Guid(469e00e876fb40142af620db2b198643) Importer(2089858483,0ecaa5967403d082aa24f35e1b516d23)
Start importing Assets/Brick Project Studio/Apartment Kit/Common/Scripts & Animation/Closet/ClosetopencloseDoor.cs using Guid(469e00e876fb40142af620db2b198643) Importer(2089858483,0ecaa5967403d082aa24f35e1b516d23) Generated GUIDs only implemented for interfaces!
 -> (artifact id: '90eece0171dd22280a207e0effd45a86') in 0.015435 seconds
Number of updated asset objects reloaded before import = 0
Number of asset objects unloaded after import = 1
========================================================================
Received Import Request.
  Time since last request: 0.000169 seconds.
  path: Assets/Brick Project Studio/_BPS Basic Assets/Common/Models/Build Kits/Build Kit Interior Updated_03.fbx
  artifactKey: Guid(debe1ddd75be8634d866f9de231a0581) Importer(2089858483,0ecaa5967403d082aa24f35e1b516d23)
Start importing Assets/Brick Project Studio/_BPS Basic Assets/Common/Models/Build Kits/Build Kit Interior Updated_03.fbx using Guid(debe1ddd75be8634d866f9de231a0581) Importer(2089858483,0ecaa5967403d082aa24f35e1b516d23) Generated GUIDs only implemented for interfaces!
 -> (artifact id: 'd568ba8939db684c0f639b3f141094f9') in 0.030081 seconds
Number of updated asset objects reloaded before import = 0
Number of asset objects unloaded after import = 8
========================================================================
Received Import Request.
  Time since last request: 0.000022 seconds.
  path: Assets/Brick Project Studio/Apartment Kit/Common/Textures/Misc/Lamp 02 Ceiling - Normal.png
  artifactKey: Guid(10caf55c2cc68ff45af37085395b0a84) Importer(2089858483,0ecaa5967403d082aa24f35e1b516d23)
Start importing Assets/Brick Project Studio/Apartment Kit/Common/Textures/Misc/Lamp 02 Ceiling - Normal.png using Guid(10caf55c2cc68ff45af37085395b0a84) Importer(2089858483,0ecaa5967403d082aa24f35e1b516d23) Generated GUIDs only implemented for interfaces!
 -> (artifact id: '6c360c5684a9465ddd7c9d99a03054bc') in 0.045544 seconds
Number of updated asset objects reloaded before import = 0
Number of asset objects unloaded after import = 1
========================================================================
Received Import Request.
  Time since last request: 0.000050 seconds.
  path: Assets/Brick Project Studio/_BPS Basic Assets/Common/Materials/Restroom/RR_Soap.mat
  artifactKey: Guid(c822a288072f2c7478063b318d9f9534) Importer(2089858483,0ecaa5967403d082aa24f35e1b516d23)
Start importing Assets/Brick Project Studio/_BPS Basic Assets/Common/Materials/Restroom/RR_Soap.mat using Guid(c822a288072f2c7478063b318d9f9534) Importer(2089858483,0ecaa5967403d082aa24f35e1b516d23) Generated GUIDs only implemented for interfaces!
 -> (artifact id: 'bdca2ee76772fedd96ff49b3e2c07340') in 0.018760 seconds
Number of updated asset objects reloaded before import = 0
Number of asset objects unloaded after import = 2
========================================================================
Received Import Request.
  Time since last request: 0.000018 seconds.
  path: Assets/Brick Project Studio/_BPS Basic Assets/_Prefabs/Legacy/Base Scene.prefab
  artifactKey: Guid(6b5e9772e973b514993c495d4471494c) Importer(2089858483,0ecaa5967403d082aa24f35e1b516d23)
Start importing Assets/Brick Project Studio/_BPS Basic Assets/_Prefabs/Legacy/Base Scene.prefab using Guid(6b5e9772e973b514993c495d4471494c) Importer(2089858483,0ecaa5967403d082aa24f35e1b516d23) Generated GUIDs only implemented for interfaces!
 -> (artifact id: 'c5c83d04c08c4beeeb571762c454201d') in 0.017859 seconds
Number of updated asset objects reloaded before import = 0
Number of asset objects unloaded after import = 42
========================================================================
Received Import Request.
  Time since last request: 0.000015 seconds.
  path: Assets/Brick Project Studio/_BPS Basic Assets/Common/Textures/Legacy/Building Floor Tile - 01 - normal.png
  artifactKey: Guid(c3da4c855c1bfff4f9690290628f7f11) Importer(2089858483,0ecaa5967403d082aa24f35e1b516d23)
Start importing Assets/Brick Project Studio/_BPS Basic Assets/Common/Textures/Legacy/Building Floor Tile - 01 - normal.png using Guid(c3da4c855c1bfff4f9690290628f7f11) Importer(2089858483,0ecaa5967403d082aa24f35e1b516d23) Generated GUIDs only implemented for interfaces!
 -> (artifact id: '4b8f70814dd36bfa80ae1fad312f259f') in 0.044691 seconds
Number of updated asset objects reloaded before import = 0
Number of asset objects unloaded after import = 1
========================================================================
Received Import Request.
  Time since last request: 0.000044 seconds.
  path: Assets/Brick Project Studio/_BPS Basic Assets/Common/Textures/Restroom/RR_Restroom_Sign.png
  artifactKey: Guid(8521850fc227afa4fb73de6489100edd) Importer(2089858483,0ecaa5967403d082aa24f35e1b516d23)
Start importing Assets/Brick Project Studio/_BPS Basic Assets/Common/Textures/Restroom/RR_Restroom_Sign.png using Guid(8521850fc227afa4fb73de6489100edd) Importer(2089858483,0ecaa5967403d082aa24f35e1b516d23) Generated GUIDs only implemented for interfaces!
 -> (artifact id: '4c1819e6d61fb8ae94c5509f5aee6da3') in 0.037692 seconds
Number of updated asset objects reloaded before import = 0
Number of asset objects unloaded after import = 1
========================================================================
Received Import Request.
  Time since last request: 0.000031 seconds.
  path: Assets/Brick Project Studio/_BPS Basic Assets/_Prefabs/Restroom/Fixtures/RR_UrinalDivider_01.prefab
  artifactKey: Guid(2af99c6a575291740aa769a08c524aa6) Importer(2089858483,0ecaa5967403d082aa24f35e1b516d23)
Start importing Assets/Brick Project Studio/_BPS Basic Assets/_Prefabs/Restroom/Fixtures/RR_UrinalDivider_01.prefab using Guid(2af99c6a575291740aa769a08c524aa6) Importer(2089858483,0ecaa5967403d082aa24f35e1b516d23) Generated GUIDs only implemented for interfaces!
 -> (artifact id: 'e3cec30abd36ba616f9be2807f7b13d5') in 0.024729 seconds
Number of updated asset objects reloaded before import = 0
Number of asset objects unloaded after import = 13
========================================================================
Received Import Request.
  Time since last request: 0.000015 seconds.
  path: Assets/Brick Project Studio/_BPS Basic Assets/_Prefabs/Restroom/Signs/RR_Restroom_Unisex_Sign.prefab
  artifactKey: Guid(d076477035e41e6438c5f9a92ee50194) Importer(2089858483,0ecaa5967403d082aa24f35e1b516d23)
Start importing Assets/Brick Project Studio/_BPS Basic Assets/_Prefabs/Restroom/Signs/RR_Restroom_Unisex_Sign.prefab using Guid(d076477035e41e6438c5f9a92ee50194) Importer(2089858483,0ecaa5967403d082aa24f35e1b516d23) Generated GUIDs only implemented for interfaces!
 -> (artifact id: '4fb88d382c0e6c29bff505068e6326fa') in 0.028047 seconds
Number of updated asset objects reloaded before import = 0
Number of asset objects unloaded after import = 7
========================================================================
Received Import Request.
  Time since last request: 0.000020 seconds.
  path: Assets/Brick Project Studio/Apartment Kit/_Prefabs/Apt Build Kit/Exteriors/Ext_Apt_01/Ext_Apt_01_Pillar_4x4.prefab
  artifactKey: Guid(c132e10714a0f9441993cdd403636ac2) Importer(2089858483,0ecaa5967403d082aa24f35e1b516d23)
Start importing Assets/Brick Project Studio/Apartment Kit/_Prefabs/Apt Build Kit/Exteriors/Ext_Apt_01/Ext_Apt_01_Pillar_4x4.prefab using Guid(c132e10714a0f9441993cdd403636ac2) Importer(2089858483,0ecaa5967403d082aa24f35e1b516d23) Generated GUIDs only implemented for interfaces!
 -> (artifact id: '7129edf0a512b7a154e9437670fae801') in 0.018784 seconds
Number of updated asset objects reloaded before import = 0
Number of asset objects unloaded after import = 8
========================================================================
Received Import Request.
  Time since last request: 0.000017 seconds.
  path: Assets/Brick Project Studio/_BPS Basic Assets/_Prefabs/Restroom/Signs/RR_Restroom_Men_Sign.prefab
  artifactKey: Guid(0e258bad90e29e5428d9fdcd3fef014f) Importer(2089858483,0ecaa5967403d082aa24f35e1b516d23)
Start importing Assets/Brick Project Studio/_BPS Basic Assets/_Prefabs/Restroom/Signs/RR_Restroom_Men_Sign.prefab using Guid(0e258bad90e29e5428d9fdcd3fef014f) Importer(2089858483,0ecaa5967403d082aa24f35e1b516d23) Generated GUIDs only implemented for interfaces!
 -> (artifact id: '359b21ea4caac0cd3abc46f20bd11ef0') in 0.021194 seconds
Number of updated asset objects reloaded before import = 0
Number of asset objects unloaded after import = 7
========================================================================
Received Import Request.
  Time since last request: 0.000020 seconds.
  path: Assets/Brick Project Studio/Apartment Kit/_Prefabs/Apt Build Kit/Exteriors/Ext_Apt_01/Ext_Apt_01_Roof_01.prefab
  artifactKey: Guid(44297ac12129a474d89e1b2eb6151936) Importer(2089858483,0ecaa5967403d082aa24f35e1b516d23)
Start importing Assets/Brick Project Studio/Apartment Kit/_Prefabs/Apt Build Kit/Exteriors/Ext_Apt_01/Ext_Apt_01_Roof_01.prefab using Guid(44297ac12129a474d89e1b2eb6151936) Importer(2089858483,0ecaa5967403d082aa24f35e1b516d23) Generated GUIDs only implemented for interfaces!
 -> (artifact id: '13b5fa91584295a74d22ccd2aa984204') in 0.018851 seconds
Number of updated asset objects reloaded before import = 0
Number of asset objects unloaded after import = 8
========================================================================
Received Import Request.
  Time since last request: 0.000026 seconds.
  path: Assets/Brick Project Studio/_BPS Basic Assets/Common/Textures/Restroom/Int_RR__01_N.png
  artifactKey: Guid(df7b051b811e35a44b4b1b1ec58ca8cb) Importer(2089858483,0ecaa5967403d082aa24f35e1b516d23)
Start importing Assets/Brick Project Studio/_BPS Basic Assets/Common/Textures/Restroom/Int_RR__01_N.png using Guid(df7b051b811e35a44b4b1b1ec58ca8cb) Importer(2089858483,0ecaa5967403d082aa24f35e1b516d23) Generated GUIDs only implemented for interfaces!
 -> (artifact id: 'a417354e0a6cb0357ea14d1f5a4fd840') in 0.042863 seconds
Number of updated asset objects reloaded before import = 0
Number of asset objects unloaded after import = 1
========================================================================
Received Import Request.
  Time since last request: 0.000030 seconds.
  path: Assets/Brick Project Studio/_BPS Basic Assets/_Prefabs/Restroom/Fixtures/RR_Urinal_01.prefab
  artifactKey: Guid(34d4d82c1bf25e642924b521b8a00cd3) Importer(2089858483,0ecaa5967403d082aa24f35e1b516d23)
Start importing Assets/Brick Project Studio/_BPS Basic Assets/_Prefabs/Restroom/Fixtures/RR_Urinal_01.prefab using Guid(34d4d82c1bf25e642924b521b8a00cd3) Importer(2089858483,0ecaa5967403d082aa24f35e1b516d23) Generated GUIDs only implemented for interfaces!
 -> (artifact id: '60f8176fec92ccc2dfe410f637e7f86e') in 0.018324 seconds
Number of updated asset objects reloaded before import = 0
Number of asset objects unloaded after import = 13
========================================================================
Received Import Request.
  Time since last request: 0.000016 seconds.
  path: Assets/Brick Project Studio/_BPS Basic Assets/Common/Textures/Legacy/Floor_normal.png
  artifactKey: Guid(e10c0a17308ba8a459fb883b0de900e0) Importer(2089858483,0ecaa5967403d082aa24f35e1b516d23)
Start importing Assets/Brick Project Studio/_BPS Basic Assets/Common/Textures/Legacy/Floor_normal.png using Guid(e10c0a17308ba8a459fb883b0de900e0) Importer(2089858483,0ecaa5967403d082aa24f35e1b516d23) Generated GUIDs only implemented for interfaces!
 -> (artifact id: '080d0f4b81f08ae842969d6aa0e5b459') in 0.039819 seconds
Number of updated asset objects reloaded before import = 0
Number of asset objects unloaded after import = 1
========================================================================
Received Import Request.
  Time since last request: 0.000039 seconds.
  path: Assets/Brick Project Studio/_BPS Basic Assets/Common/Scripts and Animations/Doors/opencloseStallDoor.controller
  artifactKey: Guid(aacf91c6e9f72a049aaef98d6d5f3393) Importer(2089858483,0ecaa5967403d082aa24f35e1b516d23)
Start importing Assets/Brick Project Studio/_BPS Basic Assets/Common/Scripts and Animations/Doors/opencloseStallDoor.controller using Guid(aacf91c6e9f72a049aaef98d6d5f3393) Importer(2089858483,0ecaa5967403d082aa24f35e1b516d23) Generated GUIDs only implemented for interfaces!
 -> (artifact id: 'e91903a0144b0e8c09aa21304bf3a759') in 0.015247 seconds
Number of updated asset objects reloaded before import = 0
Number of asset objects unloaded after import = 7
========================================================================
Received Import Request.
  Time since last request: 0.000023 seconds.
  path: Assets/Brick Project Studio/_BPS Basic Assets/Common/Textures/Basic Asset/Ext_BA_01.png
  artifactKey: Guid(557d00f8839f23f4d9300672c1aa5d58) Importer(2089858483,0ecaa5967403d082aa24f35e1b516d23)
Start importing Assets/Brick Project Studio/_BPS Basic Assets/Common/Textures/Basic Asset/Ext_BA_01.png using Guid(557d00f8839f23f4d9300672c1aa5d58) Importer(2089858483,0ecaa5967403d082aa24f35e1b516d23) Generated GUIDs only implemented for interfaces!
 -> (artifact id: '3bffb07c897fb54b93e0e098674acd7f') in 0.062306 seconds
Number of updated asset objects reloaded before import = 0
Number of asset objects unloaded after import = 1
========================================================================
Received Import Request.
  Time since last request: 0.000055 seconds.
  path: Assets/Brick Project Studio/_BPS Basic Assets/Common/Scripts and Animations/Windows/openandclosewindow.controller
  artifactKey: Guid(671464f139189844db1fcfdd09b284d7) Importer(2089858483,0ecaa5967403d082aa24f35e1b516d23)
Start importing Assets/Brick Project Studio/_BPS Basic Assets/Common/Scripts and Animations/Windows/openandclosewindow.controller using Guid(671464f139189844db1fcfdd09b284d7) Importer(2089858483,0ecaa5967403d082aa24f35e1b516d23) Generated GUIDs only implemented for interfaces!
 -> (artifact id: '0c35c025a5e4313e99776e42f12fa124') in 0.017239 seconds
Number of updated asset objects reloaded before import = 0
Number of asset objects unloaded after import = 7
========================================================================
Received Import Request.
  Time since last request: 0.000021 seconds.
  path: Assets/Brick Project Studio/_BPS Basic Assets/Common/Models/Build Kits/Build Kit Interior - 01.fbx
  artifactKey: Guid(8537129dc3fbbe44186add4eea186b85) Importer(2089858483,0ecaa5967403d082aa24f35e1b516d23)
Start importing Assets/Brick Project Studio/_BPS Basic Assets/Common/Models/Build Kits/Build Kit Interior - 01.fbx using Guid(8537129dc3fbbe44186add4eea186b85) Importer(2089858483,0ecaa5967403d082aa24f35e1b516d23) Generated GUIDs only implemented for interfaces!
 -> (artifact id: 'c3b3c8899b7196260cf77aa3761145ea') in 0.047234 seconds
Number of updated asset objects reloaded before import = 0
Number of asset objects unloaded after import = 75
========================================================================
Received Import Request.
  Time since last request: 0.000023 seconds.
  path: Assets/Brick Project Studio/_BPS Basic Assets/Common/Textures/Legacy/Brick 02 bump.png
  artifactKey: Guid(fa098cd5940b5aa4b90a84b905f80d18) Importer(2089858483,0ecaa5967403d082aa24f35e1b516d23)
Start importing Assets/Brick Project Studio/_BPS Basic Assets/Common/Textures/Legacy/Brick 02 bump.png using Guid(fa098cd5940b5aa4b90a84b905f80d18) Importer(2089858483,0ecaa5967403d082aa24f35e1b516d23) Generated GUIDs only implemented for interfaces!
 -> (artifact id: '8ceb28ceead6e367ae87f1e2c5410b30') in 0.039552 seconds
Number of updated asset objects reloaded before import = 0
Number of asset objects unloaded after import = 1
========================================================================
Received Import Request.
  Time since last request: 0.000030 seconds.
  path: Assets/Brick Project Studio/_BPS Basic Assets/Common/Textures/Restroom/RR_RestroomPaper_N.png
  artifactKey: Guid(ae8a3b602707b8f419a84228822c21c6) Importer(2089858483,0ecaa5967403d082aa24f35e1b516d23)
Start importing Assets/Brick Project Studio/_BPS Basic Assets/Common/Textures/Restroom/RR_RestroomPaper_N.png using Guid(ae8a3b602707b8f419a84228822c21c6) Importer(2089858483,0ecaa5967403d082aa24f35e1b516d23) Generated GUIDs only implemented for interfaces!
 -> (artifact id: '19a62fa8bbbe0a31db3a011890ae9492') in 0.035703 seconds
Number of updated asset objects reloaded before import = 0
Number of asset objects unloaded after import = 1
========================================================================
Received Import Request.
  Time since last request: 0.000016 seconds.
  path: Assets/Brick Project Studio/Apartment Kit/_Prefabs/Apt Build Kit/Exteriors/Ext_Apt_01/Ext_Apt_01_Roof_02.prefab
  artifactKey: Guid(d6b5de5048b779b49847795dabf2dd3a) Importer(2089858483,0ecaa5967403d082aa24f35e1b516d23)
Start importing Assets/Brick Project Studio/Apartment Kit/_Prefabs/Apt Build Kit/Exteriors/Ext_Apt_01/Ext_Apt_01_Roof_02.prefab using Guid(d6b5de5048b779b49847795dabf2dd3a) Importer(2089858483,0ecaa5967403d082aa24f35e1b516d23) Generated GUIDs only implemented for interfaces!
 -> (artifact id: 'aaa8066dcb1668296d1241285857d6a7') in 0.019582 seconds
Number of updated asset objects reloaded before import = 0
Number of asset objects unloaded after import = 8
========================================================================
Received Import Request.
  Time since last request: 0.000018 seconds.
  path: Assets/Brick Project Studio/Apartment Kit/_Prefabs/Apt Build Kit/Interiors/Flooring & Ceilings/Int_BR_02_Floor.prefab
  artifactKey: Guid(8934f512a6a9f714085a3d0dd88c1661) Importer(2089858483,0ecaa5967403d082aa24f35e1b516d23)
Start importing Assets/Brick Project Studio/Apartment Kit/_Prefabs/Apt Build Kit/Interiors/Flooring & Ceilings/Int_BR_02_Floor.prefab using Guid(8934f512a6a9f714085a3d0dd88c1661) Importer(2089858483,0ecaa5967403d082aa24f35e1b516d23) Generated GUIDs only implemented for interfaces!
 -> (artifact id: 'c0f691c7e8c53515ae7a053aa18afa9a') in 0.018584 seconds
Number of updated asset objects reloaded before import = 0
Number of asset objects unloaded after import = 8
========================================================================
Received Import Request.
  Time since last request: 0.000034 seconds.
  path: Assets/Brick Project Studio/Apartment Kit/_Prefabs/Apt Build Kit/Interiors/Flooring & Ceilings/Int_apt_03_Floor_01.prefab
  artifactKey: Guid(57b8e39375d93984895e498850c28ef7) Importer(2089858483,0ecaa5967403d082aa24f35e1b516d23)
Start importing Assets/Brick Project Studio/Apartment Kit/_Prefabs/Apt Build Kit/Interiors/Flooring & Ceilings/Int_apt_03_Floor_01.prefab using Guid(57b8e39375d93984895e498850c28ef7) Importer(2089858483,0ecaa5967403d082aa24f35e1b516d23) Generated GUIDs only implemented for interfaces!
 -> (artifact id: '0f9a811eeed8e968105fd9db565105bf') in 0.019967 seconds
Number of updated asset objects reloaded before import = 0
Number of asset objects unloaded after import = 8
========================================================================
Received Import Request.
  Time since last request: 0.000017 seconds.
  path: Assets/Brick Project Studio/Apartment Kit/_Prefabs/Apt Build Kit/Interiors/Frames Windows Stairs & Doors/DoorFrame_Apt_04.prefab
  artifactKey: Guid(6723febf70d07b7469fbcddd65e8660b) Importer(2089858483,0ecaa5967403d082aa24f35e1b516d23)
Start importing Assets/Brick Project Studio/Apartment Kit/_Prefabs/Apt Build Kit/Interiors/Frames Windows Stairs & Doors/DoorFrame_Apt_04.prefab using Guid(6723febf70d07b7469fbcddd65e8660b) Importer(2089858483,0ecaa5967403d082aa24f35e1b516d23) Generated GUIDs only implemented for interfaces!
 -> (artifact id: '73ce36b9e9d72e9d1e22f77615153f79') in 0.022091 seconds
Number of updated asset objects reloaded before import = 0
Number of asset objects unloaded after import = 31
========================================================================
Received Import Request.
  Time since last request: 0.000022 seconds.
  path: Assets/Brick Project Studio/Apartment Kit/_Prefabs/Apt Build Kit/Exteriors/Special/Ext_apt_01_01.prefab
  artifactKey: Guid(1804b0ce951149d4f8c62b573d634580) Importer(2089858483,0ecaa5967403d082aa24f35e1b516d23)
Start importing Assets/Brick Project Studio/Apartment Kit/_Prefabs/Apt Build Kit/Exteriors/Special/Ext_apt_01_01.prefab using Guid(1804b0ce951149d4f8c62b573d634580) Importer(2089858483,0ecaa5967403d082aa24f35e1b516d23) Generated GUIDs only implemented for interfaces!
 -> (artifact id: '90b67f98c0fad2e934f8e83390789345') in 0.019095 seconds
Number of updated asset objects reloaded before import = 0
Number of asset objects unloaded after import = 8
========================================================================
Received Import Request.
  Time since last request: 0.000017 seconds.
  path: Assets/Brick Project Studio/Apartment Kit/_Prefabs/Apt Build Kit/Interiors/Frames Windows Stairs & Doors/Window_Frame_Apt_01.prefab
  artifactKey: Guid(ff74a2d207593764ea3699571e28d00a) Importer(2089858483,0ecaa5967403d082aa24f35e1b516d23)
Start importing Assets/Brick Project Studio/Apartment Kit/_Prefabs/Apt Build Kit/Interiors/Frames Windows Stairs & Doors/Window_Frame_Apt_01.prefab using Guid(ff74a2d207593764ea3699571e28d00a) Importer(2089858483,0ecaa5967403d082aa24f35e1b516d23) Generated GUIDs only implemented for interfaces!
 -> (artifact id: '593e51ae11935748180467a2316e23b4') in 0.019453 seconds
Number of updated asset objects reloaded before import = 0
Number of asset objects unloaded after import = 37
========================================================================
Received Import Request.
  Time since last request: 0.000017 seconds.
  path: Assets/Brick Project Studio/Apartment Kit/_Prefabs/Apt Build Kit/Exteriors/Special/Ext_apt_01_02.prefab
  artifactKey: Guid(ec6a508d43c319f4e9a29995ea6c3489) Importer(2089858483,0ecaa5967403d082aa24f35e1b516d23)
Start importing Assets/Brick Project Studio/Apartment Kit/_Prefabs/Apt Build Kit/Exteriors/Special/Ext_apt_01_02.prefab using Guid(ec6a508d43c319f4e9a29995ea6c3489) Importer(2089858483,0ecaa5967403d082aa24f35e1b516d23) Generated GUIDs only implemented for interfaces!
 -> (artifact id: 'ff4e88c285bea3e8d0f7d206555c2465') in 0.019964 seconds
Number of updated asset objects reloaded before import = 0
Number of asset objects unloaded after import = 8
========================================================================
Received Import Request.
  Time since last request: 0.000020 seconds.
  path: Assets/Brick Project Studio/Apartment Kit/_Prefabs/Apt Build Kit/Interiors/Frames Windows Stairs & Doors/Int_apt_01_Boarder_01.prefab
  artifactKey: Guid(1948577c0f767a2438c3970962e5da19) Importer(2089858483,0ecaa5967403d082aa24f35e1b516d23)
Start importing Assets/Brick Project Studio/Apartment Kit/_Prefabs/Apt Build Kit/Interiors/Frames Windows Stairs & Doors/Int_apt_01_Boarder_01.prefab using Guid(1948577c0f767a2438c3970962e5da19) Importer(2089858483,0ecaa5967403d082aa24f35e1b516d23) Generated GUIDs only implemented for interfaces!
 -> (artifact id: '28ccb366002f03fe8fec911a2844b5a8') in 0.020392 seconds
Number of updated asset objects reloaded before import = 0
Number of asset objects unloaded after import = 7
========================================================================
Received Import Request.
  Time since last request: 0.000017 seconds.
  path: Assets/Brick Project Studio/Apartment Kit/_Prefabs/Apt Build Kit/Interiors/Flooring & Ceilings/Int_apt_02_Floor_02.prefab
  artifactKey: Guid(e92372dbea850d64697e857ecae9484d) Importer(2089858483,0ecaa5967403d082aa24f35e1b516d23)
Start importing Assets/Brick Project Studio/Apartment Kit/_Prefabs/Apt Build Kit/Interiors/Flooring & Ceilings/Int_apt_02_Floor_02.prefab using Guid(e92372dbea850d64697e857ecae9484d) Importer(2089858483,0ecaa5967403d082aa24f35e1b516d23) Generated GUIDs only implemented for interfaces!
 -> (artifact id: '28925cb038b7230ad2365e7eb0005722') in 0.017121 seconds
Number of updated asset objects reloaded before import = 0
Number of asset objects unloaded after import = 8
========================================================================
Received Import Request.
  Time since last request: 0.000019 seconds.
  path: Assets/Brick Project Studio/Apartment Kit/_Prefabs/Furniture/Kitchen/Appliances/Fridge_01.prefab
  artifactKey: Guid(b9f258a086096d24aa7861fa20deed65) Importer(2089858483,0ecaa5967403d082aa24f35e1b516d23)
Start importing Assets/Brick Project Studio/Apartment Kit/_Prefabs/Furniture/Kitchen/Appliances/Fridge_01.prefab using Guid(b9f258a086096d24aa7861fa20deed65) Importer(2089858483,0ecaa5967403d082aa24f35e1b516d23) Generated GUIDs only implemented for interfaces!
 -> (artifact id: '0288fd9b64ca6091c33f5925ed78d09a') in 0.031060 seconds
Number of updated asset objects reloaded before import = 0
Number of asset objects unloaded after import = 216
========================================================================
Received Import Request.
  Time since last request: 0.000035 seconds.
  path: Assets/Brick Project Studio/Apartment Kit/_Prefabs/Apt Build Kit/Interiors/Frames Windows Stairs & Doors/DoorFrame_Apt_03.prefab
  artifactKey: Guid(f3e82dc7c471ff447b3ca0e0bfded076) Importer(2089858483,0ecaa5967403d082aa24f35e1b516d23)
Start importing Assets/Brick Project Studio/Apartment Kit/_Prefabs/Apt Build Kit/Interiors/Frames Windows Stairs & Doors/DoorFrame_Apt_03.prefab using Guid(f3e82dc7c471ff447b3ca0e0bfded076) Importer(2089858483,0ecaa5967403d082aa24f35e1b516d23) Generated GUIDs only implemented for interfaces!
 -> (artifact id: '98f0aa0ba8e21e62b977d087a8cca040') in 0.018384 seconds
Number of updated asset objects reloaded before import = 0
Number of asset objects unloaded after import = 20
========================================================================
Received Import Request.
  Time since last request: 0.000022 seconds.
  path: Assets/Brick Project Studio/Apartment Kit/_Prefabs/Apt Build Kit/Interiors/Frames Windows Stairs & Doors/Int_apt_01_EdgeRail_01.prefab
  artifactKey: Guid(a32793c2d7a973541a705148244340ef) Importer(2089858483,0ecaa5967403d082aa24f35e1b516d23)
Start importing Assets/Brick Project Studio/Apartment Kit/_Prefabs/Apt Build Kit/Interiors/Frames Windows Stairs & Doors/Int_apt_01_EdgeRail_01.prefab using Guid(a32793c2d7a973541a705148244340ef) Importer(2089858483,0ecaa5967403d082aa24f35e1b516d23) Generated GUIDs only implemented for interfaces!
 -> (artifact id: '07f9feea80cdc34a028bf78f53b45259') in 0.020668 seconds
Number of updated asset objects reloaded before import = 0
Number of asset objects unloaded after import = 8
========================================================================
Received Import Request.
  Time since last request: 0.000020 seconds.
  path: Assets/Brick Project Studio/_BPS Basic Assets/Common/Textures/Legacy/Concrete-normal.png
  artifactKey: Guid(7e190a8bc0493c547a469963af75222c) Importer(2089858483,0ecaa5967403d082aa24f35e1b516d23)
Start importing Assets/Brick Project Studio/_BPS Basic Assets/Common/Textures/Legacy/Concrete-normal.png using Guid(7e190a8bc0493c547a469963af75222c) Importer(2089858483,0ecaa5967403d082aa24f35e1b516d23) Generated GUIDs only implemented for interfaces!
 -> (artifact id: 'a97f26edc1a2987d4ad5a3bdae1ce3e6') in 0.038363 seconds
Number of updated asset objects reloaded before import = 0
Number of asset objects unloaded after import = 1
========================================================================
Received Import Request.
  Time since last request: 0.000058 seconds.
  path: Assets/Brick Project Studio/Apartment Kit/_Prefabs/Apt Build Kit/Exteriors/Ext_Apt_01/Ext_Apt_01_Pillar_3x3.prefab
  artifactKey: Guid(8d0226687ab1ae8408b45c04addd8546) Importer(2089858483,0ecaa5967403d082aa24f35e1b516d23)
Start importing Assets/Brick Project Studio/Apartment Kit/_Prefabs/Apt Build Kit/Exteriors/Ext_Apt_01/Ext_Apt_01_Pillar_3x3.prefab using Guid(8d0226687ab1ae8408b45c04addd8546) Importer(2089858483,0ecaa5967403d082aa24f35e1b516d23) Generated GUIDs only implemented for interfaces!
 -> (artifact id: '326fe1a6e45dd79460440cf3754b3d9f') in 0.016581 seconds
Number of updated asset objects reloaded before import = 0
Number of asset objects unloaded after import = 8
========================================================================
Received Import Request.
  Time since last request: 0.000018 seconds.
  path: Assets/Brick Project Studio/_BPS Basic Assets/Common/Scripts and Animations/Doors/openandclose1.controller
  artifactKey: Guid(a78403c5152a9024b9029ea9f39b3592) Importer(2089858483,0ecaa5967403d082aa24f35e1b516d23)
Start importing Assets/Brick Project Studio/_BPS Basic Assets/Common/Scripts and Animations/Doors/openandclose1.controller using Guid(a78403c5152a9024b9029ea9f39b3592) Importer(2089858483,0ecaa5967403d082aa24f35e1b516d23) Generated GUIDs only implemented for interfaces!
 -> (artifact id: 'bdb05c7df7e1fe268fc02d2d551ab3a3') in 0.015487 seconds
Number of updated asset objects reloaded before import = 0
Number of asset objects unloaded after import = 8
========================================================================
Received Import Request.
  Time since last request: 0.000018 seconds.
  path: Assets/Brick Project Studio/_BPS Basic Assets/Common/Textures/Basic Asset/BA_Plastic_01_N.png
  artifactKey: Guid(76bd84ba642ddf0468318d675e90dfe2) Importer(2089858483,0ecaa5967403d082aa24f35e1b516d23)
Start importing Assets/Brick Project Studio/_BPS Basic Assets/Common/Textures/Basic Asset/BA_Plastic_01_N.png using Guid(76bd84ba642ddf0468318d675e90dfe2) Importer(2089858483,0ecaa5967403d082aa24f35e1b516d23) Generated GUIDs only implemented for interfaces!
 -> (artifact id: '0a2fb3d3fb56432c7e456ff45513c0ce') in 0.044172 seconds
Number of updated asset objects reloaded before import = 0
Number of asset objects unloaded after import = 1
========================================================================
Received Import Request.
  Time since last request: 0.000086 seconds.
  path: Assets/Brick Project Studio/_BPS Basic Assets/Common/Textures/Basic Asset/BA_Metal_Brushed_01_N.png
  artifactKey: Guid(28ff0b5cb9b51034a977bc2116ddfe2e) Importer(2089858483,0ecaa5967403d082aa24f35e1b516d23)
Start importing Assets/Brick Project Studio/_BPS Basic Assets/Common/Textures/Basic Asset/BA_Metal_Brushed_01_N.png using Guid(28ff0b5cb9b51034a977bc2116ddfe2e) Importer(2089858483,0ecaa5967403d082aa24f35e1b516d23) Generated GUIDs only implemented for interfaces!
 -> (artifact id: '722ff4fa463676799a54685330983f83') in 0.040841 seconds
Number of updated asset objects reloaded before import = 0
Number of asset objects unloaded after import = 1
========================================================================
Received Import Request.
  Time since last request: 0.000074 seconds.
  path: Assets/Brick Project Studio/_BPS Basic Assets/Common/Textures/Restroom/RR_Panel_01.png
  artifactKey: Guid(678620c0e8a6d8a46920c7f731115bf3) Importer(2089858483,0ecaa5967403d082aa24f35e1b516d23)
Start importing Assets/Brick Project Studio/_BPS Basic Assets/Common/Textures/Restroom/RR_Panel_01.png using Guid(678620c0e8a6d8a46920c7f731115bf3) Importer(2089858483,0ecaa5967403d082aa24f35e1b516d23) Generated GUIDs only implemented for interfaces!
 -> (artifact id: 'f7ce2fa0ae299cf1dabec106136ae71d') in 0.035829 seconds
Number of updated asset objects reloaded before import = 0
Number of asset objects unloaded after import = 1
========================================================================
Received Import Request.
  Time since last request: 0.000035 seconds.
  path: Assets/Brick Project Studio/Apartment Kit/_Prefabs/Apt Build Kit/Exteriors/Ext_Apt_01/Ext_Apt_01_Wall_02.prefab
  artifactKey: Guid(2a316e236f1c5504baf1ef31847a4658) Importer(2089858483,0ecaa5967403d082aa24f35e1b516d23)
Start importing Assets/Brick Project Studio/Apartment Kit/_Prefabs/Apt Build Kit/Exteriors/Ext_Apt_01/Ext_Apt_01_Wall_02.prefab using Guid(2a316e236f1c5504baf1ef31847a4658) Importer(2089858483,0ecaa5967403d082aa24f35e1b516d23) Generated GUIDs only implemented for interfaces!
 -> (artifact id: 'e5f0c578e267d9c1a89c33d24a326bfa') in 0.019968 seconds
Number of updated asset objects reloaded before import = 0
Number of asset objects unloaded after import = 8
========================================================================
Received Import Request.
  Time since last request: 0.000020 seconds.
  path: Assets/Brick Project Studio/Apartment Kit/_Prefabs/Furniture/Kitchen/Cabinets/Cabinet_Base_SD_01.prefab
  artifactKey: Guid(d9d9f374cc51a6b4fb75751346d70b83) Importer(2089858483,0ecaa5967403d082aa24f35e1b516d23)
Start importing Assets/Brick Project Studio/Apartment Kit/_Prefabs/Furniture/Kitchen/Cabinets/Cabinet_Base_SD_01.prefab using Guid(d9d9f374cc51a6b4fb75751346d70b83) Importer(2089858483,0ecaa5967403d082aa24f35e1b516d23) Generated GUIDs only implemented for interfaces!
 -> (artifact id: '7ba5553ceb509bf802022f2baa0f5592') in 0.022578 seconds
Number of updated asset objects reloaded before import = 0
Number of asset objects unloaded after import = 43
========================================================================
Received Import Request.
  Time since last request: 0.000018 seconds.
  path: Assets/Brick Project Studio/_BPS Basic Assets/Common/Materials/Restroom/Int_RR_01.mat
  artifactKey: Guid(b61458ebb19004843af57f63626d7f2a) Importer(2089858483,0ecaa5967403d082aa24f35e1b516d23)
Start importing Assets/Brick Project Studio/_BPS Basic Assets/Common/Materials/Restroom/Int_RR_01.mat using Guid(b61458ebb19004843af57f63626d7f2a) Importer(2089858483,0ecaa5967403d082aa24f35e1b516d23) Generated GUIDs only implemented for interfaces!
 -> (artifact id: 'f93b1f013a16232c98340bfc4e5953eb') in 0.021293 seconds
Number of updated asset objects reloaded before import = 0
Number of asset objects unloaded after import = 3
========================================================================
Received Import Request.
  Time since last request: 0.000024 seconds.
  path: Assets/Brick Project Studio/_BPS Basic Assets/_Prefabs/Basic Asset/BA Build Kit/Exterior/Ext_BA_01_Wall_01.prefab
  artifactKey: Guid(aec71fa5d6ab24744bbfb3afb66de766) Importer(2089858483,0ecaa5967403d082aa24f35e1b516d23)
Start importing Assets/Brick Project Studio/_BPS Basic Assets/_Prefabs/Basic Asset/BA Build Kit/Exterior/Ext_BA_01_Wall_01.prefab using Guid(aec71fa5d6ab24744bbfb3afb66de766) Importer(2089858483,0ecaa5967403d082aa24f35e1b516d23) Generated GUIDs only implemented for interfaces!
 -> (artifact id: '1e824395360dacc283e1383fa1f5235d') in 0.023292 seconds
Number of updated asset objects reloaded before import = 0
Number of asset objects unloaded after import = 8
========================================================================
Received Import Request.
  Time since last request: 0.000017 seconds.
  path: Assets/Brick Project Studio/_BPS Basic Assets/_Prefabs/Basic Asset/BA Build Kit/Exterior/Ext_BA_Roof_03.prefab
  artifactKey: Guid(8c565f534ef70fc4bbe3ede8f7750d96) Importer(2089858483,0ecaa5967403d082aa24f35e1b516d23)
Start importing Assets/Brick Project Studio/_BPS Basic Assets/_Prefabs/Basic Asset/BA Build Kit/Exterior/Ext_BA_Roof_03.prefab using Guid(8c565f534ef70fc4bbe3ede8f7750d96) Importer(2089858483,0ecaa5967403d082aa24f35e1b516d23) Generated GUIDs only implemented for interfaces!
 -> (artifact id: '3d440c2f87c4281c1ecc2db8c67832d6') in 0.021705 seconds
Number of updated asset objects reloaded before import = 0
Number of asset objects unloaded after import = 8
========================================================================
Received Import Request.
  Time since last request: 0.000021 seconds.
  path: Assets/Brick Project Studio/_BPS Basic Assets/Common/Scripts and Animations/Drawer/X Axis/pull_01.controller
  artifactKey: Guid(670045c46abca0544a34a6d8647b08bb) Importer(2089858483,0ecaa5967403d082aa24f35e1b516d23)
Start importing Assets/Brick Project Studio/_BPS Basic Assets/Common/Scripts and Animations/Drawer/X Axis/pull_01.controller using Guid(670045c46abca0544a34a6d8647b08bb) Importer(2089858483,0ecaa5967403d082aa24f35e1b516d23) Generated GUIDs only implemented for interfaces!
 -> (artifact id: 'f73eac6f6d4ace279bb7d539dcf2d966') in 0.016980 seconds
Number of updated asset objects reloaded before import = 0
Number of asset objects unloaded after import = 8
========================================================================
Received Import Request.
  Time since last request: 0.000022 seconds.
  path: Assets/Brick Project Studio/_BPS Basic Assets/_Prefabs/Basic Asset/BA Build Kit/Exterior/Ext_BA_01_Pillar_3x3.prefab
  artifactKey: Guid(933e1ae6be3df0a4495b29a809e3b3ae) Importer(2089858483,0ecaa5967403d082aa24f35e1b516d23)
Start importing Assets/Brick Project Studio/_BPS Basic Assets/_Prefabs/Basic Asset/BA Build Kit/Exterior/Ext_BA_01_Pillar_3x3.prefab using Guid(933e1ae6be3df0a4495b29a809e3b3ae) Importer(2089858483,0ecaa5967403d082aa24f35e1b516d23) Generated GUIDs only implemented for interfaces!
 -> (artifact id: 'd2f01d9c1ee986414d36a450bac6e8e4') in 0.022139 seconds
Number of updated asset objects reloaded before import = 0
Number of asset objects unloaded after import = 8
========================================================================
Received Import Request.
  Time since last request: 0.000019 seconds.
  path: Assets/Brick Project Studio/Apartment Kit/_Prefabs/Furniture/Kitchen/Cabinets/Cabinet_Wall_SD_01.prefab
  artifactKey: Guid(36510e737e626954986f2c5112be9091) Importer(2089858483,0ecaa5967403d082aa24f35e1b516d23)
Start importing Assets/Brick Project Studio/Apartment Kit/_Prefabs/Furniture/Kitchen/Cabinets/Cabinet_Wall_SD_01.prefab using Guid(36510e737e626954986f2c5112be9091) Importer(2089858483,0ecaa5967403d082aa24f35e1b516d23) Generated GUIDs only implemented for interfaces!
 -> (artifact id: '434b7085c0ef04b3129b55621ebb9651') in 0.023615 seconds
Number of updated asset objects reloaded before import = 0
Number of asset objects unloaded after import = 21
========================================================================
Received Import Request.
  Time since last request: 0.000018 seconds.
  path: Assets/Brick Project Studio/_BPS Basic Assets/_Prefabs/Restroom/RR Build Kit/Doors/Int_RR_DoorFrame_01_Unisex.prefab
  artifactKey: Guid(5f635d348fad9f742a95c45e8aceda58) Importer(2089858483,0ecaa5967403d082aa24f35e1b516d23)
Start importing Assets/Brick Project Studio/_BPS Basic Assets/_Prefabs/Restroom/RR Build Kit/Doors/Int_RR_DoorFrame_01_Unisex.prefab using Guid(5f635d348fad9f742a95c45e8aceda58) Importer(2089858483,0ecaa5967403d082aa24f35e1b516d23) Generated GUIDs only implemented for interfaces!
 -> (artifact id: '842e0ea4e8bb4e0e4a4249e1b41992bd') in 0.022734 seconds
Number of updated asset objects reloaded before import = 0
Number of asset objects unloaded after import = 25
========================================================================
Received Import Request.
  Time since last request: 0.000019 seconds.
  path: Assets/Brick Project Studio/_BPS Basic Assets/_Prefabs/Basic Asset/BA Build Kit/Exterior/Ext_BA_01_Pillar_1x1.prefab
  artifactKey: Guid(97bf517250a35a647b9b27c826cd3b71) Importer(2089858483,0ecaa5967403d082aa24f35e1b516d23)
Start importing Assets/Brick Project Studio/_BPS Basic Assets/_Prefabs/Basic Asset/BA Build Kit/Exterior/Ext_BA_01_Pillar_1x1.prefab using Guid(97bf517250a35a647b9b27c826cd3b71) Importer(2089858483,0ecaa5967403d082aa24f35e1b516d23) Generated GUIDs only implemented for interfaces!
 -> (artifact id: '64a9eead16fd54118e06d4dbd4e64505') in 0.021376 seconds
Number of updated asset objects reloaded before import = 0
Number of asset objects unloaded after import = 8
========================================================================
Received Import Request.
  Time since last request: 0.000019 seconds.
  path: Assets/Brick Project Studio/_BPS Basic Assets/_Prefabs/Restroom/RR Build Kit/Doors/Int_RR_DoorFrame_01_Woman.prefab
  artifactKey: Guid(f0043371e2fd88747891ddb3064283ab) Importer(2089858483,0ecaa5967403d082aa24f35e1b516d23)
Start importing Assets/Brick Project Studio/_BPS Basic Assets/_Prefabs/Restroom/RR Build Kit/Doors/Int_RR_DoorFrame_01_Woman.prefab using Guid(f0043371e2fd88747891ddb3064283ab) Importer(2089858483,0ecaa5967403d082aa24f35e1b516d23) Generated GUIDs only implemented for interfaces!
 -> (artifact id: 'c3cb81d6e6e0cf4ff2bcaf5a2456f9b8') in 0.023244 seconds
Number of updated asset objects reloaded before import = 0
Number of asset objects unloaded after import = 25
========================================================================
Received Import Request.
  Time since last request: 0.000028 seconds.
  path: Assets/Brick Project Studio/_BPS Basic Assets/_Prefabs/Basic Asset/BA Build Kit/Exterior/Ext_BA_Roof_02.prefab
  artifactKey: Guid(dd6658866c1c65a4aa4a6c6e8e34e4f5) Importer(2089858483,0ecaa5967403d082aa24f35e1b516d23)
Start importing Assets/Brick Project Studio/_BPS Basic Assets/_Prefabs/Basic Asset/BA Build Kit/Exterior/Ext_BA_Roof_02.prefab using Guid(dd6658866c1c65a4aa4a6c6e8e34e4f5) Importer(2089858483,0ecaa5967403d082aa24f35e1b516d23) Generated GUIDs only implemented for interfaces!
 -> (artifact id: 'a6425acb9da7dc0275d275183b3174e2') in 0.020479 seconds
Number of updated asset objects reloaded before import = 0
Number of asset objects unloaded after import = 8
========================================================================
Received Import Request.
  Time since last request: 0.000022 seconds.
  path: Assets/Brick Project Studio/_BPS Basic Assets/_Prefabs/Restroom/RR Build Kit/Doors/Int_RR_DoorFrame_01_Man.prefab
  artifactKey: Guid(229639aed4129534fa69a11f5305b94e) Importer(2089858483,0ecaa5967403d082aa24f35e1b516d23)
Start importing Assets/Brick Project Studio/_BPS Basic Assets/_Prefabs/Restroom/RR Build Kit/Doors/Int_RR_DoorFrame_01_Man.prefab using Guid(229639aed4129534fa69a11f5305b94e) Importer(2089858483,0ecaa5967403d082aa24f35e1b516d23) Generated GUIDs only implemented for interfaces!
 -> (artifact id: '2447256b31edad8f0666ea4d0a0c5ce8') in 0.020894 seconds
Number of updated asset objects reloaded before import = 0
Number of asset objects unloaded after import = 25
========================================================================
Received Import Request.
  Time since last request: 0.000017 seconds.
  path: Assets/Brick Project Studio/_BPS Basic Assets/_Prefabs/Restroom/RR Build Kit/Stall/RR_Stall_01_R.prefab
  artifactKey: Guid(9c3dbc8f461d4914d9c9d995785ff708) Importer(2089858483,0ecaa5967403d082aa24f35e1b516d23)
Start importing Assets/Brick Project Studio/_BPS Basic Assets/_Prefabs/Restroom/RR Build Kit/Stall/RR_Stall_01_R.prefab using Guid(9c3dbc8f461d4914d9c9d995785ff708) Importer(2089858483,0ecaa5967403d082aa24f35e1b516d23) Generated GUIDs only implemented for interfaces!
 -> (artifact id: '30d0e8b11edbc0107b33c3d9aa861151') in 0.023859 seconds
Number of updated asset objects reloaded before import = 0
Number of asset objects unloaded after import = 13
========================================================================
Received Import Request.
  Time since last request: 0.000066 seconds.
  path: Assets/Brick Project Studio/_BPS Basic Assets/_Prefabs/Restroom/RR Build Kit/Walls/Int_RR_01_pillar_1x1.prefab
  artifactKey: Guid(4da894abfa482cf43b36780ecf3abd44) Importer(2089858483,0ecaa5967403d082aa24f35e1b516d23)
Start importing Assets/Brick Project Studio/_BPS Basic Assets/_Prefabs/Restroom/RR Build Kit/Walls/Int_RR_01_pillar_1x1.prefab using Guid(4da894abfa482cf43b36780ecf3abd44) Importer(2089858483,0ecaa5967403d082aa24f35e1b516d23) Generated GUIDs only implemented for interfaces!
 -> (artifact id: '62bd514cb24dc446636cd434fe5f4640') in 0.019721 seconds
Number of updated asset objects reloaded before import = 0
Number of asset objects unloaded after import = 8
========================================================================
Received Import Request.
  Time since last request: 0.000021 seconds.
  path: Assets/Brick Project Studio/Apartment Kit/_Prefabs/Furniture/Kitchen/Cabinets/Cabinet_Wall_DD_01.prefab
  artifactKey: Guid(d2d91ff190ebafa41b8fa852ad4c0f8c) Importer(2089858483,0ecaa5967403d082aa24f35e1b516d23)
Start importing Assets/Brick Project Studio/Apartment Kit/_Prefabs/Furniture/Kitchen/Cabinets/Cabinet_Wall_DD_01.prefab using Guid(d2d91ff190ebafa41b8fa852ad4c0f8c) Importer(2089858483,0ecaa5967403d082aa24f35e1b516d23) Generated GUIDs only implemented for interfaces!
 -> (artifact id: '9f1bd9b3beb3f9836f12476c02671e81') in 0.023018 seconds
Number of updated asset objects reloaded before import = 0
Number of asset objects unloaded after import = 34
========================================================================
Received Import Request.
  Time since last request: 0.000022 seconds.
  path: Assets/Brick Project Studio/_BPS Basic Assets/_Prefabs/Restroom/RR Build Kit/Walls/Int_RR_01_pillar_3x3.prefab
  artifactKey: Guid(02f55a24f89f19d4083c38a6fd760a46) Importer(2089858483,0ecaa5967403d082aa24f35e1b516d23)
Start importing Assets/Brick Project Studio/_BPS Basic Assets/_Prefabs/Restroom/RR Build Kit/Walls/Int_RR_01_pillar_3x3.prefab using Guid(02f55a24f89f19d4083c38a6fd760a46) Importer(2089858483,0ecaa5967403d082aa24f35e1b516d23) Generated GUIDs only implemented for interfaces!
 -> (artifact id: 'f177d71c94872a5107b98fce2a72e475') in 0.021955 seconds
Number of updated asset objects reloaded before import = 0
Number of asset objects unloaded after import = 8
========================================================================
Received Import Request.
  Time since last request: 0.000020 seconds.
  path: Assets/Brick Project Studio/_BPS Basic Assets/_Prefabs/Basic Asset/Furniture_Props/BPS_Table_01.prefab
  artifactKey: Guid(3a3c0bbe58beeff4a8d63acd5a770137) Importer(2089858483,0ecaa5967403d082aa24f35e1b516d23)
Start importing Assets/Brick Project Studio/_BPS Basic Assets/_Prefabs/Basic Asset/Furniture_Props/BPS_Table_01.prefab using Guid(3a3c0bbe58beeff4a8d63acd5a770137) Importer(2089858483,0ecaa5967403d082aa24f35e1b516d23) Generated GUIDs only implemented for interfaces!
 -> (artifact id: '2f4ddd022b11f64981c75db15fe8ff4a') in 0.021303 seconds
Number of updated asset objects reloaded before import = 0
Number of asset objects unloaded after import = 8
========================================================================
Received Import Request.
  Time since last request: 0.000016 seconds.
  path: Assets/Brick Project Studio/Apartment Kit/_Prefabs/Furniture/Kitchen/Cabinets/Cabinet_Base_Corner_01.prefab
  artifactKey: Guid(9e4d4910b774d1f48810a4fa933835c5) Importer(2089858483,0ecaa5967403d082aa24f35e1b516d23)
Start importing Assets/Brick Project Studio/Apartment Kit/_Prefabs/Furniture/Kitchen/Cabinets/Cabinet_Base_Corner_01.prefab using Guid(9e4d4910b774d1f48810a4fa933835c5) Importer(2089858483,0ecaa5967403d082aa24f35e1b516d23) Generated GUIDs only implemented for interfaces!
 -> (artifact id: '9c1b85424ef2538ffa3e918aeb718a02') in 0.022939 seconds
Number of updated asset objects reloaded before import = 0
Number of asset objects unloaded after import = 37
========================================================================
Received Import Request.
  Time since last request: 0.000021 seconds.
  path: Assets/Brick Project Studio/_BPS Basic Assets/_Prefabs/Basic Asset/BA Build Kit/IntExt/IntExt_BA_GlassFrame_01.prefab
  artifactKey: Guid(8a4a119fc2ad9fa40817bd6773fe107a) Importer(2089858483,0ecaa5967403d082aa24f35e1b516d23)
Start importing Assets/Brick Project Studio/_BPS Basic Assets/_Prefabs/Basic Asset/BA Build Kit/IntExt/IntExt_BA_GlassFrame_01.prefab using Guid(8a4a119fc2ad9fa40817bd6773fe107a) Importer(2089858483,0ecaa5967403d082aa24f35e1b516d23) Generated GUIDs only implemented for interfaces!
 -> (artifact id: 'b934a696348b9e2ce1740103c53b24c1') in 0.021022 seconds
Number of updated asset objects reloaded before import = 0
Number of asset objects unloaded after import = 13
========================================================================
Received Import Request.
  Time since last request: 0.000019 seconds.
  path: Assets/Brick Project Studio/_BPS Basic Assets/Common/Scripts and Animations/Windows/Openingwindow.anim
  artifactKey: Guid(7169b9ec272e3914984cc69c69486082) Importer(2089858483,0ecaa5967403d082aa24f35e1b516d23)
Start importing Assets/Brick Project Studio/_BPS Basic Assets/Common/Scripts and Animations/Windows/Openingwindow.anim using Guid(7169b9ec272e3914984cc69c69486082) Importer(2089858483,0ecaa5967403d082aa24f35e1b516d23) Generated GUIDs only implemented for interfaces!
 -> (artifact id: 'dad8d92c130f3aec8aac724e53080d9c') in 0.015277 seconds
Number of updated asset objects reloaded before import = 0
Number of asset objects unloaded after import = 1
========================================================================
Received Import Request.
  Time since last request: 0.000027 seconds.
  path: Assets/Brick Project Studio/Apartment Kit/_Prefabs/Furniture/Kitchen/Cabinets/Cabinet_Wall_Corner_01.prefab
  artifactKey: Guid(f072b6d5974d6a14da67d1db1cd20b92) Importer(2089858483,0ecaa5967403d082aa24f35e1b516d23)
Start importing Assets/Brick Project Studio/Apartment Kit/_Prefabs/Furniture/Kitchen/Cabinets/Cabinet_Wall_Corner_01.prefab using Guid(f072b6d5974d6a14da67d1db1cd20b92) Importer(2089858483,0ecaa5967403d082aa24f35e1b516d23) Generated GUIDs only implemented for interfaces!
 -> (artifact id: 'babed19f2f433003ca2dad92415999c5') in 0.022444 seconds
Number of updated asset objects reloaded before import = 0
Number of asset objects unloaded after import = 47
========================================================================
Received Import Request.
  Time since last request: 0.000019 seconds.
  path: Assets/Brick Project Studio/_BPS Basic Assets/Common/Scripts and Animations/Drawer/Z Axis/Drawer_Pull_Z.cs
  artifactKey: Guid(286620fa050ddc24d90bd777daaa73c5) Importer(2089858483,0ecaa5967403d082aa24f35e1b516d23)
Start importing Assets/Brick Project Studio/_BPS Basic Assets/Common/Scripts and Animations/Drawer/Z Axis/Drawer_Pull_Z.cs using Guid(286620fa050ddc24d90bd777daaa73c5) Importer(2089858483,0ecaa5967403d082aa24f35e1b516d23) Generated GUIDs only implemented for interfaces!
 -> (artifact id: 'ab31387531b8a6fd45c634550aa43fef') in 0.015564 seconds
Number of updated asset objects reloaded before import = 0
Number of asset objects unloaded after import = 1
========================================================================
Received Import Request.
  Time since last request: 0.000078 seconds.
  path: Assets/Brick Project Studio/_BPS Basic Assets/Common/Textures/Restroom/Int_RR_01_A.png
  artifactKey: Guid(9ec16e8e97fefce479fe70e0e7115274) Importer(2089858483,0ecaa5967403d082aa24f35e1b516d23)
Start importing Assets/Brick Project Studio/_BPS Basic Assets/Common/Textures/Restroom/Int_RR_01_A.png using Guid(9ec16e8e97fefce479fe70e0e7115274) Importer(2089858483,0ecaa5967403d082aa24f35e1b516d23) Generated GUIDs only implemented for interfaces!
 -> (artifact id: '3a2a9d07d26852586a75e3a1d93a408b') in 0.044468 seconds
Number of updated asset objects reloaded before import = 0
Number of asset objects unloaded after import = 1
========================================================================
Received Import Request.
  Time since last request: 0.000043 seconds.
  path: Assets/Brick Project Studio/_BPS Basic Assets/Common/Models/Build Kits/Build Kit Doors_01.fbx
  artifactKey: Guid(cb07ca870cf1d5444b85ea4e3ee49a58) Importer(2089858483,0ecaa5967403d082aa24f35e1b516d23)
Start importing Assets/Brick Project Studio/_BPS Basic Assets/Common/Models/Build Kits/Build Kit Doors_01.fbx using Guid(cb07ca870cf1d5444b85ea4e3ee49a58) Importer(2089858483,0ecaa5967403d082aa24f35e1b516d23) Generated GUIDs only implemented for interfaces!
 -> (artifact id: '197b4fedd3fc7dc72c16b8a5a807f849') in 0.034971 seconds
Number of updated asset objects reloaded before import = 0
Number of asset objects unloaded after import = 44
========================================================================
Received Import Request.
  Time since last request: 0.000013 seconds.
  path: Assets/Brick Project Studio/Apartment Kit/_Prefabs/Apt Build Kit/Interiors/Special/Wall Tiles/BR_Tile_APT_02_01.prefab
  artifactKey: Guid(f65183ca19c1b4448a412998605b2216) Importer(2089858483,0ecaa5967403d082aa24f35e1b516d23)
Start importing Assets/Brick Project Studio/Apartment Kit/_Prefabs/Apt Build Kit/Interiors/Special/Wall Tiles/BR_Tile_APT_02_01.prefab using Guid(f65183ca19c1b4448a412998605b2216) Importer(2089858483,0ecaa5967403d082aa24f35e1b516d23) Generated GUIDs only implemented for interfaces!
 -> (artifact id: 'c78655f204494f16ecb1ec17ec0794fe') in 0.017532 seconds
Number of updated asset objects reloaded before import = 0
Number of asset objects unloaded after import = 8
========================================================================
Received Import Request.
  Time since last request: 0.000021 seconds.
  path: Assets/Brick Project Studio/Apartment Kit/_Prefabs/Apt Build Kit/Interiors/Special/Collum/Int_Collum_Apt_02.prefab
  artifactKey: Guid(316068d5ea092d0438b2f98b4f2df6a7) Importer(2089858483,0ecaa5967403d082aa24f35e1b516d23)
Start importing Assets/Brick Project Studio/Apartment Kit/_Prefabs/Apt Build Kit/Interiors/Special/Collum/Int_Collum_Apt_02.prefab using Guid(316068d5ea092d0438b2f98b4f2df6a7) Importer(2089858483,0ecaa5967403d082aa24f35e1b516d23) Generated GUIDs only implemented for interfaces!
 -> (artifact id: '8783d0e7d8297435b5fc1bf338325230') in 0.017474 seconds
Number of updated asset objects reloaded before import = 0
Number of asset objects unloaded after import = 8
========================================================================
Received Import Request.
  Time since last request: 0.000022 seconds.
  path: Assets/Brick Project Studio/Apartment Kit/_Prefabs/Apt Build Kit/Interiors/Special/Molding/Int_Molding_Ceiling_Apt_02.prefab
  artifactKey: Guid(9cfc770309e695442acba3403353b6fe) Importer(2089858483,0ecaa5967403d082aa24f35e1b516d23)
Start importing Assets/Brick Project Studio/Apartment Kit/_Prefabs/Apt Build Kit/Interiors/Special/Molding/Int_Molding_Ceiling_Apt_02.prefab using Guid(9cfc770309e695442acba3403353b6fe) Importer(2089858483,0ecaa5967403d082aa24f35e1b516d23) Generated GUIDs only implemented for interfaces!
 -> (artifact id: '0384d59c7f0e689ec1e91e78e1fbf27b') in 0.018985 seconds
Number of updated asset objects reloaded before import = 0
Number of asset objects unloaded after import = 7
========================================================================
Received Import Request.
  Time since last request: 0.000017 seconds.
  path: Assets/Brick Project Studio/Apartment Kit/_Prefabs/Apt Build Kit/Interiors/Walls Frames & Doors/Apt_01/Int_Apt_01_Wall_Double_01.prefab
  artifactKey: Guid(252cc1d947dc9f34fa0d633f87bbcfc0) Importer(2089858483,0ecaa5967403d082aa24f35e1b516d23)
Start importing Assets/Brick Project Studio/Apartment Kit/_Prefabs/Apt Build Kit/Interiors/Walls Frames & Doors/Apt_01/Int_Apt_01_Wall_Double_01.prefab using Guid(252cc1d947dc9f34fa0d633f87bbcfc0) Importer(2089858483,0ecaa5967403d082aa24f35e1b516d23) Generated GUIDs only implemented for interfaces!
 -> (artifact id: '8a776ecf7b8f2f0af345c9cf6cc56cc9') in 0.020034 seconds
Number of updated asset objects reloaded before import = 0
Number of asset objects unloaded after import = 8
========================================================================
Received Import Request.
  Time since last request: 0.000018 seconds.
  path: Assets/Brick Project Studio/Apartment Kit/_Prefabs/Apt Build Kit/Interiors/Special/Wall Tiles/BR_Tile_APT_02_03.prefab
  artifactKey: Guid(00d829056aee4bb4e9ce54ff8b45aa45) Importer(2089858483,0ecaa5967403d082aa24f35e1b516d23)
Start importing Assets/Brick Project Studio/Apartment Kit/_Prefabs/Apt Build Kit/Interiors/Special/Wall Tiles/BR_Tile_APT_02_03.prefab using Guid(00d829056aee4bb4e9ce54ff8b45aa45) Importer(2089858483,0ecaa5967403d082aa24f35e1b516d23) Generated GUIDs only implemented for interfaces!
 -> (artifact id: 'cf8ad6a28f2109c0505554a75169f79a') in 0.018523 seconds
Number of updated asset objects reloaded before import = 0
Number of asset objects unloaded after import = 8
========================================================================
Received Import Request.
  Time since last request: 0.000018 seconds.
  path: Assets/Brick Project Studio/_BPS Basic Assets/_Prefabs/Restroom/RR Build Kit/Walls/Int_RR_01_Wall_01.prefab
  artifactKey: Guid(b813d19c40ec4bc43890e91f97b087d3) Importer(2089858483,0ecaa5967403d082aa24f35e1b516d23)
Start importing Assets/Brick Project Studio/_BPS Basic Assets/_Prefabs/Restroom/RR Build Kit/Walls/Int_RR_01_Wall_01.prefab using Guid(b813d19c40ec4bc43890e91f97b087d3) Importer(2089858483,0ecaa5967403d082aa24f35e1b516d23) Generated GUIDs only implemented for interfaces!
 -> (artifact id: 'f918c5461d0c77e1f375ecb558901d62') in 0.019936 seconds
Number of updated asset objects reloaded before import = 0
Number of asset objects unloaded after import = 8
========================================================================
Received Import Request.
  Time since last request: 0.000026 seconds.
  path: Assets/Brick Project Studio/Apartment Kit/_Prefabs/Apt Build Kit/Interiors/Walls Frames & Doors/Apt_01/Int_Apt_01_Wall_01.prefab
  artifactKey: Guid(c5be39b879c83f54d9bbfebe68c809be) Importer(2089858483,0ecaa5967403d082aa24f35e1b516d23)
Start importing Assets/Brick Project Studio/Apartment Kit/_Prefabs/Apt Build Kit/Interiors/Walls Frames & Doors/Apt_01/Int_Apt_01_Wall_01.prefab using Guid(c5be39b879c83f54d9bbfebe68c809be) Importer(2089858483,0ecaa5967403d082aa24f35e1b516d23) Generated GUIDs only implemented for interfaces!
 -> (artifact id: 'aa24e567a301bddf69eb501df22a8d1c') in 0.020600 seconds
Number of updated asset objects reloaded before import = 0
Number of asset objects unloaded after import = 8
========================================================================
Received Import Request.
  Time since last request: 0.000020 seconds.
  path: Assets/Brick Project Studio/Apartment Kit/_Prefabs/Apt Build Kit/Interiors/Special/Wall Modern/Int_WallExtrude_02_02.prefab
  artifactKey: Guid(c32373f77912b2b4b91d6e8e1ced623f) Importer(2089858483,0ecaa5967403d082aa24f35e1b516d23)
Start importing Assets/Brick Project Studio/Apartment Kit/_Prefabs/Apt Build Kit/Interiors/Special/Wall Modern/Int_WallExtrude_02_02.prefab using Guid(c32373f77912b2b4b91d6e8e1ced623f) Importer(2089858483,0ecaa5967403d082aa24f35e1b516d23) Generated GUIDs only implemented for interfaces!
 -> (artifact id: '11bc0e1b38cd2fbed7dab115030fcdff') in 0.021168 seconds
Number of updated asset objects reloaded before import = 0
Number of asset objects unloaded after import = 8
========================================================================
Received Import Request.
  Time since last request: 0.000017 seconds.
  path: Assets/Brick Project Studio/Apartment Kit/_Prefabs/Apt Build Kit/Interiors/Walls Frames & Doors/Apt_02/Int_Apt_02_Wall_01.prefab
  artifactKey: Guid(fb28b01c668360548b1caee1ee42ac7e) Importer(2089858483,0ecaa5967403d082aa24f35e1b516d23)
Start importing Assets/Brick Project Studio/Apartment Kit/_Prefabs/Apt Build Kit/Interiors/Walls Frames & Doors/Apt_02/Int_Apt_02_Wall_01.prefab using Guid(fb28b01c668360548b1caee1ee42ac7e) Importer(2089858483,0ecaa5967403d082aa24f35e1b516d23) Generated GUIDs only implemented for interfaces!
 -> (artifact id: '65b4d19964249811f3b2b1c7b652bb18') in 0.017304 seconds
Number of updated asset objects reloaded before import = 0
Number of asset objects unloaded after import = 8
========================================================================
Received Import Request.
  Time since last request: 0.000020 seconds.
  path: Assets/Brick Project Studio/Apartment Kit/_Prefabs/Apt Build Kit/Interiors/Special/Wall Tiles/BR_Tile_APT_02_06.prefab
  artifactKey: Guid(0267a6b41f222044f98d57dd7a4835fb) Importer(2089858483,0ecaa5967403d082aa24f35e1b516d23)
Start importing Assets/Brick Project Studio/Apartment Kit/_Prefabs/Apt Build Kit/Interiors/Special/Wall Tiles/BR_Tile_APT_02_06.prefab using Guid(0267a6b41f222044f98d57dd7a4835fb) Importer(2089858483,0ecaa5967403d082aa24f35e1b516d23) Generated GUIDs only implemented for interfaces!
 -> (artifact id: '1dd01e2e66e83a28f25b0c137e5aa930') in 0.019787 seconds
Number of updated asset objects reloaded before import = 0
Number of asset objects unloaded after import = 8
========================================================================
Received Import Request.
  Time since last request: 0.000021 seconds.
  path: Assets/Brick Project Studio/Apartment Kit/_Prefabs/Apt Build Kit/Interiors/Special/Wall Tiles/BR_Tile_APT_01_05.prefab
  artifactKey: Guid(8b20f7b1c11009a4fb828bb33ad93690) Importer(2089858483,0ecaa5967403d082aa24f35e1b516d23)
Start importing Assets/Brick Project Studio/Apartment Kit/_Prefabs/Apt Build Kit/Interiors/Special/Wall Tiles/BR_Tile_APT_01_05.prefab using Guid(8b20f7b1c11009a4fb828bb33ad93690) Importer(2089858483,0ecaa5967403d082aa24f35e1b516d23) Generated GUIDs only implemented for interfaces!
 -> (artifact id: '4053f90d1c8267acc109a66e41f467d3') in 0.017676 seconds
Number of updated asset objects reloaded before import = 0
Number of asset objects unloaded after import = 8
========================================================================
Received Import Request.
  Time since last request: 0.000021 seconds.
  path: Assets/Brick Project Studio/Apartment Kit/_Prefabs/Apt Build Kit/Interiors/Special/Molding/Int_Molding_Base_Apt_02.prefab
  artifactKey: Guid(f209b4f30262ac0479f8e1072403c9cd) Importer(2089858483,0ecaa5967403d082aa24f35e1b516d23)
Start importing Assets/Brick Project Studio/Apartment Kit/_Prefabs/Apt Build Kit/Interiors/Special/Molding/Int_Molding_Base_Apt_02.prefab using Guid(f209b4f30262ac0479f8e1072403c9cd) Importer(2089858483,0ecaa5967403d082aa24f35e1b516d23) Generated GUIDs only implemented for interfaces!
 -> (artifact id: 'c312a2a93e9e95f66044c599fa24ae7b') in 0.018946 seconds
Number of updated asset objects reloaded before import = 0
Number of asset objects unloaded after import = 7
========================================================================
Received Import Request.
  Time since last request: 0.000019 seconds.
  path: Assets/Brick Project Studio/Apartment Kit/_Prefabs/Apt Build Kit/Interiors/Walls Frames & Doors/Apt_01/Int_Apt_01_Pillar_4x4.prefab
  artifactKey: Guid(336374783a6a6f9438803704ebba706f) Importer(2089858483,0ecaa5967403d082aa24f35e1b516d23)
Start importing Assets/Brick Project Studio/Apartment Kit/_Prefabs/Apt Build Kit/Interiors/Walls Frames & Doors/Apt_01/Int_Apt_01_Pillar_4x4.prefab using Guid(336374783a6a6f9438803704ebba706f) Importer(2089858483,0ecaa5967403d082aa24f35e1b516d23) Generated GUIDs only implemented for interfaces!
 -> (artifact id: '4ced90b723d8ba440e0753d11ddb9aa3') in 0.024478 seconds
Number of updated asset objects reloaded before import = 0
Number of asset objects unloaded after import = 8
========================================================================
Received Import Request.
  Time since last request: 0.000019 seconds.
  path: Assets/Brick Project Studio/Apartment Kit/_Prefabs/Apt Build Kit/Interiors/Special/Wall Tiles/BR_Tile_APT_02_05.prefab
  artifactKey: Guid(fd67a8bb0f3907e4589fd38ca697c221) Importer(2089858483,0ecaa5967403d082aa24f35e1b516d23)
Start importing Assets/Brick Project Studio/Apartment Kit/_Prefabs/Apt Build Kit/Interiors/Special/Wall Tiles/BR_Tile_APT_02_05.prefab using Guid(fd67a8bb0f3907e4589fd38ca697c221) Importer(2089858483,0ecaa5967403d082aa24f35e1b516d23) Generated GUIDs only implemented for interfaces!
 -> (artifact id: '6bee7299c1a52cce96ca9769edda02f0') in 0.018472 seconds
Number of updated asset objects reloaded before import = 0
Number of asset objects unloaded after import = 8
========================================================================
Received Import Request.
  Time since last request: 0.000017 seconds.
  path: Assets/Brick Project Studio/Apartment Kit/_Prefabs/Apt Build Kit/Interiors/Walls Frames & Doors/Apt_01/Int_Apt_01_Wall_03.prefab
  artifactKey: Guid(0ef87058d11dd764abf30aefa470c526) Importer(2089858483,0ecaa5967403d082aa24f35e1b516d23)
Start importing Assets/Brick Project Studio/Apartment Kit/_Prefabs/Apt Build Kit/Interiors/Walls Frames & Doors/Apt_01/Int_Apt_01_Wall_03.prefab using Guid(0ef87058d11dd764abf30aefa470c526) Importer(2089858483,0ecaa5967403d082aa24f35e1b516d23) Generated GUIDs only implemented for interfaces!
 -> (artifact id: 'd4d445b5aef682d42bdcbc6c3afb5a02') in 0.022038 seconds
Number of updated asset objects reloaded before import = 0
Number of asset objects unloaded after import = 8
========================================================================
Received Import Request.
  Time since last request: 0.000014 seconds.
  path: Assets/Brick Project Studio/_BPS Basic Assets/_Prefabs/Restroom/RR Build Kit/Walls/Int_RR_01_Wall_02.prefab
  artifactKey: Guid(5e1b3720a07b67c49a261a96f4842593) Importer(2089858483,0ecaa5967403d082aa24f35e1b516d23)
Start importing Assets/Brick Project Studio/_BPS Basic Assets/_Prefabs/Restroom/RR Build Kit/Walls/Int_RR_01_Wall_02.prefab using Guid(5e1b3720a07b67c49a261a96f4842593) Importer(2089858483,0ecaa5967403d082aa24f35e1b516d23) Generated GUIDs only implemented for interfaces!
 -> (artifact id: '96c5a090eff3dbebe66411001a2c0e3d') in 0.017394 seconds
Number of updated asset objects reloaded before import = 0
Number of asset objects unloaded after import = 8
========================================================================
Received Import Request.
  Time since last request: 0.000022 seconds.
  path: Assets/Brick Project Studio/_BPS Basic Assets/_Prefabs/Restroom/RR Build Kit/Walls/Int_RR_01_pillar_4x4.prefab
  artifactKey: Guid(8a493615f312d5b43bc73a74f397fcdb) Importer(2089858483,0ecaa5967403d082aa24f35e1b516d23)
Start importing Assets/Brick Project Studio/_BPS Basic Assets/_Prefabs/Restroom/RR Build Kit/Walls/Int_RR_01_pillar_4x4.prefab using Guid(8a493615f312d5b43bc73a74f397fcdb) Importer(2089858483,0ecaa5967403d082aa24f35e1b516d23) Generated GUIDs only implemented for interfaces!
 -> (artifact id: '860baf56a3590e907ccaa82db6463751') in 0.019831 seconds
Number of updated asset objects reloaded before import = 0
Number of asset objects unloaded after import = 8
========================================================================
Received Import Request.
  Time since last request: 0.000024 seconds.
  path: Assets/Brick Project Studio/Apartment Kit/_Prefabs/Apt Build Kit/Interiors/Walls Frames & Doors/Apt_01/Int_Apt_01_Wall_02.prefab
  artifactKey: Guid(f01b8dde2f2266c4a9c87acaa4ed6003) Importer(2089858483,0ecaa5967403d082aa24f35e1b516d23)
Start importing Assets/Brick Project Studio/Apartment Kit/_Prefabs/Apt Build Kit/Interiors/Walls Frames & Doors/Apt_01/Int_Apt_01_Wall_02.prefab using Guid(f01b8dde2f2266c4a9c87acaa4ed6003) Importer(2089858483,0ecaa5967403d082aa24f35e1b516d23) Generated GUIDs only implemented for interfaces!
 -> (artifact id: '2ffb86100f7ccd7b9e7759b536bfa56f') in 0.019400 seconds
Number of updated asset objects reloaded before import = 0
Number of asset objects unloaded after import = 8
========================================================================
Received Import Request.
  Time since last request: 0.000023 seconds.
  path: Assets/Brick Project Studio/_BPS Basic Assets/Common/Materials/Basic Assets/Int_BS_02.mat
  artifactKey: Guid(1f972757765558b46aa948a406f8542a) Importer(2089858483,0ecaa5967403d082aa24f35e1b516d23)
Start importing Assets/Brick Project Studio/_BPS Basic Assets/Common/Materials/Basic Assets/Int_BS_02.mat using Guid(1f972757765558b46aa948a406f8542a) Importer(2089858483,0ecaa5967403d082aa24f35e1b516d23) Generated GUIDs only implemented for interfaces!
 -> (artifact id: '40f1ef5ea356bdcdb2024d3e9f9444f8') in 0.017806 seconds
Number of updated asset objects reloaded before import = 0
Number of asset objects unloaded after import = 2
========================================================================
Received Import Request.
  Time since last request: 0.000022 seconds.
  path: Assets/Brick Project Studio/Apartment Kit/_Prefabs/Apt Build Kit/Interiors/Special/Wall Modern/Int_WallExtrude_01_01.prefab
  artifactKey: Guid(6f3fdbc163e80234c908f27761c7c3a9) Importer(2089858483,0ecaa5967403d082aa24f35e1b516d23)
Start importing Assets/Brick Project Studio/Apartment Kit/_Prefabs/Apt Build Kit/Interiors/Special/Wall Modern/Int_WallExtrude_01_01.prefab using Guid(6f3fdbc163e80234c908f27761c7c3a9) Importer(2089858483,0ecaa5967403d082aa24f35e1b516d23) Generated GUIDs only implemented for interfaces!
 -> (artifact id: '59ecc7045ded573b4b1d67e4677d8939') in 0.018534 seconds
Number of updated asset objects reloaded before import = 0
Number of asset objects unloaded after import = 8
========================================================================
Received Import Request.
  Time since last request: 0.000018 seconds.
  path: Assets/Brick Project Studio/_BPS Basic Assets/Common/Textures/Basic Asset/BS_Texture_map_SE.png
  artifactKey: Guid(5582ded7245c6074b9e3c52d0ee70c84) Importer(2089858483,0ecaa5967403d082aa24f35e1b516d23)
Start importing Assets/Brick Project Studio/_BPS Basic Assets/Common/Textures/Basic Asset/BS_Texture_map_SE.png using Guid(5582ded7245c6074b9e3c52d0ee70c84) Importer(2089858483,0ecaa5967403d082aa24f35e1b516d23) Generated GUIDs only implemented for interfaces!
 -> (artifact id: 'fb70027c08f49699100d3d4bc13405a6') in 0.042875 seconds
Number of updated asset objects reloaded before import = 0
Number of asset objects unloaded after import = 1
========================================================================
Received Import Request.
  Time since last request: 0.000067 seconds.
  path: Assets/Brick Project Studio/_BPS Basic Assets/Common/Materials/Fire/Fire_Alpha_01.mat
  artifactKey: Guid(cdb5cf50c86c5e1479a217fd032beff8) Importer(2089858483,0ecaa5967403d082aa24f35e1b516d23)
Start importing Assets/Brick Project Studio/_BPS Basic Assets/Common/Materials/Fire/Fire_Alpha_01.mat using Guid(cdb5cf50c86c5e1479a217fd032beff8) Importer(2089858483,0ecaa5967403d082aa24f35e1b516d23) Generated GUIDs only implemented for interfaces!
 -> (artifact id: 'f7f8ef4fdc9c5563313d6bcbb33de0bb') in 0.015565 seconds
Number of updated asset objects reloaded before import = 0
Number of asset objects unloaded after import = 2
========================================================================
Received Import Request.
  Time since last request: 0.000016 seconds.
  path: Assets/Brick Project Studio/_BPS Basic Assets/_Prefabs/Restroom/Fixtures/RR_Toilet_01.prefab
  artifactKey: Guid(8241ffa2db322f148a140189e8ca4afd) Importer(2089858483,0ecaa5967403d082aa24f35e1b516d23)
Start importing Assets/Brick Project Studio/_BPS Basic Assets/_Prefabs/Restroom/Fixtures/RR_Toilet_01.prefab using Guid(8241ffa2db322f148a140189e8ca4afd) Importer(2089858483,0ecaa5967403d082aa24f35e1b516d23) Generated GUIDs only implemented for interfaces!
 -> (artifact id: '214bacbc321f1d7dca003572c6203374') in 0.043243 seconds
Number of updated asset objects reloaded before import = 0
Number of asset objects unloaded after import = 18
========================================================================
Received Import Request.
  Time since last request: 0.000015 seconds.
  path: Assets/Brick Project Studio/_BPS Basic Assets/_Prefabs/Basic Asset/BA Build Kit/Interior/Doors Frames/Int_BA_Frame_01.prefab
  artifactKey: Guid(b973231003cf93b4f8dd9837bafc50cb) Importer(2089858483,0ecaa5967403d082aa24f35e1b516d23)
Start importing Assets/Brick Project Studio/_BPS Basic Assets/_Prefabs/Basic Asset/BA Build Kit/Interior/Doors Frames/Int_BA_Frame_01.prefab using Guid(b973231003cf93b4f8dd9837bafc50cb) Importer(2089858483,0ecaa5967403d082aa24f35e1b516d23) Generated GUIDs only implemented for interfaces!
 -> (artifact id: '8fe34fed9b60260c5034e9b678a106b0') in 0.045143 seconds
Number of updated asset objects reloaded before import = 0
Number of asset objects unloaded after import = 26
========================================================================
Received Import Request.
  Time since last request: 0.000023 seconds.
  path: Assets/Brick Project Studio/Apartment Kit/_Prefabs/Apt Build Kit/Interiors/Walls Frames & Doors/Apt_02/Int_Apt_02_Wall_03.prefab
  artifactKey: Guid(17aade79dac654f4aa0b24a36cd4b136) Importer(2089858483,0ecaa5967403d082aa24f35e1b516d23)
Start importing Assets/Brick Project Studio/Apartment Kit/_Prefabs/Apt Build Kit/Interiors/Walls Frames & Doors/Apt_02/Int_Apt_02_Wall_03.prefab using Guid(17aade79dac654f4aa0b24a36cd4b136) Importer(2089858483,0ecaa5967403d082aa24f35e1b516d23) Generated GUIDs only implemented for interfaces!
 -> (artifact id: 'ab8b9b2bee59206c3d78dc63f452498b') in 0.024654 seconds
Number of updated asset objects reloaded before import = 0
Number of asset objects unloaded after import = 8
========================================================================
Received Import Request.
  Time since last request: 0.000020 seconds.
  path: Assets/Brick Project Studio/_BPS Basic Assets/_Prefabs/Basic Asset/BA Build Kit/Interior/Int_02/Int_BA_02_Filler_01.prefab
  artifactKey: Guid(e76249d095e28ee4db72dc3385020c2f) Importer(2089858483,0ecaa5967403d082aa24f35e1b516d23)
Start importing Assets/Brick Project Studio/_BPS Basic Assets/_Prefabs/Basic Asset/BA Build Kit/Interior/Int_02/Int_BA_02_Filler_01.prefab using Guid(e76249d095e28ee4db72dc3385020c2f) Importer(2089858483,0ecaa5967403d082aa24f35e1b516d23) Generated GUIDs only implemented for interfaces!
 -> (artifact id: 'c4a80b43c600d848dabfe1aed5e4bc60') in 0.022377 seconds
Number of updated asset objects reloaded before import = 0
Number of asset objects unloaded after import = 8
========================================================================
Received Import Request.
  Time since last request: 0.000029 seconds.
  path: Assets/Brick Project Studio/Apartment Kit/_Prefabs/Apt Build Kit/Interiors/Walls Frames & Doors/Apt_03/Int_Apt_03_Wall_01.prefab
  artifactKey: Guid(42f30c85f9e074e4eb17ea01048327d2) Importer(2089858483,0ecaa5967403d082aa24f35e1b516d23)
Start importing Assets/Brick Project Studio/Apartment Kit/_Prefabs/Apt Build Kit/Interiors/Walls Frames & Doors/Apt_03/Int_Apt_03_Wall_01.prefab using Guid(42f30c85f9e074e4eb17ea01048327d2) Importer(2089858483,0ecaa5967403d082aa24f35e1b516d23) Generated GUIDs only implemented for interfaces!
 -> (artifact id: '75196712c657b54f13ea8e60006b6176') in 0.022638 seconds
Number of updated asset objects reloaded before import = 0
Number of asset objects unloaded after import = 8
========================================================================
Received Import Request.
  Time since last request: 0.000023 seconds.
  path: Assets/Brick Project Studio/_BPS Basic Assets/_Prefabs/Basic Asset/BA Build Kit/Interior/Doors Frames/Int_BA_Door_01.prefab
  artifactKey: Guid(62bd457adfa663b4b8de2903bb4c8006) Importer(2089858483,0ecaa5967403d082aa24f35e1b516d23)
Start importing Assets/Brick Project Studio/_BPS Basic Assets/_Prefabs/Basic Asset/BA Build Kit/Interior/Doors Frames/Int_BA_Door_01.prefab using Guid(62bd457adfa663b4b8de2903bb4c8006) Importer(2089858483,0ecaa5967403d082aa24f35e1b516d23) Generated GUIDs only implemented for interfaces!
 -> (artifact id: '2253f8992fca4ad61cdfdf564bf9be68') in 0.022525 seconds
Number of updated asset objects reloaded before import = 0
Number of asset objects unloaded after import = 26
========================================================================
Received Import Request.
  Time since last request: 0.000023 seconds.
  path: Assets/Brick Project Studio/Apartment Kit/_Prefabs/Apt Build Kit/Interiors/Walls Frames & Doors/Apt_03/Int_Apt_03_Pillar_3x3.prefab
  artifactKey: Guid(77057a053541fb344a2d4dc020cbf68a) Importer(2089858483,0ecaa5967403d082aa24f35e1b516d23)
Start importing Assets/Brick Project Studio/Apartment Kit/_Prefabs/Apt Build Kit/Interiors/Walls Frames & Doors/Apt_03/Int_Apt_03_Pillar_3x3.prefab using Guid(77057a053541fb344a2d4dc020cbf68a) Importer(2089858483,0ecaa5967403d082aa24f35e1b516d23) Generated GUIDs only implemented for interfaces!
 -> (artifact id: 'c61128a9ecec0ffe2e9a9581938c503f') in 0.018910 seconds
Number of updated asset objects reloaded before import = 0
Number of asset objects unloaded after import = 8
========================================================================
Received Import Request.
  Time since last request: 0.000019 seconds.
  path: Assets/Brick Project Studio/_BPS Basic Assets/_Prefabs/Basic Asset/BA Build Kit/Interior/Int_02/Int_BA_02_Pillar_2x2.prefab
  artifactKey: Guid(20e4763b1e1f5c340bd98eb80461ba0d) Importer(2089858483,0ecaa5967403d082aa24f35e1b516d23)
Start importing Assets/Brick Project Studio/_BPS Basic Assets/_Prefabs/Basic Asset/BA Build Kit/Interior/Int_02/Int_BA_02_Pillar_2x2.prefab using Guid(20e4763b1e1f5c340bd98eb80461ba0d) Importer(2089858483,0ecaa5967403d082aa24f35e1b516d23) Generated GUIDs only implemented for interfaces!
 -> (artifact id: '162a5dc824ebd629ab2c8b66d83d763b') in 0.021316 seconds
Number of updated asset objects reloaded before import = 0
Number of asset objects unloaded after import = 8
========================================================================
Received Import Request.
  Time since last request: 0.000021 seconds.
  path: Assets/Brick Project Studio/_BPS Basic Assets/_Prefabs/Basic Asset/BA Build Kit/Interior/Int_01/Int_BA_01_Pillar_2x2.prefab
  artifactKey: Guid(fff70e8f691f38d41bbe035d6dc641df) Importer(2089858483,0ecaa5967403d082aa24f35e1b516d23)
Start importing Assets/Brick Project Studio/_BPS Basic Assets/_Prefabs/Basic Asset/BA Build Kit/Interior/Int_01/Int_BA_01_Pillar_2x2.prefab using Guid(fff70e8f691f38d41bbe035d6dc641df) Importer(2089858483,0ecaa5967403d082aa24f35e1b516d23) Generated GUIDs only implemented for interfaces!
 -> (artifact id: 'bd0bd82b2c9afb018c6cd014ac8846eb') in 0.021435 seconds
Number of updated asset objects reloaded before import = 0
Number of asset objects unloaded after import = 8
========================================================================
Received Import Request.
  Time since last request: 0.000021 seconds.
  path: Assets/Brick Project Studio/_BPS Basic Assets/_Prefabs/Basic Asset/BA Build Kit/Interior/Int_02/Int_BA_02_Filler_02.prefab
  artifactKey: Guid(da76ff28749b4d54ab63d4533af0b4c3) Importer(2089858483,0ecaa5967403d082aa24f35e1b516d23)
Start importing Assets/Brick Project Studio/_BPS Basic Assets/_Prefabs/Basic Asset/BA Build Kit/Interior/Int_02/Int_BA_02_Filler_02.prefab using Guid(da76ff28749b4d54ab63d4533af0b4c3) Importer(2089858483,0ecaa5967403d082aa24f35e1b516d23) Generated GUIDs only implemented for interfaces!
 -> (artifact id: '6b8da000d98a7b80975f47c49e19bd6b') in 0.022147 seconds
Number of updated asset objects reloaded before import = 0
Number of asset objects unloaded after import = 8
========================================================================
Received Import Request.
  Time since last request: 0.000020 seconds.
  path: Assets/Brick Project Studio/Apartment Kit/_Prefabs/Apt Build Kit/Interiors/Walls Frames & Doors/Apt_03/Int_Apt_03_Wall_04.prefab
  artifactKey: Guid(00db1187d63c7404591f8f93f3547629) Importer(2089858483,0ecaa5967403d082aa24f35e1b516d23)
Start importing Assets/Brick Project Studio/Apartment Kit/_Prefabs/Apt Build Kit/Interiors/Walls Frames & Doors/Apt_03/Int_Apt_03_Wall_04.prefab using Guid(00db1187d63c7404591f8f93f3547629) Importer(2089858483,0ecaa5967403d082aa24f35e1b516d23) Generated GUIDs only implemented for interfaces!
 -> (artifact id: '859d71b20c9204d2cd43ae1e458a5712') in 0.021902 seconds
Number of updated asset objects reloaded before import = 0
Number of asset objects unloaded after import = 8
========================================================================
Received Import Request.
  Time since last request: 0.000021 seconds.
  path: Assets/Brick Project Studio/_BPS Basic Assets/_Prefabs/Basic Asset/BA Build Kit/Interior/Int_02/Int_BA_02_Pillar_1x1.prefab
  artifactKey: Guid(eba9a1ac29008234b8563dce8279a3c1) Importer(2089858483,0ecaa5967403d082aa24f35e1b516d23)
Start importing Assets/Brick Project Studio/_BPS Basic Assets/_Prefabs/Basic Asset/BA Build Kit/Interior/Int_02/Int_BA_02_Pillar_1x1.prefab using Guid(eba9a1ac29008234b8563dce8279a3c1) Importer(2089858483,0ecaa5967403d082aa24f35e1b516d23) Generated GUIDs only implemented for interfaces!
 -> (artifact id: '6fb6bda813ddf0214afd207671d31fff') in 0.023796 seconds
Number of updated asset objects reloaded before import = 0
Number of asset objects unloaded after import = 8
========================================================================
Received Import Request.
  Time since last request: 0.000020 seconds.
  path: Assets/Brick Project Studio/_BPS Basic Assets/_Prefabs/Basic Asset/BA Build Kit/Interior/Int_02/Int_BA_02_Pillar_4x4.prefab
  artifactKey: Guid(ffc1f19e9cc243a428196fcf5e1e552a) Importer(2089858483,0ecaa5967403d082aa24f35e1b516d23)
Start importing Assets/Brick Project Studio/_BPS Basic Assets/_Prefabs/Basic Asset/BA Build Kit/Interior/Int_02/Int_BA_02_Pillar_4x4.prefab using Guid(ffc1f19e9cc243a428196fcf5e1e552a) Importer(2089858483,0ecaa5967403d082aa24f35e1b516d23) Generated GUIDs only implemented for interfaces!
 -> (artifact id: '3ba22dc6503535638f8bf515e7a654d4') in 0.023428 seconds
Number of updated asset objects reloaded before import = 0
Number of asset objects unloaded after import = 8
========================================================================
Received Import Request.
  Time since last request: 0.000022 seconds.
  path: Assets/Brick Project Studio/_BPS Basic Assets/_Prefabs/Basic Asset/BA Build Kit/Interior/Int_01/Int_BA_01_Wall_01.prefab
  artifactKey: Guid(87b837bc5f2c7db4787b6fb7663c16d1) Importer(2089858483,0ecaa5967403d082aa24f35e1b516d23)
Start importing Assets/Brick Project Studio/_BPS Basic Assets/_Prefabs/Basic Asset/BA Build Kit/Interior/Int_01/Int_BA_01_Wall_01.prefab using Guid(87b837bc5f2c7db4787b6fb7663c16d1) Importer(2089858483,0ecaa5967403d082aa24f35e1b516d23) Generated GUIDs only implemented for interfaces!
 -> (artifact id: 'a17db1aad66e3ad59af1a32243a5e1be') in 0.023388 seconds
Number of updated asset objects reloaded before import = 0
Number of asset objects unloaded after import = 8
========================================================================
Received Import Request.
  Time since last request: 0.000024 seconds.
  path: Assets/Brick Project Studio/_BPS Basic Assets/_Prefabs/Basic Asset/BA Build Kit/Interior/Int_01/Int_BA_01_Wall_02.prefab
  artifactKey: Guid(feb38e40cfc697547a18577613164676) Importer(2089858483,0ecaa5967403d082aa24f35e1b516d23)
Start importing Assets/Brick Project Studio/_BPS Basic Assets/_Prefabs/Basic Asset/BA Build Kit/Interior/Int_01/Int_BA_01_Wall_02.prefab using Guid(feb38e40cfc697547a18577613164676) Importer(2089858483,0ecaa5967403d082aa24f35e1b516d23) Generated GUIDs only implemented for interfaces!
 -> (artifact id: '2fed7925cc2a517cbea689b2f48a5442') in 0.023546 seconds
Number of updated asset objects reloaded before import = 0
Number of asset objects unloaded after import = 8
========================================================================
Received Import Request.
  Time since last request: 0.000032 seconds.
  path: Assets/Brick Project Studio/_BPS Basic Assets/_Prefabs/Restroom/RR Build Kit/Floors Ceilings/Int_RR_01_Ceiling_01.prefab
  artifactKey: Guid(55489656333abb749a864446e5879d06) Importer(2089858483,0ecaa5967403d082aa24f35e1b516d23)
Start importing Assets/Brick Project Studio/_BPS Basic Assets/_Prefabs/Restroom/RR Build Kit/Floors Ceilings/Int_RR_01_Ceiling_01.prefab using Guid(55489656333abb749a864446e5879d06) Importer(2089858483,0ecaa5967403d082aa24f35e1b516d23) Generated GUIDs only implemented for interfaces!
 -> (artifact id: 'b924141ac896e56f32b9bd081dce6ed4') in 0.019713 seconds
Number of updated asset objects reloaded before import = 0
Number of asset objects unloaded after import = 8
========================================================================
Received Import Request.
  Time since last request: 0.000019 seconds.
  path: Assets/Brick Project Studio/Apartment Kit/_Prefabs/Apt Build Kit/Interiors/Special/Wall Tiles/BR_Tile_APT_01_04.prefab
  artifactKey: Guid(0d13d6d50c15b8147b1bf9fee7d1326d) Importer(2089858483,0ecaa5967403d082aa24f35e1b516d23)
Start importing Assets/Brick Project Studio/Apartment Kit/_Prefabs/Apt Build Kit/Interiors/Special/Wall Tiles/BR_Tile_APT_01_04.prefab using Guid(0d13d6d50c15b8147b1bf9fee7d1326d) Importer(2089858483,0ecaa5967403d082aa24f35e1b516d23) Generated GUIDs only implemented for interfaces!
 -> (artifact id: '93105d3cdf88e70c26a2bb94b1267b18') in 0.022926 seconds
Number of updated asset objects reloaded before import = 0
Number of asset objects unloaded after import = 8
========================================================================
Received Import Request.
  Time since last request: 0.000020 seconds.
  path: Assets/Brick Project Studio/_BPS Basic Assets/Common/Textures/Legacy/ceiling.png
  artifactKey: Guid(2a909c6b0c3249d4b8fc74ae5d6d52dd) Importer(2089858483,0ecaa5967403d082aa24f35e1b516d23)
Start importing Assets/Brick Project Studio/_BPS Basic Assets/Common/Textures/Legacy/ceiling.png using Guid(2a909c6b0c3249d4b8fc74ae5d6d52dd) Importer(2089858483,0ecaa5967403d082aa24f35e1b516d23) Generated GUIDs only implemented for interfaces!
 -> (artifact id: 'd42694ecdbac6ad5a542796bebc2290e') in 0.068868 seconds
Number of updated asset objects reloaded before import = 0
Number of asset objects unloaded after import = 1
========================================================================
Received Import Request.
  Time since last request: 0.000048 seconds.
  path: Assets/Brick Project Studio/_BPS Basic Assets/Common/Textures/Fire/Fire_Texture_01.tga
  artifactKey: Guid(719670e2fe4d8e74da570025f16a5f07) Importer(2089858483,0ecaa5967403d082aa24f35e1b516d23)
Start importing Assets/Brick Project Studio/_BPS Basic Assets/Common/Textures/Fire/Fire_Texture_01.tga using Guid(719670e2fe4d8e74da570025f16a5f07) Importer(2089858483,0ecaa5967403d082aa24f35e1b516d23) Generated GUIDs only implemented for interfaces!
 -> (artifact id: '45df8703ff63319c82a2ef1134f54995') in 0.047768 seconds
Number of updated asset objects reloaded before import = 0
Number of asset objects unloaded after import = 1
========================================================================
Received Import Request.
  Time since last request: 0.000024 seconds.
  path: Assets/Brick Project Studio/Apartment Kit/_Prefabs/Apt Build Kit/Exteriors/Ext_Apt_01/Ext_Apt_01_Roof_Corner_01.prefab
  artifactKey: Guid(c1dd2221b83bbd54c926f000702e4e1f) Importer(2089858483,0ecaa5967403d082aa24f35e1b516d23)
Start importing Assets/Brick Project Studio/Apartment Kit/_Prefabs/Apt Build Kit/Exteriors/Ext_Apt_01/Ext_Apt_01_Roof_Corner_01.prefab using Guid(c1dd2221b83bbd54c926f000702e4e1f) Importer(2089858483,0ecaa5967403d082aa24f35e1b516d23) Generated GUIDs only implemented for interfaces!
 -> (artifact id: 'e3e9ed0b1cd925c53caf943d565dc874') in 0.023385 seconds
Number of updated asset objects reloaded before import = 0
Number of asset objects unloaded after import = 8
========================================================================
Received Import Request.
  Time since last request: 0.000017 seconds.
  path: Assets/Brick Project Studio/Apartment Kit/_Prefabs/Props/Sculptures/Sculpture_apt_02_01.prefab
  artifactKey: Guid(fe722613e8e23b04aba46967537bbce1) Importer(2089858483,0ecaa5967403d082aa24f35e1b516d23)
Start importing Assets/Brick Project Studio/Apartment Kit/_Prefabs/Props/Sculptures/Sculpture_apt_02_01.prefab using Guid(fe722613e8e23b04aba46967537bbce1) Importer(2089858483,0ecaa5967403d082aa24f35e1b516d23) Generated GUIDs only implemented for interfaces!
 -> (artifact id: '58f9204ef8ddf31f536aa40caa94a8f3') in 0.021544 seconds
Number of updated asset objects reloaded before import = 0
Number of asset objects unloaded after import = 8
========================================================================
Received Import Request.
  Time since last request: 0.000018 seconds.
  path: Assets/Brick Project Studio/Apartment Kit/_Prefabs/Apt Build Kit/Interiors/Walls Frames & Doors/Apt_02/Int_Apt_02_Wall_04.prefab
  artifactKey: Guid(0d62acd7333a2844eb00217800ed1f99) Importer(2089858483,0ecaa5967403d082aa24f35e1b516d23)
Start importing Assets/Brick Project Studio/Apartment Kit/_Prefabs/Apt Build Kit/Interiors/Walls Frames & Doors/Apt_02/Int_Apt_02_Wall_04.prefab using Guid(0d62acd7333a2844eb00217800ed1f99) Importer(2089858483,0ecaa5967403d082aa24f35e1b516d23) Generated GUIDs only implemented for interfaces!
 -> (artifact id: '6f7298e090ca8a73b1b9b5bf03ac769a') in 0.024206 seconds
Number of updated asset objects reloaded before import = 0
Number of asset objects unloaded after import = 8
========================================================================
Received Import Request.
  Time since last request: 0.000024 seconds.
  path: Assets/Brick Project Studio/Apartment Kit/_Prefabs/Furniture/Kitchen/Cabinets/Cabinet_Base_Sink_01.prefab
  artifactKey: Guid(1a83256f7767c2c46a1371969648490c) Importer(2089858483,0ecaa5967403d082aa24f35e1b516d23)
Start importing Assets/Brick Project Studio/Apartment Kit/_Prefabs/Furniture/Kitchen/Cabinets/Cabinet_Base_Sink_01.prefab using Guid(1a83256f7767c2c46a1371969648490c) Importer(2089858483,0ecaa5967403d082aa24f35e1b516d23) Generated GUIDs only implemented for interfaces!
 -> (artifact id: '965e7e3bd9ccf6f97760a573ab4caa4a') in 0.027729 seconds
Number of updated asset objects reloaded before import = 0
Number of asset objects unloaded after import = 66
========================================================================
Received Import Request.
  Time since last request: 0.000030 seconds.
  path: Assets/Brick Project Studio/Apartment Kit/Common/Textures/Surface/Plastic_N.png
  artifactKey: Guid(4bf427319880ec2419bf2d8809d66594) Importer(2089858483,0ecaa5967403d082aa24f35e1b516d23)
Start importing Assets/Brick Project Studio/Apartment Kit/Common/Textures/Surface/Plastic_N.png using Guid(4bf427319880ec2419bf2d8809d66594) Importer(2089858483,0ecaa5967403d082aa24f35e1b516d23) Generated GUIDs only implemented for interfaces!
 -> (artifact id: '0c2a1c52766ac62a99337704aebe3c80') in 0.043510 seconds
Number of updated asset objects reloaded before import = 0
Number of asset objects unloaded after import = 1
========================================================================
Received Import Request.
  Time since last request: 0.000064 seconds.
  path: Assets/Brick Project Studio/_BPS Basic Assets/Common/Scripts and Animations/Windows/openandclosewindow1.controller
  artifactKey: Guid(3bcdaa1dc4d3d2941bdc687f50714a64) Importer(2089858483,0ecaa5967403d082aa24f35e1b516d23)
Start importing Assets/Brick Project Studio/_BPS Basic Assets/Common/Scripts and Animations/Windows/openandclosewindow1.controller using Guid(3bcdaa1dc4d3d2941bdc687f50714a64) Importer(2089858483,0ecaa5967403d082aa24f35e1b516d23) Generated GUIDs only implemented for interfaces!
 -> (artifact id: '865dfc093d7e969d4bae6f14024b0659') in 0.018740 seconds
Number of updated asset objects reloaded before import = 0
Number of asset objects unloaded after import = 7
========================================================================
Received Import Request.
  Time since last request: 0.000021 seconds.
  path: Assets/Brick Project Studio/Apartment Kit/_Prefabs/Apt Build Kit/Interiors/Frames Windows Stairs & Doors/DoorFrame_Apt_02.prefab
  artifactKey: Guid(46552e96207732c4789f21297738d416) Importer(2089858483,0ecaa5967403d082aa24f35e1b516d23)
Start importing Assets/Brick Project Studio/Apartment Kit/_Prefabs/Apt Build Kit/Interiors/Frames Windows Stairs & Doors/DoorFrame_Apt_02.prefab using Guid(46552e96207732c4789f21297738d416) Importer(2089858483,0ecaa5967403d082aa24f35e1b516d23) Generated GUIDs only implemented for interfaces!
 -> (artifact id: 'e9f3ffd25dfd4ec5765a8de5bfa025b0') in 0.024228 seconds
Number of updated asset objects reloaded before import = 0
Number of asset objects unloaded after import = 27
========================================================================
Received Import Request.
  Time since last request: 0.000024 seconds.
  path: Assets/Brick Project Studio/_BPS Basic Assets/Common/Materials/Basic Assets/Int_BS_01.mat
  artifactKey: Guid(f03383d98b6709647991c50d409cf0af) Importer(2089858483,0ecaa5967403d082aa24f35e1b516d23)
Start importing Assets/Brick Project Studio/_BPS Basic Assets/Common/Materials/Basic Assets/Int_BS_01.mat using Guid(f03383d98b6709647991c50d409cf0af) Importer(2089858483,0ecaa5967403d082aa24f35e1b516d23) Generated GUIDs only implemented for interfaces!
 -> (artifact id: '9edbb82c3ce105ad183a03e95fe1eabb') in 0.021915 seconds
Number of updated asset objects reloaded before import = 0
Number of asset objects unloaded after import = 2
========================================================================
Received Import Request.
  Time since last request: 0.000021 seconds.
  path: Assets/Brick Project Studio/_BPS Basic Assets/_Prefabs/Restroom/Signs/RR_Restroom_Woman_Sign.prefab
  artifactKey: Guid(e44a81cddb13cac4d8ad43dcfcb329b3) Importer(2089858483,0ecaa5967403d082aa24f35e1b516d23)
Start importing Assets/Brick Project Studio/_BPS Basic Assets/_Prefabs/Restroom/Signs/RR_Restroom_Woman_Sign.prefab using Guid(e44a81cddb13cac4d8ad43dcfcb329b3) Importer(2089858483,0ecaa5967403d082aa24f35e1b516d23) Generated GUIDs only implemented for interfaces!
 -> (artifact id: 'f97eba240c01246563f31866a9273eb0') in 0.021975 seconds
Number of updated asset objects reloaded before import = 0
Number of asset objects unloaded after import = 7
========================================================================
Received Import Request.
  Time since last request: 0.000018 seconds.
  path: Assets/Brick Project Studio/Apartment Kit/_Prefabs/Props/Bathroom/Shower_Head_01.prefab
  artifactKey: Guid(708f360dca4c28243813704f811ad080) Importer(2089858483,0ecaa5967403d082aa24f35e1b516d23)
Start importing Assets/Brick Project Studio/Apartment Kit/_Prefabs/Props/Bathroom/Shower_Head_01.prefab using Guid(708f360dca4c28243813704f811ad080) Importer(2089858483,0ecaa5967403d082aa24f35e1b516d23) Generated GUIDs only implemented for interfaces!
 -> (artifact id: 'cff8a88bed1caa144083d12c738928c5') in 0.022808 seconds
Number of updated asset objects reloaded before import = 0
Number of asset objects unloaded after import = 8
========================================================================
Received Import Request.
  Time since last request: 0.000019 seconds.
  path: Assets/Brick Project Studio/_BPS Basic Assets/_Prefabs/Basic Asset/BA Build Kit/Interior/Int_01/Int_BA_01_Filler_03.prefab
  artifactKey: Guid(5d67674c5abd5e74eb23b8e2a1e01d7e) Importer(2089858483,0ecaa5967403d082aa24f35e1b516d23)
Start importing Assets/Brick Project Studio/_BPS Basic Assets/_Prefabs/Basic Asset/BA Build Kit/Interior/Int_01/Int_BA_01_Filler_03.prefab using Guid(5d67674c5abd5e74eb23b8e2a1e01d7e) Importer(2089858483,0ecaa5967403d082aa24f35e1b516d23) Generated GUIDs only implemented for interfaces!
 -> (artifact id: '8a038bc03f2e2e1de0babed8026aa5aa') in 0.023142 seconds
Number of updated asset objects reloaded before import = 0
Number of asset objects unloaded after import = 7
========================================================================
Received Import Request.
  Time since last request: 0.000017 seconds.
  path: Assets/Brick Project Studio/Apartment Kit/_Prefabs/Apt Build Kit/Exteriors/Ext_Apt_01/Ext_Apt_01_Roof_Edge_01.prefab
  artifactKey: Guid(6afcc4494dbad0147a4aec93839a9ad0) Importer(2089858483,0ecaa5967403d082aa24f35e1b516d23)
Start importing Assets/Brick Project Studio/Apartment Kit/_Prefabs/Apt Build Kit/Exteriors/Ext_Apt_01/Ext_Apt_01_Roof_Edge_01.prefab using Guid(6afcc4494dbad0147a4aec93839a9ad0) Importer(2089858483,0ecaa5967403d082aa24f35e1b516d23) Generated GUIDs only implemented for interfaces!
 -> (artifact id: '70f3c18bef43358ce7ffb0c14b39ab76') in 0.021673 seconds
Number of updated asset objects reloaded before import = 0
Number of asset objects unloaded after import = 8
========================================================================
Received Import Request.
  Time since last request: 0.000026 seconds.
  path: Assets/Brick Project Studio/Apartment Kit/Common/Models/Apt_Kit_02.fbx
  artifactKey: Guid(c31198774d98d9f43be2ca79cb0a84dc) Importer(2089858483,0ecaa5967403d082aa24f35e1b516d23)
Start importing Assets/Brick Project Studio/Apartment Kit/Common/Models/Apt_Kit_02.fbx using Guid(c31198774d98d9f43be2ca79cb0a84dc) Importer(2089858483,0ecaa5967403d082aa24f35e1b516d23) Generated GUIDs only implemented for interfaces!
 -> (artifact id: 'c01a984a51c4ab1eabf85b5ade849579') in 0.086514 seconds
Number of updated asset objects reloaded before import = 0
Number of asset objects unloaded after import = 179
========================================================================
Received Import Request.
  Time since last request: 0.000031 seconds.
  path: Assets/Brick Project Studio/_BPS Basic Assets/Common/Textures/Legacy/ceiling_normal.png
  artifactKey: Guid(618a287d815fdfe4396cbe668c8296d2) Importer(2089858483,0ecaa5967403d082aa24f35e1b516d23)
Start importing Assets/Brick Project Studio/_BPS Basic Assets/Common/Textures/Legacy/ceiling_normal.png using Guid(618a287d815fdfe4396cbe668c8296d2) Importer(2089858483,0ecaa5967403d082aa24f35e1b516d23) Generated GUIDs only implemented for interfaces!
 -> (artifact id: 'ef51ab0d8a6b43d113d099bfe11f9351') in 0.040614 seconds
Number of updated asset objects reloaded before import = 0
Number of asset objects unloaded after import = 1
========================================================================
Received Import Request.
  Time since last request: 0.000070 seconds.
  path: Assets/Brick Project Studio/_BPS Basic Assets/_Prefabs/Restroom/Fixtures/RR_LampCeiling_01.prefab
  artifactKey: Guid(a313254324200a241b66577d0c096684) Importer(2089858483,0ecaa5967403d082aa24f35e1b516d23)
Start importing Assets/Brick Project Studio/_BPS Basic Assets/_Prefabs/Restroom/Fixtures/RR_LampCeiling_01.prefab using Guid(a313254324200a241b66577d0c096684) Importer(2089858483,0ecaa5967403d082aa24f35e1b516d23) Generated GUIDs only implemented for interfaces!
 -> (artifact id: '287e315c27499310234a3b2b745db629') in 0.024376 seconds
Number of updated asset objects reloaded before import = 0
Number of asset objects unloaded after import = 12
========================================================================
Received Import Request.
  Time since last request: 0.000019 seconds.
  path: Assets/Brick Project Studio/Apartment Kit/Common/Scripts & Animation/Slide/openandcloseSlide.controller
  artifactKey: Guid(b69a299cbf4579446b0990e8d3a17ff9) Importer(2089858483,0ecaa5967403d082aa24f35e1b516d23)
Start importing Assets/Brick Project Studio/Apartment Kit/Common/Scripts & Animation/Slide/openandcloseSlide.controller using Guid(b69a299cbf4579446b0990e8d3a17ff9) Importer(2089858483,0ecaa5967403d082aa24f35e1b516d23) Generated GUIDs only implemented for interfaces!
 -> (artifact id: '105955d389fc8921a6aff28592adf1a1') in 0.020125 seconds
Number of updated asset objects reloaded before import = 0
Number of asset objects unloaded after import = 7
========================================================================
Received Import Request.
  Time since last request: 0.000016 seconds.
  path: Assets/Brick Project Studio/_BPS Basic Assets/_Prefabs/Basic Asset/BA Build Kit/Interior/Int_01/Int_BA_01_Pillar_3x3.prefab
  artifactKey: Guid(7e9fb32cd7ac0de4c81c480a5478d86a) Importer(2089858483,0ecaa5967403d082aa24f35e1b516d23)
Start importing Assets/Brick Project Studio/_BPS Basic Assets/_Prefabs/Basic Asset/BA Build Kit/Interior/Int_01/Int_BA_01_Pillar_3x3.prefab using Guid(7e9fb32cd7ac0de4c81c480a5478d86a) Importer(2089858483,0ecaa5967403d082aa24f35e1b516d23) Generated GUIDs only implemented for interfaces!
 -> (artifact id: '34120b01607077e63e516908ceb0b65b') in 0.027036 seconds
Number of updated asset objects reloaded before import = 0
Number of asset objects unloaded after import = 8
========================================================================
Received Import Request.
  Time since last request: 0.000019 seconds.
  path: Assets/Brick Project Studio/Apartment Kit/Common/Scripts & Animation/Z Axis -1/Drawer_Pull_Zopp.cs
  artifactKey: Guid(e1a01b1ef84add0458f524da98451c86) Importer(2089858483,0ecaa5967403d082aa24f35e1b516d23)
Start importing Assets/Brick Project Studio/Apartment Kit/Common/Scripts & Animation/Z Axis -1/Drawer_Pull_Zopp.cs using Guid(e1a01b1ef84add0458f524da98451c86) Importer(2089858483,0ecaa5967403d082aa24f35e1b516d23) Generated GUIDs only implemented for interfaces!
 -> (artifact id: 'dd0d99070b6d91c3acf9ca9d653470ab') in 0.015666 seconds
Number of updated asset objects reloaded before import = 0
Number of asset objects unloaded after import = 1
========================================================================
Received Import Request.
  Time since last request: 0.000054 seconds.
  path: Assets/Brick Project Studio/Apartment Kit/_Prefabs/Apt Build Kit/Interiors/Walls Frames & Doors/Apt_03/Int_Apt_03_Pillar_2x2.prefab
  artifactKey: Guid(7536b5cab7fa6894e9909e4f8ec3bd69) Importer(2089858483,0ecaa5967403d082aa24f35e1b516d23)
Start importing Assets/Brick Project Studio/Apartment Kit/_Prefabs/Apt Build Kit/Interiors/Walls Frames & Doors/Apt_03/Int_Apt_03_Pillar_2x2.prefab using Guid(7536b5cab7fa6894e9909e4f8ec3bd69) Importer(2089858483,0ecaa5967403d082aa24f35e1b516d23) Generated GUIDs only implemented for interfaces!
 -> (artifact id: '29c4c40847d38ee304338d92997617bd') in 0.023966 seconds
Number of updated asset objects reloaded before import = 0
Number of asset objects unloaded after import = 8
========================================================================
Received Import Request.
  Time since last request: 0.000017 seconds.
  path: Assets/Brick Project Studio/_BPS Basic Assets/_Prefabs/Basic Asset/BA Build Kit/Interior/Int_02/Int_BA_02_Filler_03.prefab
  artifactKey: Guid(955b182ab620d7443bf8c4ba6a621940) Importer(2089858483,0ecaa5967403d082aa24f35e1b516d23)
Start importing Assets/Brick Project Studio/_BPS Basic Assets/_Prefabs/Basic Asset/BA Build Kit/Interior/Int_02/Int_BA_02_Filler_03.prefab using Guid(955b182ab620d7443bf8c4ba6a621940) Importer(2089858483,0ecaa5967403d082aa24f35e1b516d23) Generated GUIDs only implemented for interfaces!
 -> (artifact id: '9182e68b6403ef6b20d174bf9a9cc3db') in 0.025649 seconds
Number of updated asset objects reloaded before import = 0
Number of asset objects unloaded after import = 7
========================================================================
Received Import Request.
  Time since last request: 0.000016 seconds.
  path: Assets/Brick Project Studio/Apartment Kit/Common/Textures/Misc/Art_03.png
  artifactKey: Guid(6344bcc8e46893f49ab242604a00da23) Importer(2089858483,0ecaa5967403d082aa24f35e1b516d23)
Start importing Assets/Brick Project Studio/Apartment Kit/Common/Textures/Misc/Art_03.png using Guid(6344bcc8e46893f49ab242604a00da23) Importer(2089858483,0ecaa5967403d082aa24f35e1b516d23) Generated GUIDs only implemented for interfaces!
 -> (artifact id: '9f2633016945a9dc2251e9f592cdce1d') in 0.062194 seconds
Number of updated asset objects reloaded before import = 0
Number of asset objects unloaded after import = 1
========================================================================
Received Import Request.
  Time since last request: 0.000090 seconds.
  path: Assets/Brick Project Studio/Apartment Kit/Common/Materials/Misc/Marble_Dark.mat
  artifactKey: Guid(6d3ba1df7fa074c45b26f73faef7608e) Importer(2089858483,0ecaa5967403d082aa24f35e1b516d23)
Start importing Assets/Brick Project Studio/Apartment Kit/Common/Materials/Misc/Marble_Dark.mat using Guid(6d3ba1df7fa074c45b26f73faef7608e) Importer(2089858483,0ecaa5967403d082aa24f35e1b516d23) Generated GUIDs only implemented for interfaces!
 -> (artifact id: '9495c3af13bb194577dd21d555cd5afc') in 0.027991 seconds
Number of updated asset objects reloaded before import = 0
Number of asset objects unloaded after import = 4
========================================================================
Received Import Request.
  Time since last request: 0.000027 seconds.
  path: Assets/Brick Project Studio/Apartment Kit/Common/Textures/Misc/Colors_apt_02_A.png
  artifactKey: Guid(d78d543570cf39449a8e89367decddbe) Importer(2089858483,0ecaa5967403d082aa24f35e1b516d23)
Start importing Assets/Brick Project Studio/Apartment Kit/Common/Textures/Misc/Colors_apt_02_A.png using Guid(d78d543570cf39449a8e89367decddbe) Importer(2089858483,0ecaa5967403d082aa24f35e1b516d23) Generated GUIDs only implemented for interfaces!
 -> (artifact id: 'c8780d2507efd1959114e4cc8a23004a') in 0.044818 seconds
Number of updated asset objects reloaded before import = 0
Number of asset objects unloaded after import = 1
========================================================================
Received Import Request.
  Time since last request: 0.000047 seconds.
  path: Assets/Brick Project Studio/_BPS Basic Assets/Common/Textures/Legacy/Brick 02 Mute Texture.png
  artifactKey: Guid(4ecef430efc993d4f807f6b076c16aca) Importer(2089858483,0ecaa5967403d082aa24f35e1b516d23)
Start importing Assets/Brick Project Studio/_BPS Basic Assets/Common/Textures/Legacy/Brick 02 Mute Texture.png using Guid(4ecef430efc993d4f807f6b076c16aca) Importer(2089858483,0ecaa5967403d082aa24f35e1b516d23) Generated GUIDs only implemented for interfaces!
 -> (artifact id: '276db6f5c14e2fcb6aceff66e7185124') in 0.037751 seconds
Number of updated asset objects reloaded before import = 0
Number of asset objects unloaded after import = 1
========================================================================
Received Import Request.
  Time since last request: 0.000135 seconds.
  path: Assets/Brick Project Studio/Apartment Kit/_Prefabs/Apt Build Kit/Interiors/Walls Frames & Doors/Apt_03/Int_Apt_03_Pillar_1x1.prefab
  artifactKey: Guid(7262bf6e31d2c3047abf1089a09b516d) Importer(2089858483,0ecaa5967403d082aa24f35e1b516d23)
Start importing Assets/Brick Project Studio/Apartment Kit/_Prefabs/Apt Build Kit/Interiors/Walls Frames & Doors/Apt_03/Int_Apt_03_Pillar_1x1.prefab using Guid(7262bf6e31d2c3047abf1089a09b516d) Importer(2089858483,0ecaa5967403d082aa24f35e1b516d23) Generated GUIDs only implemented for interfaces!
 -> (artifact id: 'e11e9d76d274454dbafe0c8d9aba83fa') in 0.023789 seconds
Number of updated asset objects reloaded before import = 0
Number of asset objects unloaded after import = 8
========================================================================
Received Import Request.
  Time since last request: 0.000022 seconds.
  path: Assets/Brick Project Studio/Apartment Kit/_Prefabs/Apt Build Kit/Interiors/Special/Molding/Int_Molding_Ceiling_Apt_01.prefab
  artifactKey: Guid(ef4b81edf6a2c2c47a4989214665fcb8) Importer(2089858483,0ecaa5967403d082aa24f35e1b516d23)
Start importing Assets/Brick Project Studio/Apartment Kit/_Prefabs/Apt Build Kit/Interiors/Special/Molding/Int_Molding_Ceiling_Apt_01.prefab using Guid(ef4b81edf6a2c2c47a4989214665fcb8) Importer(2089858483,0ecaa5967403d082aa24f35e1b516d23) Generated GUIDs only implemented for interfaces!
 -> (artifact id: '12a9ab5457ffc4a923cf6cb8c5e7c291') in 0.020637 seconds
Number of updated asset objects reloaded before import = 0
Number of asset objects unloaded after import = 7
========================================================================
Received Prepare
Begin MonoManager ReloadAssembly
- Loaded All Assemblies, in  0.413 seconds
Refreshing native plugins compatible for Editor in 0.00 ms, found 0 plugins.
Native extension for WindowsStandalone target not found
Mono: successfully reloaded assembly
- Finished resetting the current domain, in  0.609 seconds
Domain Reload Profiling: 1015ms
	BeginReloadAssembly (262ms)
		ExecutionOrderSort (0ms)
		DisableScriptedObjects (7ms)
		BackupInstance (0ms)
		ReleaseScriptingObjects (0ms)
		CreateAndSetChildDomain (32ms)
	RebuildCommonClasses (65ms)
	RebuildNativeTypeToScriptingClass (18ms)
	initialDomainReloadingComplete (46ms)
	LoadAllAssembliesAndSetupDomain (15ms)
		LoadAssemblies (168ms)
		RebuildTransferFunctionScriptingTraits (0ms)
		AnalyzeDomain (9ms)
			TypeCache.Refresh (6ms)
				TypeCache.ScanAssembly (0ms)
			ScanForSourceGeneratedMonoScriptInfo (0ms)
			ResolveRequiredComponents (2ms)
	FinalizeReload (610ms)
		ReleaseScriptCaches (0ms)
		RebuildScriptCaches (0ms)
		SetupLoadedEditorAssemblies (353ms)
			LogAssemblyErrors (0ms)
			InitializePlatformSupportModulesInManaged (12ms)
			SetLoadedEditorAssemblies (10ms)
			RefreshPlugins (0ms)
			BeforeProcessingInitializeOnLoad (46ms)
			ProcessInitializeOnLoadAttributes (235ms)
			ProcessInitializeOnLoadMethodAttributes (25ms)
			AfterProcessingInitializeOnLoad (26ms)
			EditorAssembliesLoaded (0ms)
		ExecutionOrderSort2 (0ms)
		AwakeInstancesAfterBackupRestoration (47ms)
Refreshing native plugins compatible for Editor in 0.00 ms, found 0 plugins.
Preloading 0 native plugins for Editor in 0.00 ms.
Unloading 19 Unused Serialized files (Serialized files now loaded: 0)
Unloading 1 unused Assets / (22.7 KB). Loaded Objects now: 511.
Memory consumption went from 51.1 MB to 51.1 MB.
Total: 4.291700 ms (FindLiveObjects: 0.109700 ms CreateObjectMapping: 0.009700 ms MarkObjects: 4.141700 ms  DeleteObjects: 0.029100 ms)

Prepare: number of updated asset objects reloaded= 0
AssetImportParameters requested are different than current active one (requested -> active):
  custom:container-muxer-webm: aa71ff27fc2769a1b78a27578f13a17b -> 
  custom:video-encoder-webm-vp8: eb34c28f22e8b96e1ab97ce403110664 -> 
  custom:video-codec-MediaFoundation-h265: 746d11721c4dcdbdad8f713fa42b33f4 -> 
  custom:audio-encoder-webm-vorbis: bf7c407c2cedff20999df2af8eb42d56 -> 
  custom:container-demuxer-ogg: 62fdf1f143b41e24485cea50d1cbac27 -> 
  custom:video-decoder-webm-vp8: 9c59270c3fd7afecdb556c50c9e8de78 -> 
  custom:audio-decoder-ogg-vorbis: bf7c407c2cedff20999df2af8eb42d56 -> 
  custom:AudioImporter_EditorPlatform: d09bf68614088b80899f8185d706f6e7 -> 
  custom:video-decoder-ogg-theora: a1e56fd34408186e4bbccfd4996cb3dc -> 
  custom:container-demuxer-webm: 4f35f7cbe854078d1ac9338744f61a02 -> 
  custom:CustomObjectIndexerAttribute: 756ad292c208cfabdd7b50bc23989ffe -> 
  custom:framework-win-MediaFoundation: 216162199b28c13a410421893ffa2e32 -> 
  custom:SearchIndexIgnoredProperties: e643bd26f0fe6173181afceb89e7c659 -> 
========================================================================
Received Prepare
Begin MonoManager ReloadAssembly
- Loaded All Assemblies, in  0.462 seconds
Refreshing native plugins compatible for Editor in 0.00 ms, found 0 plugins.
Native extension for WindowsStandalone target not found
Mono: successfully reloaded assembly
- Finished resetting the current domain, in  0.618 seconds
Domain Reload Profiling: 1073ms
	BeginReloadAssembly (299ms)
		ExecutionOrderSort (0ms)
		DisableScriptedObjects (8ms)
		BackupInstance (0ms)
		ReleaseScriptingObjects (0ms)
		CreateAndSetChildDomain (29ms)
	RebuildCommonClasses (73ms)
	RebuildNativeTypeToScriptingClass (20ms)
	initialDomainReloadingComplete (50ms)
	LoadAllAssembliesAndSetupDomain (13ms)
		LoadAssemblies (223ms)
		RebuildTransferFunctionScriptingTraits (0ms)
		AnalyzeDomain (7ms)
			TypeCache.Refresh (4ms)
				TypeCache.ScanAssembly (0ms)
			ScanForSourceGeneratedMonoScriptInfo (0ms)
			ResolveRequiredComponents (1ms)
	FinalizeReload (619ms)
		ReleaseScriptCaches (0ms)
		RebuildScriptCaches (0ms)
		SetupLoadedEditorAssemblies (348ms)
			LogAssemblyErrors (0ms)
			InitializePlatformSupportModulesInManaged (20ms)
			SetLoadedEditorAssemblies (15ms)
			RefreshPlugins (0ms)
			BeforeProcessingInitializeOnLoad (39ms)
			ProcessInitializeOnLoadAttributes (218ms)
			ProcessInitializeOnLoadMethodAttributes (34ms)
			AfterProcessingInitializeOnLoad (22ms)
			EditorAssembliesLoaded (0ms)
		ExecutionOrderSort2 (0ms)
		AwakeInstancesAfterBackupRestoration (37ms)
Refreshing native plugins compatible for Editor in 0.00 ms, found 0 plugins.
Preloading 0 native plugins for Editor in 0.00 ms.
Unloading 20 Unused Serialized files (Serialized files now loaded: 0)
Unloading 1 unused Assets / (22.7 KB). Loaded Objects now: 511.
Memory consumption went from 51.3 MB to 51.3 MB.
Total: 13.236800 ms (FindLiveObjects: 0.075700 ms CreateObjectMapping: 0.009500 ms MarkObjects: 13.127800 ms  DeleteObjects: 0.022600 ms)

Prepare: number of updated asset objects reloaded= 0
AssetImportParameters requested are different than current active one (requested -> active):
  custom:container-muxer-webm: aa71ff27fc2769a1b78a27578f13a17b -> 
  custom:video-encoder-webm-vp8: eb34c28f22e8b96e1ab97ce403110664 -> 
  custom:video-codec-MediaFoundation-h265: 746d11721c4dcdbdad8f713fa42b33f4 -> 
  custom:audio-encoder-webm-vorbis: bf7c407c2cedff20999df2af8eb42d56 -> 
  custom:container-demuxer-ogg: 62fdf1f143b41e24485cea50d1cbac27 -> 
  custom:video-decoder-webm-vp8: 9c59270c3fd7afecdb556c50c9e8de78 -> 
  custom:audio-decoder-ogg-vorbis: bf7c407c2cedff20999df2af8eb42d56 -> 
  custom:AudioImporter_EditorPlatform: d09bf68614088b80899f8185d706f6e7 -> 
  custom:video-decoder-ogg-theora: a1e56fd34408186e4bbccfd4996cb3dc -> 
  custom:container-demuxer-webm: 4f35f7cbe854078d1ac9338744f61a02 -> 
  custom:CustomObjectIndexerAttribute: 756ad292c208cfabdd7b50bc23989ffe -> 
  custom:framework-win-MediaFoundation: 216162199b28c13a410421893ffa2e32 -> 
  custom:SearchIndexIgnoredProperties: e643bd26f0fe6173181afceb89e7c659 -> 
========================================================================
Received Prepare
Begin MonoManager ReloadAssembly
- Loaded All Assemblies, in  0.413 seconds
Refreshing native plugins compatible for Editor in 0.00 ms, found 0 plugins.
Native extension for WindowsStandalone target not found
Mono: successfully reloaded assembly
- Finished resetting the current domain, in  0.517 seconds
Domain Reload Profiling: 925ms
	BeginReloadAssembly (253ms)
		ExecutionOrderSort (0ms)
		DisableScriptedObjects (11ms)
		BackupInstance (0ms)
		ReleaseScriptingObjects (0ms)
		CreateAndSetChildDomain (24ms)
	RebuildCommonClasses (74ms)
	RebuildNativeTypeToScriptingClass (23ms)
	initialDomainReloadingComplete (44ms)
	LoadAllAssembliesAndSetupDomain (12ms)
		LoadAssemblies (183ms)
		RebuildTransferFunctionScriptingTraits (0ms)
		AnalyzeDomain (7ms)
			TypeCache.Refresh (4ms)
				TypeCache.ScanAssembly (0ms)
			ScanForSourceGeneratedMonoScriptInfo (0ms)
			ResolveRequiredComponents (1ms)
	FinalizeReload (518ms)
		ReleaseScriptCaches (0ms)
		RebuildScriptCaches (0ms)
		SetupLoadedEditorAssemblies (301ms)
			LogAssemblyErrors (0ms)
			InitializePlatformSupportModulesInManaged (9ms)
			SetLoadedEditorAssemblies (6ms)
			RefreshPlugins (0ms)
			BeforeProcessingInitializeOnLoad (66ms)
			ProcessInitializeOnLoadAttributes (180ms)
			ProcessInitializeOnLoadMethodAttributes (21ms)
			AfterProcessingInitializeOnLoad (18ms)
			EditorAssembliesLoaded (0ms)
		ExecutionOrderSort2 (0ms)
		AwakeInstancesAfterBackupRestoration (37ms)
Refreshing native plugins compatible for Editor in 0.00 ms, found 0 plugins.
Preloading 0 native plugins for Editor in 0.00 ms.
Unloading 20 Unused Serialized files (Serialized files now loaded: 0)
Unloading 1 unused Assets / (22.7 KB). Loaded Objects now: 511.
Memory consumption went from 51.4 MB to 51.3 MB.
Total: 3.194800 ms (FindLiveObjects: 0.048900 ms CreateObjectMapping: 0.007900 ms MarkObjects: 3.105000 ms  DeleteObjects: 0.031200 ms)

Prepare: number of updated asset objects reloaded= 0
AssetImportParameters requested are different than current active one (requested -> active):
  custom:container-muxer-webm: aa71ff27fc2769a1b78a27578f13a17b -> 
  custom:video-encoder-webm-vp8: eb34c28f22e8b96e1ab97ce403110664 -> 
  custom:video-codec-MediaFoundation-h265: 746d11721c4dcdbdad8f713fa42b33f4 -> 
  custom:audio-encoder-webm-vorbis: bf7c407c2cedff20999df2af8eb42d56 -> 
  custom:container-demuxer-ogg: 62fdf1f143b41e24485cea50d1cbac27 -> 
  custom:video-decoder-webm-vp8: 9c59270c3fd7afecdb556c50c9e8de78 -> 
  custom:audio-decoder-ogg-vorbis: bf7c407c2cedff20999df2af8eb42d56 -> 
  custom:AudioImporter_EditorPlatform: d09bf68614088b80899f8185d706f6e7 -> 
  custom:video-decoder-ogg-theora: a1e56fd34408186e4bbccfd4996cb3dc -> 
  custom:container-demuxer-webm: 4f35f7cbe854078d1ac9338744f61a02 -> 
  custom:CustomObjectIndexerAttribute: 756ad292c208cfabdd7b50bc23989ffe -> 
  custom:framework-win-MediaFoundation: 216162199b28c13a410421893ffa2e32 -> 
  custom:SearchIndexIgnoredProperties: e643bd26f0fe6173181afceb89e7c659 -> 
========================================================================
Received Import Request.
  Time since last request: 329.853504 seconds.
  path: Assets/Brick Project Studio/Apartment Kit/Common/Scripts & Animation/Z Axis -1
  artifactKey: Guid(a507882f2594a614987bec9154c416e2) Importer(815301076,1909f56bfc062723c751e8b465ee728b)
Start importing Assets/Brick Project Studio/Apartment Kit/Common/Scripts & Animation/Z Axis -1 using Guid(a507882f2594a614987bec9154c416e2) Importer(815301076,1909f56bfc062723c751e8b465ee728b)  -> (artifact id: '07ad513342cd503a5bca9b19e8b195be') in 0.002670 seconds
Number of updated asset objects reloaded before import = 0
Number of asset objects unloaded after import = 0
========================================================================
Received Import Request.
  Time since last request: 0.814937 seconds.
  path: Assets/Brick Project Studio/Apartment Kit/Common/Scripts & Animation/Closet
  artifactKey: Guid(ad87785502f96074d8c4ba05b3bec98e) Importer(815301076,1909f56bfc062723c751e8b465ee728b)
Start importing Assets/Brick Project Studio/Apartment Kit/Common/Scripts & Animation/Closet using Guid(ad87785502f96074d8c4ba05b3bec98e) Importer(815301076,1909f56bfc062723c751e8b465ee728b)  -> (artifact id: '7021de05a1d07f8dfbdd2c0748e8f63b') in 0.000550 seconds
Number of updated asset objects reloaded before import = 0
Number of asset objects unloaded after import = 0
========================================================================
Received Import Request.
  Time since last request: 0.357430 seconds.
  path: Assets/Brick Project Studio/Apartment Kit/Common/Scripts & Animation/OvenOpen
  artifactKey: Guid(4052a93064f5b2c4ea9b0d7577e6ac73) Importer(815301076,1909f56bfc062723c751e8b465ee728b)
Start importing Assets/Brick Project Studio/Apartment Kit/Common/Scripts & Animation/OvenOpen using Guid(4052a93064f5b2c4ea9b0d7577e6ac73) Importer(815301076,1909f56bfc062723c751e8b465ee728b)  -> (artifact id: 'b01b63b2348756d1bf3efc367ae66101') in 0.000592 seconds
Number of updated asset objects reloaded before import = 0
Number of asset objects unloaded after import = 0
========================================================================
Received Import Request.
  Time since last request: 0.747268 seconds.
  path: Assets/Brick Project Studio/Apartment Kit/Common/Scripts & Animation/Slide
  artifactKey: Guid(4bb6243b32339bb4b8f2fc54307831eb) Importer(815301076,1909f56bfc062723c751e8b465ee728b)
Start importing Assets/Brick Project Studio/Apartment Kit/Common/Scripts & Animation/Slide using Guid(4bb6243b32339bb4b8f2fc54307831eb) Importer(815301076,1909f56bfc062723c751e8b465ee728b)  -> (artifact id: 'c7ea97e6c497ed3627bccba7a3d3eb97') in 0.000644 seconds
Number of updated asset objects reloaded before import = 0
Number of asset objects unloaded after import = 0
========================================================================
Received Import Request.
  Time since last request: 19.573533 seconds.
  path: Assets/Brick Project Studio/Apartment Kit/Scenes/Scene_03/OcclusionCullingData.asset
  artifactKey: Guid(6f115c79b71beb349b505585792bca70) Importer(815301076,1909f56bfc062723c751e8b465ee728b)
Start importing Assets/Brick Project Studio/Apartment Kit/Scenes/Scene_03/OcclusionCullingData.asset using Guid(6f115c79b71beb349b505585792bca70) Importer(815301076,1909f56bfc062723c751e8b465ee728b)  -> (artifact id: 'a1f98037179d7419b52315914f51939c') in 0.012712 seconds
Number of updated asset objects reloaded before import = 0
Number of asset objects unloaded after import = 1
========================================================================
Received Import Request.
  Time since last request: 7.709932 seconds.
  path: Assets/Brick Project Studio/Apartment Kit/Common/Materials/Interior Exterior/Ext_Apt_01.mat
  artifactKey: Guid(05ab6237a2436a34bb31bebcb35225c8) Importer(815301076,1909f56bfc062723c751e8b465ee728b)
Start importing Assets/Brick Project Studio/Apartment Kit/Common/Materials/Interior Exterior/Ext_Apt_01.mat using Guid(05ab6237a2436a34bb31bebcb35225c8) Importer(815301076,1909f56bfc062723c751e8b465ee728b)  -> (artifact id: 'b334a3fda635ea01685d3f0e2d14dbeb') in 0.145003 seconds
Number of updated asset objects reloaded before import = 0
Number of asset objects unloaded after import = 3
========================================================================
Received Import Request.
  Time since last request: 0.000029 seconds.
  path: Assets/Brick Project Studio/Apartment Kit/Common/Materials/Interior Exterior/Int_Apt_02.mat
  artifactKey: Guid(1189fd509fb646c4bbef59dd93c02b71) Importer(815301076,1909f56bfc062723c751e8b465ee728b)
Start importing Assets/Brick Project Studio/Apartment Kit/Common/Materials/Interior Exterior/Int_Apt_02.mat using Guid(1189fd509fb646c4bbef59dd93c02b71) Importer(815301076,1909f56bfc062723c751e8b465ee728b)  -> (artifact id: '4a27a3e9a2d525705de93ad9ceb04f66') in 0.029852 seconds
Number of updated asset objects reloaded before import = 0
Number of asset objects unloaded after import = 3
========================================================================
Received Import Request.
  Time since last request: 0.000020 seconds.
  path: Assets/Brick Project Studio/Apartment Kit/Common/Materials/Interior Exterior/Int_Apt_03.mat
  artifactKey: Guid(8d06d0f3581549d4fb32fda8991db882) Importer(815301076,1909f56bfc062723c751e8b465ee728b)
Start importing Assets/Brick Project Studio/Apartment Kit/Common/Materials/Interior Exterior/Int_Apt_03.mat using Guid(8d06d0f3581549d4fb32fda8991db882) Importer(815301076,1909f56bfc062723c751e8b465ee728b)  -> (artifact id: 'cab8e1112528dd0f2bf9d7ccb8ab8658') in 0.024092 seconds
Number of updated asset objects reloaded before import = 0
Number of asset objects unloaded after import = 3
========================================================================
Received Import Request.
  Time since last request: 0.467506 seconds.
  path: Assets/Brick Project Studio/Apartment Kit/Common/Materials/Misc/Blender_01_A.mat
  artifactKey: Guid(ea4d64c9747ed7b479f9198da3e78cd7) Importer(815301076,1909f56bfc062723c751e8b465ee728b)
Start importing Assets/Brick Project Studio/Apartment Kit/Common/Materials/Misc/Blender_01_A.mat using Guid(ea4d64c9747ed7b479f9198da3e78cd7) Importer(815301076,1909f56bfc062723c751e8b465ee728b)  -> (artifact id: '60712fc62a10a28b9f6de3db255481e0') in 0.239433 seconds
Number of updated asset objects reloaded before import = 0
Number of asset objects unloaded after import = 2
========================================================================
Received Import Request.
  Time since last request: 0.000022 seconds.
  path: Assets/Brick Project Studio/Apartment Kit/Common/Materials/Misc/ScreenMonitor_01.mat
  artifactKey: Guid(be58df235057e3040b40406a31bcbf58) Importer(815301076,1909f56bfc062723c751e8b465ee728b)
Start importing Assets/Brick Project Studio/Apartment Kit/Common/Materials/Misc/ScreenMonitor_01.mat using Guid(be58df235057e3040b40406a31bcbf58) Importer(815301076,1909f56bfc062723c751e8b465ee728b)  -> (artifact id: '8e1deffbbbc53983737c6eb88dd8b8d7') in 0.154820 seconds
Number of updated asset objects reloaded before import = 0
Number of asset objects unloaded after import = 2
========================================================================
Received Import Request.
  Time since last request: 0.000030 seconds.
  path: Assets/Brick Project Studio/Apartment Kit/Common/Materials/Misc/Canvas_Painting_01.mat
  artifactKey: Guid(5c4d526e95a945e46abbe1645a318634) Importer(815301076,1909f56bfc062723c751e8b465ee728b)
Start importing Assets/Brick Project Studio/Apartment Kit/Common/Materials/Misc/Canvas_Painting_01.mat using Guid(5c4d526e95a945e46abbe1645a318634) Importer(815301076,1909f56bfc062723c751e8b465ee728b)  -> (artifact id: 'bf742289daa11071e5303ab929bb944e') in 0.022133 seconds
Number of updated asset objects reloaded before import = 0
Number of asset objects unloaded after import = 3
========================================================================
Received Import Request.
  Time since last request: 0.000015 seconds.
  path: Assets/Brick Project Studio/Apartment Kit/Common/Materials/Misc/WallArt_Apt_01.mat
  artifactKey: Guid(2078401f2a19e7e4aa88ce0df5064d71) Importer(815301076,1909f56bfc062723c751e8b465ee728b)
Start importing Assets/Brick Project Studio/Apartment Kit/Common/Materials/Misc/WallArt_Apt_01.mat using Guid(2078401f2a19e7e4aa88ce0df5064d71) Importer(815301076,1909f56bfc062723c751e8b465ee728b)  -> (artifact id: 'bede8645a3ab7998f7e521d00a1c6ec5') in 0.021027 seconds
Number of updated asset objects reloaded before import = 0
Number of asset objects unloaded after import = 2
========================================================================
Received Import Request.
  Time since last request: 0.000015 seconds.
  path: Assets/Brick Project Studio/Apartment Kit/Common/Materials/Misc/Marble_Dark.mat
  artifactKey: Guid(6d3ba1df7fa074c45b26f73faef7608e) Importer(815301076,1909f56bfc062723c751e8b465ee728b)
Start importing Assets/Brick Project Studio/Apartment Kit/Common/Materials/Misc/Marble_Dark.mat using Guid(6d3ba1df7fa074c45b26f73faef7608e) Importer(815301076,1909f56bfc062723c751e8b465ee728b)  -> (artifact id: '91b91b62db7ce09a332ba5f27d90279f') in 0.279944 seconds
Number of updated asset objects reloaded before import = 0
Number of asset objects unloaded after import = 4
========================================================================
Received Import Request.
  Time since last request: 0.000023 seconds.
  path: Assets/Brick Project Studio/Apartment Kit/Common/Materials/Misc/Rug.mat
  artifactKey: Guid(bd43db1d1dee4bf4fbff367dc5cf6dc6) Importer(815301076,1909f56bfc062723c751e8b465ee728b)
Start importing Assets/Brick Project Studio/Apartment Kit/Common/Materials/Misc/Rug.mat using Guid(bd43db1d1dee4bf4fbff367dc5cf6dc6) Importer(815301076,1909f56bfc062723c751e8b465ee728b)  -> (artifact id: '0d6336f965472d187c4661df48afbd64') in 0.022955 seconds
Number of updated asset objects reloaded before import = 0
Number of asset objects unloaded after import = 3
========================================================================
Received Import Request.
  Time since last request: 0.000031 seconds.
  path: Assets/Brick Project Studio/Apartment Kit/Common/Materials/Misc/WallArt_Apt_03.mat
  artifactKey: Guid(a79b9dfdb7c8f754f8d5fd1924ac5fdf) Importer(815301076,1909f56bfc062723c751e8b465ee728b)
Start importing Assets/Brick Project Studio/Apartment Kit/Common/Materials/Misc/WallArt_Apt_03.mat using Guid(a79b9dfdb7c8f754f8d5fd1924ac5fdf) Importer(815301076,1909f56bfc062723c751e8b465ee728b)  -> (artifact id: 'f624cf8b8a696e7537a29530822e9d90') in 0.021836 seconds
Number of updated asset objects reloaded before import = 0
Number of asset objects unloaded after import = 2
========================================================================
Received Import Request.
  Time since last request: 0.000018 seconds.
  path: Assets/Brick Project Studio/Apartment Kit/Common/Materials/Misc/Canvas_Nat_06-07.mat
  artifactKey: Guid(fad41da6b0b4a274ea1daeb98b3d6b9b) Importer(815301076,1909f56bfc062723c751e8b465ee728b)
Start importing Assets/Brick Project Studio/Apartment Kit/Common/Materials/Misc/Canvas_Nat_06-07.mat using Guid(fad41da6b0b4a274ea1daeb98b3d6b9b) Importer(815301076,1909f56bfc062723c751e8b465ee728b)  -> (artifact id: 'c7d3c5da2c3249a8fbce2c2d40c8d344') in 0.026436 seconds
Number of updated asset objects reloaded before import = 0
Number of asset objects unloaded after import = 3
========================================================================
Received Import Request.
  Time since last request: 0.000020 seconds.
  path: Assets/Brick Project Studio/Apartment Kit/Common/Materials/Misc/Colors_apt_02.mat
  artifactKey: Guid(9ffdee5782f720247a027f75edcb9c08) Importer(815301076,1909f56bfc062723c751e8b465ee728b)
Start importing Assets/Brick Project Studio/Apartment Kit/Common/Materials/Misc/Colors_apt_02.mat using Guid(9ffdee5782f720247a027f75edcb9c08) Importer(815301076,1909f56bfc062723c751e8b465ee728b)  -> (artifact id: 'e734c8b57c5288d0e21f1967b04544fa') in 0.026772 seconds
Number of updated asset objects reloaded before import = 0
Number of asset objects unloaded after import = 3
========================================================================
Received Import Request.
  Time since last request: 0.000017 seconds.
  path: Assets/Brick Project Studio/Apartment Kit/Common/Materials/Misc/keyboard_01.mat
  artifactKey: Guid(82dc13826f8c00040b92c94337944a2f) Importer(815301076,1909f56bfc062723c751e8b465ee728b)
Start importing Assets/Brick Project Studio/Apartment Kit/Common/Materials/Misc/keyboard_01.mat using Guid(82dc13826f8c00040b92c94337944a2f) Importer(815301076,1909f56bfc062723c751e8b465ee728b)  -> (artifact id: '620c5e8b964cbfe89d16586072c89a4f') in 0.017813 seconds
Number of updated asset objects reloaded before import = 0
Number of asset objects unloaded after import = 3
========================================================================
Received Import Request.
  Time since last request: 0.000017 seconds.
  path: Assets/Brick Project Studio/Apartment Kit/Common/Materials/Misc/Canvas_Nat_05.mat
  artifactKey: Guid(ee274bac83b432e489e9163a36560bab) Importer(815301076,1909f56bfc062723c751e8b465ee728b)
Start importing Assets/Brick Project Studio/Apartment Kit/Common/Materials/Misc/Canvas_Nat_05.mat using Guid(ee274bac83b432e489e9163a36560bab) Importer(815301076,1909f56bfc062723c751e8b465ee728b)  -> (artifact id: '22d210537ed9ecb60a81b3f17a5efad0') in 0.024584 seconds
Number of updated asset objects reloaded before import = 0
Number of asset objects unloaded after import = 3
========================================================================
Received Import Request.
  Time since last request: 0.000019 seconds.
  path: Assets/Brick Project Studio/Apartment Kit/Common/Materials/Misc/GameConsole_01.mat
  artifactKey: Guid(cd2528b4c58decf4fa93cbcfc4c870ee) Importer(815301076,1909f56bfc062723c751e8b465ee728b)
Start importing Assets/Brick Project Studio/Apartment Kit/Common/Materials/Misc/GameConsole_01.mat using Guid(cd2528b4c58decf4fa93cbcfc4c870ee) Importer(815301076,1909f56bfc062723c751e8b465ee728b)  -> (artifact id: '3c0575938ba85a51412660e0824d5c06') in 0.021225 seconds
Number of updated asset objects reloaded before import = 0
Number of asset objects unloaded after import = 2
========================================================================
Received Import Request.
  Time since last request: 0.000047 seconds.
  path: Assets/Brick Project Studio/Apartment Kit/Common/Materials/Misc/Label.mat
  artifactKey: Guid(887cd0bd2b51873418b96f1bf6f04da4) Importer(815301076,1909f56bfc062723c751e8b465ee728b)
Start importing Assets/Brick Project Studio/Apartment Kit/Common/Materials/Misc/Label.mat using Guid(887cd0bd2b51873418b96f1bf6f04da4) Importer(815301076,1909f56bfc062723c751e8b465ee728b)  -> (artifact id: '5c4f240fc4a0c5a84dc4bd05d37b0c99') in 0.259858 seconds
Number of updated asset objects reloaded before import = 0
Number of asset objects unloaded after import = 2
========================================================================
Received Import Request.
  Time since last request: 1.545371 seconds.
  path: Assets/Brick Project Studio/Apartment Kit/Common/Materials/Surface/Adler Dark Wood.mat
  artifactKey: Guid(2149baccf21e31043a0e66c87a72bfcd) Importer(815301076,1909f56bfc062723c751e8b465ee728b)
Start importing Assets/Brick Project Studio/Apartment Kit/Common/Materials/Surface/Adler Dark Wood.mat using Guid(2149baccf21e31043a0e66c87a72bfcd) Importer(815301076,1909f56bfc062723c751e8b465ee728b)  -> (artifact id: 'cd6ef5e41cbbdab442c916299899324a') in 0.020532 seconds
Number of updated asset objects reloaded before import = 0
Number of asset objects unloaded after import = 3
========================================================================
Received Import Request.
  Time since last request: 0.000012 seconds.
  path: Assets/Brick Project Studio/Apartment Kit/Common/Materials/Surface/Brushed Metal_Gold.mat
  artifactKey: Guid(84a1ffeca40e4c6439b0a1f93b4d287c) Importer(815301076,1909f56bfc062723c751e8b465ee728b)
Start importing Assets/Brick Project Studio/Apartment Kit/Common/Materials/Surface/Brushed Metal_Gold.mat using Guid(84a1ffeca40e4c6439b0a1f93b4d287c) Importer(815301076,1909f56bfc062723c751e8b465ee728b)  -> (artifact id: 'f5e9a648e7ab8be5708dfe44f3e54f3e') in 0.019249 seconds
Number of updated asset objects reloaded before import = 0
Number of asset objects unloaded after import = 3
========================================================================
Received Import Request.
  Time since last request: 0.000020 seconds.
  path: Assets/Brick Project Studio/Apartment Kit/Common/Materials/Surface/CastIron_01.mat
  artifactKey: Guid(27f834cdb4589be48903c1e529e09c59) Importer(815301076,1909f56bfc062723c751e8b465ee728b)
Start importing Assets/Brick Project Studio/Apartment Kit/Common/Materials/Surface/CastIron_01.mat using Guid(27f834cdb4589be48903c1e529e09c59) Importer(815301076,1909f56bfc062723c751e8b465ee728b)  -> (artifact id: 'd8a16fbae00e6fd84edcfe980cb6b022') in 0.279258 seconds
Number of updated asset objects reloaded before import = 0
Number of asset objects unloaded after import = 5
========================================================================
Received Import Request.
  Time since last request: 0.000023 seconds.
  path: Assets/Brick Project Studio/Apartment Kit/Common/Materials/Surface/Shiny Metal_02.mat
  artifactKey: Guid(b73dbd0dbafdfa944ac875a3b40515e4) Importer(815301076,1909f56bfc062723c751e8b465ee728b)
Start importing Assets/Brick Project Studio/Apartment Kit/Common/Materials/Surface/Shiny Metal_02.mat using Guid(b73dbd0dbafdfa944ac875a3b40515e4) Importer(815301076,1909f56bfc062723c751e8b465ee728b)  -> (artifact id: 'fac080daebab18e50a5a44df0d37ca02') in 0.019980 seconds
Number of updated asset objects reloaded before import = 0
Number of asset objects unloaded after import = 1
========================================================================
Received Import Request.
  Time since last request: 0.000049 seconds.
  path: Assets/Brick Project Studio/Apartment Kit/Common/Materials/Surface/porc_01.mat
  artifactKey: Guid(691850c8ec9fa6d44ae662bfdbe6c53a) Importer(815301076,1909f56bfc062723c751e8b465ee728b)
Start importing Assets/Brick Project Studio/Apartment Kit/Common/Materials/Surface/porc_01.mat using Guid(691850c8ec9fa6d44ae662bfdbe6c53a) Importer(815301076,1909f56bfc062723c751e8b465ee728b)  -> (artifact id: '8ec3166d889f708044aa383d1669c849') in 0.018967 seconds
Number of updated asset objects reloaded before import = 0
Number of asset objects unloaded after import = 1
========================================================================
Received Import Request.
  Time since last request: 0.000020 seconds.
  path: Assets/Brick Project Studio/Apartment Kit/Common/Materials/Surface/Rustic Wood.mat
  artifactKey: Guid(a5fe6931b64e0de469d6a1b5b2a23513) Importer(815301076,1909f56bfc062723c751e8b465ee728b)
Start importing Assets/Brick Project Studio/Apartment Kit/Common/Materials/Surface/Rustic Wood.mat using Guid(a5fe6931b64e0de469d6a1b5b2a23513) Importer(815301076,1909f56bfc062723c751e8b465ee728b)  -> (artifact id: 'd0a96580c9935fadcbddef0ca6899ace') in 0.022858 seconds
Number of updated asset objects reloaded before import = 0
Number of asset objects unloaded after import = 3
========================================================================
Received Import Request.
  Time since last request: 0.000016 seconds.
  path: Assets/Brick Project Studio/Apartment Kit/Common/Materials/Surface/BR_Tile_01.mat
  artifactKey: Guid(aae18af11f5af9d43bb55831bba0ae8f) Importer(815301076,1909f56bfc062723c751e8b465ee728b)
Start importing Assets/Brick Project Studio/Apartment Kit/Common/Materials/Surface/BR_Tile_01.mat using Guid(aae18af11f5af9d43bb55831bba0ae8f) Importer(815301076,1909f56bfc062723c751e8b465ee728b)  -> (artifact id: '804f2db82ff46fe0bc8e3d84b0df780e') in 0.024284 seconds
Number of updated asset objects reloaded before import = 0
Number of asset objects unloaded after import = 3
========================================================================
Received Import Request.
  Time since last request: 0.000020 seconds.
  path: Assets/Brick Project Studio/Apartment Kit/Common/Materials/Surface/BR_Tile_02.mat
  artifactKey: Guid(10c8542d4324afc4bb4d61e51e00800e) Importer(815301076,1909f56bfc062723c751e8b465ee728b)
Start importing Assets/Brick Project Studio/Apartment Kit/Common/Materials/Surface/BR_Tile_02.mat using Guid(10c8542d4324afc4bb4d61e51e00800e) Importer(815301076,1909f56bfc062723c751e8b465ee728b)  -> (artifact id: '81293b530fb1ba13f0d1563f8cb05a4d') in 0.018651 seconds
Number of updated asset objects reloaded before import = 0
Number of asset objects unloaded after import = 2
========================================================================
Received Import Request.
  Time since last request: 0.000017 seconds.
  path: Assets/Brick Project Studio/Apartment Kit/Common/Materials/Surface/LampShade_On.mat
  artifactKey: Guid(b88360a072428ab458700f373aaa91ee) Importer(815301076,1909f56bfc062723c751e8b465ee728b)
Start importing Assets/Brick Project Studio/Apartment Kit/Common/Materials/Surface/LampShade_On.mat using Guid(b88360a072428ab458700f373aaa91ee) Importer(815301076,1909f56bfc062723c751e8b465ee728b)  -> (artifact id: 'bba998366aebd760e48613e6b8046e39') in 0.019393 seconds
Number of updated asset objects reloaded before import = 0
Number of asset objects unloaded after import = 1
========================================================================
Received Import Request.
  Time since last request: 0.000136 seconds.
  path: Assets/Brick Project Studio/Apartment Kit/Common/Materials/Surface/Red Wine.mat
  artifactKey: Guid(4395ee91f3c8a8245ac3acea11839b80) Importer(815301076,1909f56bfc062723c751e8b465ee728b)
Start importing Assets/Brick Project Studio/Apartment Kit/Common/Materials/Surface/Red Wine.mat using Guid(4395ee91f3c8a8245ac3acea11839b80) Importer(815301076,1909f56bfc062723c751e8b465ee728b)  -> (artifact id: '1b51f18cb2106f2e234a60c775d86011') in 0.131673 seconds
Number of updated asset objects reloaded before import = 0
Number of asset objects unloaded after import = 1
========================================================================
Received Import Request.
  Time since last request: 0.000027 seconds.
  path: Assets/Brick Project Studio/Apartment Kit/Common/Materials/Surface/RedLight_01.mat
  artifactKey: Guid(4bb7c435fb1657c42a9ec5ad46b7100a) Importer(815301076,1909f56bfc062723c751e8b465ee728b)
Start importing Assets/Brick Project Studio/Apartment Kit/Common/Materials/Surface/RedLight_01.mat using Guid(4bb7c435fb1657c42a9ec5ad46b7100a) Importer(815301076,1909f56bfc062723c751e8b465ee728b)  -> (artifact id: '11d0730958d6b22c665bdbfc0f4755f8') in 0.016854 seconds
Number of updated asset objects reloaded before import = 0
Number of asset objects unloaded after import = 1
========================================================================
Received Import Request.
  Time since last request: 0.000058 seconds.
  path: Assets/Brick Project Studio/Apartment Kit/Common/Materials/Surface/Frosted.mat
  artifactKey: Guid(f4c2705402c106042bb0cfaeab8f8d88) Importer(815301076,1909f56bfc062723c751e8b465ee728b)
Start importing Assets/Brick Project Studio/Apartment Kit/Common/Materials/Surface/Frosted.mat using Guid(f4c2705402c106042bb0cfaeab8f8d88) Importer(815301076,1909f56bfc062723c751e8b465ee728b)  -> (artifact id: '94eaa790a38b9fd324343fcf24ba31f8') in 0.018209 seconds
Number of updated asset objects reloaded before import = 0
Number of asset objects unloaded after import = 1
========================================================================
Received Import Request.
  Time since last request: 0.000019 seconds.
  path: Assets/Brick Project Studio/Apartment Kit/Common/Materials/Surface/Leather_02.mat
  artifactKey: Guid(6b037e7c427c8fc478dce6529e818f82) Importer(815301076,1909f56bfc062723c751e8b465ee728b)
Start importing Assets/Brick Project Studio/Apartment Kit/Common/Materials/Surface/Leather_02.mat using Guid(6b037e7c427c8fc478dce6529e818f82) Importer(815301076,1909f56bfc062723c751e8b465ee728b)  -> (artifact id: '941f4315ca7131413391409e1a311da4') in 0.279767 seconds
Number of updated asset objects reloaded before import = 0
Number of asset objects unloaded after import = 4
========================================================================
Received Import Request.
  Time since last request: 0.000023 seconds.
  path: Assets/Brick Project Studio/Apartment Kit/Common/Materials/Surface/Plastic_01.mat
  artifactKey: Guid(9a0f81c2a61d0294db7e1b3a3eabad0c) Importer(815301076,1909f56bfc062723c751e8b465ee728b)
Start importing Assets/Brick Project Studio/Apartment Kit/Common/Materials/Surface/Plastic_01.mat using Guid(9a0f81c2a61d0294db7e1b3a3eabad0c) Importer(815301076,1909f56bfc062723c751e8b465ee728b)  -> (artifact id: 'dea2be8803797493896bad94860d1ba5') in 0.022770 seconds
Number of updated asset objects reloaded before import = 0
Number of asset objects unloaded after import = 3
========================================================================
Received Import Request.
  Time since last request: 0.000029 seconds.
  path: Assets/Brick Project Studio/Apartment Kit/Common/Materials/Surface/Brushed Metal_Chrome.mat
  artifactKey: Guid(4580dd49916b3c542b97109c8ca425f3) Importer(815301076,1909f56bfc062723c751e8b465ee728b)
Start importing Assets/Brick Project Studio/Apartment Kit/Common/Materials/Surface/Brushed Metal_Chrome.mat using Guid(4580dd49916b3c542b97109c8ca425f3) Importer(815301076,1909f56bfc062723c751e8b465ee728b)  -> (artifact id: '8ae5c977eb766d55cb212d0ac52376e4') in 0.022230 seconds
Number of updated asset objects reloaded before import = 0
Number of asset objects unloaded after import = 3
========================================================================
Received Import Request.
  Time since last request: 0.000023 seconds.
  path: Assets/Brick Project Studio/Apartment Kit/Common/Materials/Surface/Shiny Metal_04.mat
  artifactKey: Guid(48852ed51db63954399f7facee033ea4) Importer(815301076,1909f56bfc062723c751e8b465ee728b)
Start importing Assets/Brick Project Studio/Apartment Kit/Common/Materials/Surface/Shiny Metal_04.mat using Guid(48852ed51db63954399f7facee033ea4) Importer(815301076,1909f56bfc062723c751e8b465ee728b)  -> (artifact id: '8bc21e48ab76d3e8fb2d6d0cf0f6506c') in 0.018777 seconds
Number of updated asset objects reloaded before import = 0
Number of asset objects unloaded after import = 1
========================================================================
Received Import Request.
  Time since last request: 0.000071 seconds.
  path: Assets/Brick Project Studio/Apartment Kit/Common/Materials/Surface/LampShadeFabric_On.mat
  artifactKey: Guid(625ca8b0c9507cd4d8685b336560db6d) Importer(815301076,1909f56bfc062723c751e8b465ee728b)
Start importing Assets/Brick Project Studio/Apartment Kit/Common/Materials/Surface/LampShadeFabric_On.mat using Guid(625ca8b0c9507cd4d8685b336560db6d) Importer(815301076,1909f56bfc062723c751e8b465ee728b)  -> (artifact id: 'ccd34311d34b9f77eada5cff49ebdd9f') in 0.148603 seconds
Number of updated asset objects reloaded before import = 0
Number of asset objects unloaded after import = 3
========================================================================
Received Import Request.
  Time since last request: 0.000019 seconds.
  path: Assets/Brick Project Studio/Apartment Kit/Common/Materials/Surface/Fabric_01_White.mat
  artifactKey: Guid(7f1d2f122bc99854b95672cfb7d080fa) Importer(815301076,1909f56bfc062723c751e8b465ee728b)
Start importing Assets/Brick Project Studio/Apartment Kit/Common/Materials/Surface/Fabric_01_White.mat using Guid(7f1d2f122bc99854b95672cfb7d080fa) Importer(815301076,1909f56bfc062723c751e8b465ee728b)  -> (artifact id: '08d49e0e2de333b497604ac4f8349ab6') in 0.022635 seconds
Number of updated asset objects reloaded before import = 0
Number of asset objects unloaded after import = 5
========================================================================
Received Import Request.
  Time since last request: 0.000028 seconds.
  path: Assets/Brick Project Studio/Apartment Kit/Common/Materials/Surface/Fabric_01_Blue.mat
  artifactKey: Guid(0e43f5a20c0c0184da573df09c6c1d40) Importer(815301076,1909f56bfc062723c751e8b465ee728b)
Start importing Assets/Brick Project Studio/Apartment Kit/Common/Materials/Surface/Fabric_01_Blue.mat using Guid(0e43f5a20c0c0184da573df09c6c1d40) Importer(815301076,1909f56bfc062723c751e8b465ee728b)  -> (artifact id: 'fa9bb3856c28d98ba0d82e0a67a44f44') in 0.024171 seconds
Number of updated asset objects reloaded before import = 0
Number of asset objects unloaded after import = 5
========================================================================
Received Import Request.
  Time since last request: 6.083342 seconds.
  path: Assets/Brick Project Studio/Apartment Kit/Common/Scripts & Animation/Windows/Closingwindow.anim
  artifactKey: Guid(6d03ded07380c2345bc09599eb0099b8) Importer(815301076,1909f56bfc062723c751e8b465ee728b)
Start importing Assets/Brick Project Studio/Apartment Kit/Common/Scripts & Animation/Windows/Closingwindow.anim using Guid(6d03ded07380c2345bc09599eb0099b8) Importer(815301076,1909f56bfc062723c751e8b465ee728b)  -> (artifact id: '3837aa5d0c1cefc8130bc7e5062dc112') in 0.001687 seconds
Number of updated asset objects reloaded before import = 0
Number of asset objects unloaded after import = 1
========================================================================
Received Import Request.
  Time since last request: 1731.315949 seconds.
  path: Assets/Brick Project Studio/_BPS Basic Assets/Common/Materials/Basic Assets/BA_Color_Black_01.mat
  artifactKey: Guid(4cd790ac0d37bdc46970f6688c6b5070) Importer(815301076,1909f56bfc062723c751e8b465ee728b)
Start importing Assets/Brick Project Studio/_BPS Basic Assets/Common/Materials/Basic Assets/BA_Color_Black_01.mat using Guid(4cd790ac0d37bdc46970f6688c6b5070) Importer(815301076,1909f56bfc062723c751e8b465ee728b)  -> (artifact id: 'bcceb479a4857009e1bf062ebe251033') in 0.037800 seconds
Number of updated asset objects reloaded before import = 0
Number of asset objects unloaded after import = 1
========================================================================
Received Import Request.
  Time since last request: 0.000270 seconds.
  path: Assets/Brick Project Studio/_BPS Basic Assets/Common/Materials/Basic Assets/BA_Plastic_01.mat
  artifactKey: Guid(255352a35d6d72c4e8ee50bc826f7495) Importer(815301076,1909f56bfc062723c751e8b465ee728b)
Start importing Assets/Brick Project Studio/_BPS Basic Assets/Common/Materials/Basic Assets/BA_Plastic_01.mat using Guid(255352a35d6d72c4e8ee50bc826f7495) Importer(815301076,1909f56bfc062723c751e8b465ee728b)  -> (artifact id: 'ce18fb24ffe7e22e484e2211340a03b4') in 0.033798 seconds
Number of updated asset objects reloaded before import = 0
Number of asset objects unloaded after import = 3
========================================================================
Received Import Request.
  Time since last request: 0.000020 seconds.
  path: Assets/Brick Project Studio/_BPS Basic Assets/Common/Materials/Basic Assets/Int_BS_01.mat
  artifactKey: Guid(f03383d98b6709647991c50d409cf0af) Importer(815301076,1909f56bfc062723c751e8b465ee728b)
Start importing Assets/Brick Project Studio/_BPS Basic Assets/Common/Materials/Basic Assets/Int_BS_01.mat using Guid(f03383d98b6709647991c50d409cf0af) Importer(815301076,1909f56bfc062723c751e8b465ee728b)  -> (artifact id: 'c5740845d202f4986474e8de4add810b') in 0.026824 seconds
Number of updated asset objects reloaded before import = 0
Number of asset objects unloaded after import = 2
========================================================================
Received Import Request.
  Time since last request: 0.000381 seconds.
  path: Assets/Brick Project Studio/_BPS Basic Assets/Common/Materials/Basic Assets/BA_Knob and Key.mat
  artifactKey: Guid(50dd338fb2540fa4aa15639a529736ee) Importer(815301076,1909f56bfc062723c751e8b465ee728b)
Start importing Assets/Brick Project Studio/_BPS Basic Assets/Common/Materials/Basic Assets/BA_Knob and Key.mat using Guid(50dd338fb2540fa4aa15639a529736ee) Importer(815301076,1909f56bfc062723c751e8b465ee728b)  -> (artifact id: 'a72200a387a0444841168425e563f434') in 0.027316 seconds
Number of updated asset objects reloaded before import = 0
Number of asset objects unloaded after import = 2
========================================================================
Received Import Request.
  Time since last request: 0.000020 seconds.
  path: Assets/Brick Project Studio/_BPS Basic Assets/Common/Materials/Basic Assets/BA_Metal_Brushed_01.mat
  artifactKey: Guid(fe522d7b1289c4345b686fc29ee51adf) Importer(815301076,1909f56bfc062723c751e8b465ee728b)
Start importing Assets/Brick Project Studio/_BPS Basic Assets/Common/Materials/Basic Assets/BA_Metal_Brushed_01.mat using Guid(fe522d7b1289c4345b686fc29ee51adf) Importer(815301076,1909f56bfc062723c751e8b465ee728b)  -> (artifact id: '34bc8a83bf30fc919b6247ebf294200e') in 0.023881 seconds
Number of updated asset objects reloaded before import = 0
Number of asset objects unloaded after import = 3
========================================================================
Received Import Request.
  Time since last request: 0.000018 seconds.
  path: Assets/Brick Project Studio/_BPS Basic Assets/Common/Materials/Basic Assets/BA_Porc.mat
  artifactKey: Guid(c4633b4bc8d4dbb41bc32118f1812b6e) Importer(815301076,1909f56bfc062723c751e8b465ee728b)
Start importing Assets/Brick Project Studio/_BPS Basic Assets/Common/Materials/Basic Assets/BA_Porc.mat using Guid(c4633b4bc8d4dbb41bc32118f1812b6e) Importer(815301076,1909f56bfc062723c751e8b465ee728b)  -> (artifact id: '0117f3b87ac1c93d3d0228d38e2f09a5') in 0.024083 seconds
Number of updated asset objects reloaded before import = 0
Number of asset objects unloaded after import = 1
========================================================================
Received Import Request.
  Time since last request: 0.000023 seconds.
  path: Assets/Brick Project Studio/_BPS Basic Assets/Common/Materials/Basic Assets/BA_Glow_White_01.mat
  artifactKey: Guid(823f8d5383d173a4fb4153a73427684f) Importer(815301076,1909f56bfc062723c751e8b465ee728b)
Start importing Assets/Brick Project Studio/_BPS Basic Assets/Common/Materials/Basic Assets/BA_Glow_White_01.mat using Guid(823f8d5383d173a4fb4153a73427684f) Importer(815301076,1909f56bfc062723c751e8b465ee728b)  -> (artifact id: '66266d685f6a07effed1c65433db6a0b') in 0.021367 seconds
Number of updated asset objects reloaded before import = 0
Number of asset objects unloaded after import = 1
========================================================================
Received Import Request.
  Time since last request: 0.000089 seconds.
  path: Assets/Brick Project Studio/_BPS Basic Assets/Common/Materials/Basic Assets/BA_Metal_Gold_01.mat
  artifactKey: Guid(e000cf84e00aa6f4aac76474f809a621) Importer(815301076,1909f56bfc062723c751e8b465ee728b)
Start importing Assets/Brick Project Studio/_BPS Basic Assets/Common/Materials/Basic Assets/BA_Metal_Gold_01.mat using Guid(e000cf84e00aa6f4aac76474f809a621) Importer(815301076,1909f56bfc062723c751e8b465ee728b)  -> (artifact id: '62acd3330974be1b8bfa0e118c47651d') in 0.019726 seconds
Number of updated asset objects reloaded before import = 0
Number of asset objects unloaded after import = 2
========================================================================
Received Import Request.
  Time since last request: 0.000017 seconds.
  path: Assets/Brick Project Studio/_BPS Basic Assets/Common/Materials/Basic Assets/Ext_SS_01.mat
  artifactKey: Guid(82ab0cdd78fe56340a768888a061f55c) Importer(815301076,1909f56bfc062723c751e8b465ee728b)
Start importing Assets/Brick Project Studio/_BPS Basic Assets/Common/Materials/Basic Assets/Ext_SS_01.mat using Guid(82ab0cdd78fe56340a768888a061f55c) Importer(815301076,1909f56bfc062723c751e8b465ee728b)  -> (artifact id: '666688482f54d3fe1512c2fa3ce794ff') in 0.042112 seconds
Number of updated asset objects reloaded before import = 0
Number of asset objects unloaded after import = 2
========================================================================
Received Import Request.
  Time since last request: 0.000022 seconds.
  path: Assets/Brick Project Studio/_BPS Basic Assets/Common/Materials/Basic Assets/BA_Mirror.mat
  artifactKey: Guid(97cb562e985012a4f8db1dfe9f95115b) Importer(815301076,1909f56bfc062723c751e8b465ee728b)
Start importing Assets/Brick Project Studio/_BPS Basic Assets/Common/Materials/Basic Assets/BA_Mirror.mat using Guid(97cb562e985012a4f8db1dfe9f95115b) Importer(815301076,1909f56bfc062723c751e8b465ee728b)  -> (artifact id: 'b0c034096b882bc757c225af9001e7b0') in 0.019920 seconds
Number of updated asset objects reloaded before import = 0
Number of asset objects unloaded after import = 1
========================================================================
Received Import Request.
  Time since last request: 0.000019 seconds.
  path: Assets/Brick Project Studio/_BPS Basic Assets/Common/Materials/Basic Assets/BA_Metal_Chrome_01.mat
  artifactKey: Guid(701dd7c589db913439e88caa8d11b7fb) Importer(815301076,1909f56bfc062723c751e8b465ee728b)
Start importing Assets/Brick Project Studio/_BPS Basic Assets/Common/Materials/Basic Assets/BA_Metal_Chrome_01.mat using Guid(701dd7c589db913439e88caa8d11b7fb) Importer(815301076,1909f56bfc062723c751e8b465ee728b)  -> (artifact id: '490b9b912e05fa8aab9c9fae8109ee75') in 0.020371 seconds
Number of updated asset objects reloaded before import = 0
Number of asset objects unloaded after import = 2
========================================================================
Received Import Request.
  Time since last request: 0.000016 seconds.
  path: Assets/Brick Project Studio/_BPS Basic Assets/Common/Materials/Basic Assets/BA_Marble_01.mat
  artifactKey: Guid(cb77271ecd71cbd4599aa533ebf5cc1e) Importer(815301076,1909f56bfc062723c751e8b465ee728b)
Start importing Assets/Brick Project Studio/_BPS Basic Assets/Common/Materials/Basic Assets/BA_Marble_01.mat using Guid(cb77271ecd71cbd4599aa533ebf5cc1e) Importer(815301076,1909f56bfc062723c751e8b465ee728b)  -> (artifact id: '952edbab39d8eab7b4a995a6846098fb') in 0.017233 seconds
Number of updated asset objects reloaded before import = 0
Number of asset objects unloaded after import = 2
========================================================================
Received Import Request.
  Time since last request: 0.000022 seconds.
  path: Assets/Brick Project Studio/_BPS Basic Assets/Common/Materials/Basic Assets/BA_Concrete_01.mat
  artifactKey: Guid(1e98ebe0ed4d9894d9610d836de5f478) Importer(815301076,1909f56bfc062723c751e8b465ee728b)
Start importing Assets/Brick Project Studio/_BPS Basic Assets/Common/Materials/Basic Assets/BA_Concrete_01.mat using Guid(1e98ebe0ed4d9894d9610d836de5f478) Importer(815301076,1909f56bfc062723c751e8b465ee728b)  -> (artifact id: 'b2c8ba992eed7623f05ce5ca19c735f5') in 0.021055 seconds
Number of updated asset objects reloaded before import = 0
Number of asset objects unloaded after import = 3
========================================================================
Received Import Request.
  Time since last request: 19.485950 seconds.
  path: Assets/Brick Project Studio/_BPS Basic Assets/Common/Materials/Legacy/Brick 02.mat
  artifactKey: Guid(3d1a06be464c4f34a858b507405a7bb5) Importer(815301076,1909f56bfc062723c751e8b465ee728b)
Start importing Assets/Brick Project Studio/_BPS Basic Assets/Common/Materials/Legacy/Brick 02.mat using Guid(3d1a06be464c4f34a858b507405a7bb5) Importer(815301076,1909f56bfc062723c751e8b465ee728b)  -> (artifact id: '784ac1d8ad99122bf0b8bdc307de05cd') in 0.241580 seconds
Number of updated asset objects reloaded before import = 0
Number of asset objects unloaded after import = 4
========================================================================
Received Import Request.
  Time since last request: 2.038068 seconds.
  path: Assets/Brick Project Studio/_BPS Basic Assets/Common/Materials/Legacy/Brick mute 02.mat
  artifactKey: Guid(099e69089d2c47044b06273bff53533d) Importer(815301076,1909f56bfc062723c751e8b465ee728b)
Start importing Assets/Brick Project Studio/_BPS Basic Assets/Common/Materials/Legacy/Brick mute 02.mat using Guid(099e69089d2c47044b06273bff53533d) Importer(815301076,1909f56bfc062723c751e8b465ee728b)  -> (artifact id: '6c0a8600f52196a85c8a21c528a511bb') in 0.027437 seconds
Number of updated asset objects reloaded before import = 0
Number of asset objects unloaded after import = 4
========================================================================
Received Import Request.
  Time since last request: 2.131293 seconds.
  path: Assets/Brick Project Studio/_BPS Basic Assets/Common/Materials/Legacy/Building Floor Tile.mat
  artifactKey: Guid(b65d6f1427086d84f91a3153f6f82ffc) Importer(815301076,1909f56bfc062723c751e8b465ee728b)
Start importing Assets/Brick Project Studio/_BPS Basic Assets/Common/Materials/Legacy/Building Floor Tile.mat using Guid(b65d6f1427086d84f91a3153f6f82ffc) Importer(815301076,1909f56bfc062723c751e8b465ee728b)  -> (artifact id: 'f5fd03215269abb303613ef3c3d726d5') in 0.157801 seconds
Number of updated asset objects reloaded before import = 0
Number of asset objects unloaded after import = 3
========================================================================
Received Import Request.
  Time since last request: 6.025524 seconds.
  path: Assets/Brick Project Studio/_BPS Basic Assets/Common/Materials/Fire/Fire_Add_01.mat
  artifactKey: Guid(4791bf36c2e577a4a9e789b580579636) Importer(815301076,1909f56bfc062723c751e8b465ee728b)
Start importing Assets/Brick Project Studio/_BPS Basic Assets/Common/Materials/Fire/Fire_Add_01.mat using Guid(4791bf36c2e577a4a9e789b580579636) Importer(815301076,1909f56bfc062723c751e8b465ee728b)  -> (artifact id: '750f42a846cfa2780d49ffe77b91df7d') in 0.061679 seconds
Number of updated asset objects reloaded before import = 0
Number of asset objects unloaded after import = 2
========================================================================
Received Import Request.
  Time since last request: 0.000016 seconds.
  path: Assets/Brick Project Studio/_BPS Basic Assets/Common/Materials/Fire/Fire_Glow_01.mat
  artifactKey: Guid(9a0e2afa4dfa26744be17b68a3e1b98d) Importer(815301076,1909f56bfc062723c751e8b465ee728b)
Start importing Assets/Brick Project Studio/_BPS Basic Assets/Common/Materials/Fire/Fire_Glow_01.mat using Guid(9a0e2afa4dfa26744be17b68a3e1b98d) Importer(815301076,1909f56bfc062723c751e8b465ee728b)  -> (artifact id: '6ba1ef4b3f207ee9d4df9a5264731d42') in 0.029690 seconds
Number of updated asset objects reloaded before import = 0
Number of asset objects unloaded after import = 1
========================================================================
Received Import Request.
  Time since last request: 0.000017 seconds.
  path: Assets/Brick Project Studio/_BPS Basic Assets/Common/Materials/Fire/Fire_Alpha_01.mat
  artifactKey: Guid(cdb5cf50c86c5e1479a217fd032beff8) Importer(815301076,1909f56bfc062723c751e8b465ee728b)
Start importing Assets/Brick Project Studio/_BPS Basic Assets/Common/Materials/Fire/Fire_Alpha_01.mat using Guid(cdb5cf50c86c5e1479a217fd032beff8) Importer(815301076,1909f56bfc062723c751e8b465ee728b)  -> (artifact id: '55deb189cf7dbeed4180f370eb886aa7') in 0.041499 seconds
Number of updated asset objects reloaded before import = 0
Number of asset objects unloaded after import = 2
========================================================================
Received Import Request.
  Time since last request: 4.273504 seconds.
  path: Assets/Brick Project Studio/_BPS Basic Assets/Common/Materials/Legacy/Gold.mat
  artifactKey: Guid(e767d86cbf3099a478162f1692b1edf3) Importer(815301076,1909f56bfc062723c751e8b465ee728b)
Start importing Assets/Brick Project Studio/_BPS Basic Assets/Common/Materials/Legacy/Gold.mat using Guid(e767d86cbf3099a478162f1692b1edf3) Importer(815301076,1909f56bfc062723c751e8b465ee728b)  -> (artifact id: '56f3b9ac5e7209b4b83c32f1b73cad3d') in 0.017000 seconds
Number of updated asset objects reloaded before import = 0
Number of asset objects unloaded after import = 1
========================================================================
Received Import Request.
  Time since last request: 0.586768 seconds.
  path: Assets/Brick Project Studio/_BPS Basic Assets/Common/Materials/Restroom/Int_RR_01.mat
  artifactKey: Guid(b61458ebb19004843af57f63626d7f2a) Importer(815301076,1909f56bfc062723c751e8b465ee728b)
Start importing Assets/Brick Project Studio/_BPS Basic Assets/Common/Materials/Restroom/Int_RR_01.mat using Guid(b61458ebb19004843af57f63626d7f2a) Importer(815301076,1909f56bfc062723c751e8b465ee728b)  -> (artifact id: '4e572d3363579cfe29689d9382a2b516') in 0.023585 seconds
Number of updated asset objects reloaded before import = 0
Number of asset objects unloaded after import = 3
========================================================================
Received Import Request.
  Time since last request: 0.584640 seconds.
  path: Assets/Brick Project Studio/Apartment Kit/Common/Models/Bathroom_Apt_01.fbx
  artifactKey: Guid(651d77a525480c84e9327ec0894c0da1) Importer(815301076,1909f56bfc062723c751e8b465ee728b)
Start importing Assets/Brick Project Studio/Apartment Kit/Common/Models/Bathroom_Apt_01.fbx using Guid(651d77a525480c84e9327ec0894c0da1) Importer(815301076,1909f56bfc062723c751e8b465ee728b)  -> (artifact id: '405b952c75edba186075056719765a23') in 0.399500 seconds
Number of updated asset objects reloaded before import = 0
Number of asset objects unloaded after import = 290
========================================================================
Received Import Request.
  Time since last request: 0.000022 seconds.
  path: Assets/Brick Project Studio/Apartment Kit/Common/Models/wine bottle 04_LP.fbx
  artifactKey: Guid(dc3a1db86c73bb14f8ebd6e2953b7e70) Importer(815301076,1909f56bfc062723c751e8b465ee728b)
Start importing Assets/Brick Project Studio/Apartment Kit/Common/Models/wine bottle 04_LP.fbx using Guid(dc3a1db86c73bb14f8ebd6e2953b7e70) Importer(815301076,1909f56bfc062723c751e8b465ee728b)  -> (artifact id: 'b8c96e7fb896c09bc4d80c646f562531') in 0.054637 seconds
Number of updated asset objects reloaded before import = 0
Number of asset objects unloaded after import = 18
========================================================================
Received Import Request.
  Time since last request: 0.024250 seconds.
  path: Assets/Brick Project Studio/Apartment Kit/Common/Models/Corner Wall Cabinet.fbx
  artifactKey: Guid(5a3b2c9f5dcc95944b5769d838a747e6) Importer(815301076,1909f56bfc062723c751e8b465ee728b)
Start importing Assets/Brick Project Studio/Apartment Kit/Common/Models/Corner Wall Cabinet.fbx using Guid(5a3b2c9f5dcc95944b5769d838a747e6) Importer(815301076,1909f56bfc062723c751e8b465ee728b)  -> (artifact id: 'ad114f0309a78347f343c1c631fd005f') in 0.109497 seconds
Number of updated asset objects reloaded before import = 0
Number of asset objects unloaded after import = 68
========================================================================
Received Import Request.
  Time since last request: 0.000018 seconds.
  path: Assets/Brick Project Studio/Apartment Kit/Common/Models/Painting.fbx
  artifactKey: Guid(27b4045e9d44110428f91ffc9297b5f1) Importer(815301076,1909f56bfc062723c751e8b465ee728b)
Start importing Assets/Brick Project Studio/Apartment Kit/Common/Models/Painting.fbx using Guid(27b4045e9d44110428f91ffc9297b5f1) Importer(815301076,1909f56bfc062723c751e8b465ee728b)  -> (artifact id: '32eccb6fa32b0c83ab34963377177b14') in 0.028110 seconds
Number of updated asset objects reloaded before import = 0
Number of asset objects unloaded after import = 8
========================================================================
Received Import Request.
  Time since last request: 0.180240 seconds.
  path: Assets/Brick Project Studio/Apartment Kit/Common/Models/Modular Wall Cabinet.fbx
  artifactKey: Guid(5a1710e01a2c88242a4499f68198d1f7) Importer(815301076,1909f56bfc062723c751e8b465ee728b)
Start importing Assets/Brick Project Studio/Apartment Kit/Common/Models/Modular Wall Cabinet.fbx using Guid(5a1710e01a2c88242a4499f68198d1f7) Importer(815301076,1909f56bfc062723c751e8b465ee728b)  -> (artifact id: '531b82ae69b2f515e49f5cefe91e51b1') in 0.134417 seconds
Number of updated asset objects reloaded before import = 0
Number of asset objects unloaded after import = 80
========================================================================
Received Import Request.
  Time since last request: 0.000016 seconds.
  path: Assets/Brick Project Studio/_BPS Basic Assets/Common/Models/BA_Ceiling Light_01.fbx
  artifactKey: Guid(f10ecbc237630d9469cea29121d074f4) Importer(815301076,1909f56bfc062723c751e8b465ee728b)
Start importing Assets/Brick Project Studio/_BPS Basic Assets/Common/Models/BA_Ceiling Light_01.fbx using Guid(f10ecbc237630d9469cea29121d074f4) Importer(815301076,1909f56bfc062723c751e8b465ee728b)  -> (artifact id: '8b5de6f470c3eafc84770e5ea72e1a65') in 0.035439 seconds
Number of updated asset objects reloaded before import = 0
Number of asset objects unloaded after import = 13
========================================================================
Received Import Request.
  Time since last request: 0.000022 seconds.
  path: Assets/Brick Project Studio/Apartment Kit/Common/Models/wine thin glass W Liquid.fbx
  artifactKey: Guid(28ca9505d52f64b408920ffcf4831bc0) Importer(815301076,1909f56bfc062723c751e8b465ee728b)
Start importing Assets/Brick Project Studio/Apartment Kit/Common/Models/wine thin glass W Liquid.fbx using Guid(28ca9505d52f64b408920ffcf4831bc0) Importer(815301076,1909f56bfc062723c751e8b465ee728b)  -> (artifact id: '75ee2ce1913e61733719dcf9742de1a5') in 0.048323 seconds
Number of updated asset objects reloaded before import = 0
Number of asset objects unloaded after import = 13
========================================================================
Received Import Request.
  Time since last request: 0.000016 seconds.
  path: Assets/Brick Project Studio/Apartment Kit/Common/Models/lamp.fbx
  artifactKey: Guid(693cb6a41bc2205409161bed0f51fdca) Importer(815301076,1909f56bfc062723c751e8b465ee728b)
Start importing Assets/Brick Project Studio/Apartment Kit/Common/Models/lamp.fbx using Guid(693cb6a41bc2205409161bed0f51fdca) Importer(815301076,1909f56bfc062723c751e8b465ee728b)  -> (artifact id: 'c094c43eec5d09dcba15ae548b2b675e') in 0.047474 seconds
Number of updated asset objects reloaded before import = 0
Number of asset objects unloaded after import = 23
========================================================================
Received Import Request.
  Time since last request: 0.000018 seconds.
  path: Assets/Brick Project Studio/_BPS Basic Assets/Common/Models/Build Kits/Build Kit BA_01.fbx
  artifactKey: Guid(65c4e0d1191656a43a436373673c91f7) Importer(815301076,1909f56bfc062723c751e8b465ee728b)
Start importing Assets/Brick Project Studio/_BPS Basic Assets/Common/Models/Build Kits/Build Kit BA_01.fbx using Guid(65c4e0d1191656a43a436373673c91f7) Importer(815301076,1909f56bfc062723c751e8b465ee728b)  -> (artifact id: '6cd7ac5ef1e1b9b96132c57ab7013851') in 0.106895 seconds
Number of updated asset objects reloaded before import = 0
Number of asset objects unloaded after import = 65
========================================================================
Received Import Request.
  Time since last request: 0.000015 seconds.
  path: Assets/Brick Project Studio/_BPS Basic Assets/Common/Models/Build Kits/Build Kit Exterior.fbx
  artifactKey: Guid(1e4c9d0deb3bcc144ae6e91318e143a7) Importer(815301076,1909f56bfc062723c751e8b465ee728b)
Start importing Assets/Brick Project Studio/_BPS Basic Assets/Common/Models/Build Kits/Build Kit Exterior.fbx using Guid(1e4c9d0deb3bcc144ae6e91318e143a7) Importer(815301076,1909f56bfc062723c751e8b465ee728b)  -> (artifact id: '131f79f44d82124df0027e993d48e3b2') in 0.119532 seconds
Number of updated asset objects reloaded before import = 0
Number of asset objects unloaded after import = 50
========================================================================
Received Import Request.
  Time since last request: 2.613014 seconds.
  path: Assets/Brick Project Studio/_BPS Basic Assets/Common/Materials/Legacy/Antique.mat
  artifactKey: Guid(4a3c4e9ae9b122e449659fdb803fb1dc) Importer(815301076,1909f56bfc062723c751e8b465ee728b)
Start importing Assets/Brick Project Studio/_BPS Basic Assets/Common/Materials/Legacy/Antique.mat using Guid(4a3c4e9ae9b122e449659fdb803fb1dc) Importer(815301076,1909f56bfc062723c751e8b465ee728b)  -> (artifact id: 'cb6eeef80b348c74ca3df29da9589774') in 0.015147 seconds
Number of updated asset objects reloaded before import = 0
Number of asset objects unloaded after import = 1
========================================================================
Received Import Request.
  Time since last request: 19.615147 seconds.
  path: Assets/Brick Project Studio/_BPS Basic Assets/Common/Materials/Basic Assets/BA_Glass_02.mat
  artifactKey: Guid(3bded00981e95504a8e47f996835ca9a) Importer(815301076,1909f56bfc062723c751e8b465ee728b)
Start importing Assets/Brick Project Studio/_BPS Basic Assets/Common/Materials/Basic Assets/BA_Glass_02.mat using Guid(3bded00981e95504a8e47f996835ca9a) Importer(815301076,1909f56bfc062723c751e8b465ee728b)  -> (artifact id: '9fd185bbbe1a74479739cacf9d405b49') in 0.075619 seconds
Number of updated asset objects reloaded before import = 0
Number of asset objects unloaded after import = 1
========================================================================
Received Prepare
Begin MonoManager ReloadAssembly
- Loaded All Assemblies, in  0.487 seconds
Refreshing native plugins compatible for Editor in 0.00 ms, found 0 plugins.
Native extension for WindowsStandalone target not found
Mono: successfully reloaded assembly
- Finished resetting the current domain, in  0.550 seconds
Domain Reload Profiling: 1033ms
	BeginReloadAssembly (329ms)
		ExecutionOrderSort (0ms)
		DisableScriptedObjects (7ms)
		BackupInstance (0ms)
		ReleaseScriptingObjects (0ms)
		CreateAndSetChildDomain (41ms)
	RebuildCommonClasses (74ms)
	RebuildNativeTypeToScriptingClass (19ms)
	initialDomainReloadingComplete (51ms)
	LoadAllAssembliesAndSetupDomain (8ms)
		LoadAssemblies (226ms)
		RebuildTransferFunctionScriptingTraits (0ms)
		AnalyzeDomain (5ms)
			TypeCache.Refresh (3ms)
				TypeCache.ScanAssembly (0ms)
			ScanForSourceGeneratedMonoScriptInfo (0ms)
			ResolveRequiredComponents (1ms)
	FinalizeReload (551ms)
		ReleaseScriptCaches (0ms)
		RebuildScriptCaches (0ms)
		SetupLoadedEditorAssemblies (307ms)
			LogAssemblyErrors (0ms)
			InitializePlatformSupportModulesInManaged (10ms)
			SetLoadedEditorAssemblies (9ms)
			RefreshPlugins (0ms)
			BeforeProcessingInitializeOnLoad (43ms)
			ProcessInitializeOnLoadAttributes (197ms)
			ProcessInitializeOnLoadMethodAttributes (31ms)
			AfterProcessingInitializeOnLoad (17ms)
			EditorAssembliesLoaded (0ms)
		ExecutionOrderSort2 (0ms)
		AwakeInstancesAfterBackupRestoration (37ms)
Refreshing native plugins compatible for Editor in 0.00 ms, found 0 plugins.
Preloading 0 native plugins for Editor in 0.00 ms.
Unloading 19 Unused Serialized files (Serialized files now loaded: 0)
Unloading 1 unused Assets / (21.9 KB). Loaded Objects now: 553.
Memory consumption went from 51.7 MB to 51.7 MB.
Total: 5.426400 ms (FindLiveObjects: 0.058500 ms CreateObjectMapping: 0.007100 ms MarkObjects: 5.270500 ms  DeleteObjects: 0.088400 ms)

Prepare: number of updated asset objects reloaded= 0
AssetImportParameters requested are different than current active one (requested -> active):
  custom:container-muxer-webm: aa71ff27fc2769a1b78a27578f13a17b -> 
  custom:video-encoder-webm-vp8: eb34c28f22e8b96e1ab97ce403110664 -> 
  custom:video-codec-MediaFoundation-h265: 746d11721c4dcdbdad8f713fa42b33f4 -> 
  custom:audio-encoder-webm-vorbis: bf7c407c2cedff20999df2af8eb42d56 -> 
  custom:container-demuxer-ogg: 62fdf1f143b41e24485cea50d1cbac27 -> 
  custom:video-decoder-webm-vp8: 9c59270c3fd7afecdb556c50c9e8de78 -> 
  custom:audio-decoder-ogg-vorbis: bf7c407c2cedff20999df2af8eb42d56 -> 
  custom:AudioImporter_EditorPlatform: d09bf68614088b80899f8185d706f6e7 -> 
  custom:video-decoder-ogg-theora: a1e56fd34408186e4bbccfd4996cb3dc -> 
  custom:container-demuxer-webm: 4f35f7cbe854078d1ac9338744f61a02 -> 
  custom:CustomObjectIndexerAttribute: 756ad292c208cfabdd7b50bc23989ffe -> 
  custom:framework-win-MediaFoundation: 216162199b28c13a410421893ffa2e32 -> 
  custom:SearchIndexIgnoredProperties: e643bd26f0fe6173181afceb89e7c659 -> 
========================================================================
Received Prepare
Begin MonoManager ReloadAssembly
- Loaded All Assemblies, in  0.441 seconds
Refreshing native plugins compatible for Editor in 0.00 ms, found 0 plugins.
Native extension for WindowsStandalone target not found
Mono: successfully reloaded assembly
- Finished resetting the current domain, in  0.630 seconds
Domain Reload Profiling: 1066ms
	BeginReloadAssembly (262ms)
		ExecutionOrderSort (0ms)
		DisableScriptedObjects (7ms)
		BackupInstance (0ms)
		ReleaseScriptingObjects (0ms)
		CreateAndSetChildDomain (26ms)
	RebuildCommonClasses (108ms)
	RebuildNativeTypeToScriptingClass (14ms)
	initialDomainReloadingComplete (43ms)
	LoadAllAssembliesAndSetupDomain (8ms)
		LoadAssemblies (184ms)
		RebuildTransferFunctionScriptingTraits (0ms)
		AnalyzeDomain (5ms)
			TypeCache.Refresh (3ms)
				TypeCache.ScanAssembly (0ms)
			ScanForSourceGeneratedMonoScriptInfo (0ms)
			ResolveRequiredComponents (1ms)
	FinalizeReload (631ms)
		ReleaseScriptCaches (0ms)
		RebuildScriptCaches (0ms)
		SetupLoadedEditorAssemblies (377ms)
			LogAssemblyErrors (0ms)
			InitializePlatformSupportModulesInManaged (12ms)
			SetLoadedEditorAssemblies (13ms)
			RefreshPlugins (0ms)
			BeforeProcessingInitializeOnLoad (85ms)
			ProcessInitializeOnLoadAttributes (211ms)
			ProcessInitializeOnLoadMethodAttributes (35ms)
			AfterProcessingInitializeOnLoad (21ms)
			EditorAssembliesLoaded (0ms)
		ExecutionOrderSort2 (0ms)
		AwakeInstancesAfterBackupRestoration (36ms)
Refreshing native plugins compatible for Editor in 0.00 ms, found 0 plugins.
Preloading 0 native plugins for Editor in 0.00 ms.
Unloading 19 Unused Serialized files (Serialized files now loaded: 0)
Unloading 0 unused Assets / (21.9 KB). Loaded Objects now: 553.
Memory consumption went from 51.7 MB to 51.7 MB.
Total: 4.911700 ms (FindLiveObjects: 0.192700 ms CreateObjectMapping: 0.053800 ms MarkObjects: 4.652500 ms  DeleteObjects: 0.011300 ms)

Prepare: number of updated asset objects reloaded= 0
AssetImportParameters requested are different than current active one (requested -> active):
  custom:container-muxer-webm: aa71ff27fc2769a1b78a27578f13a17b -> 
  custom:video-encoder-webm-vp8: eb34c28f22e8b96e1ab97ce403110664 -> 
  custom:video-codec-MediaFoundation-h265: 746d11721c4dcdbdad8f713fa42b33f4 -> 
  custom:audio-encoder-webm-vorbis: bf7c407c2cedff20999df2af8eb42d56 -> 
  custom:container-demuxer-ogg: 62fdf1f143b41e24485cea50d1cbac27 -> 
  custom:video-decoder-webm-vp8: 9c59270c3fd7afecdb556c50c9e8de78 -> 
  custom:audio-decoder-ogg-vorbis: bf7c407c2cedff20999df2af8eb42d56 -> 
  custom:AudioImporter_EditorPlatform: d09bf68614088b80899f8185d706f6e7 -> 
  custom:video-decoder-ogg-theora: a1e56fd34408186e4bbccfd4996cb3dc -> 
  custom:container-demuxer-webm: 4f35f7cbe854078d1ac9338744f61a02 -> 
  custom:CustomObjectIndexerAttribute: 756ad292c208cfabdd7b50bc23989ffe -> 
  custom:framework-win-MediaFoundation: 216162199b28c13a410421893ffa2e32 -> 
  custom:SearchIndexIgnoredProperties: e643bd26f0fe6173181afceb89e7c659 -> 
========================================================================
Received Prepare
Begin MonoManager ReloadAssembly
- Loaded All Assemblies, in  0.346 seconds
Refreshing native plugins compatible for Editor in 0.00 ms, found 0 plugins.
Native extension for WindowsStandalone target not found
Mono: successfully reloaded assembly
- Finished resetting the current domain, in  0.608 seconds
Domain Reload Profiling: 949ms
	BeginReloadAssembly (206ms)
		ExecutionOrderSort (0ms)
		DisableScriptedObjects (8ms)
		BackupInstance (0ms)
		ReleaseScriptingObjects (0ms)
		CreateAndSetChildDomain (27ms)
	RebuildCommonClasses (56ms)
	RebuildNativeTypeToScriptingClass (18ms)
	initialDomainReloadingComplete (50ms)
	LoadAllAssembliesAndSetupDomain (10ms)
		LoadAssemblies (136ms)
		RebuildTransferFunctionScriptingTraits (0ms)
		AnalyzeDomain (6ms)
			TypeCache.Refresh (4ms)
				TypeCache.ScanAssembly (0ms)
			ScanForSourceGeneratedMonoScriptInfo (0ms)
			ResolveRequiredComponents (1ms)
	FinalizeReload (609ms)
		ReleaseScriptCaches (0ms)
		RebuildScriptCaches (0ms)
		SetupLoadedEditorAssemblies (426ms)
			LogAssemblyErrors (0ms)
			InitializePlatformSupportModulesInManaged (12ms)
			SetLoadedEditorAssemblies (10ms)
			RefreshPlugins (0ms)
			BeforeProcessingInitializeOnLoad (51ms)
			ProcessInitializeOnLoadAttributes (202ms)
			ProcessInitializeOnLoadMethodAttributes (134ms)
			AfterProcessingInitializeOnLoad (17ms)
			EditorAssembliesLoaded (0ms)
		ExecutionOrderSort2 (0ms)
		AwakeInstancesAfterBackupRestoration (23ms)
Refreshing native plugins compatible for Editor in 0.00 ms, found 0 plugins.
Preloading 0 native plugins for Editor in 0.00 ms.
Unloading 19 Unused Serialized files (Serialized files now loaded: 0)
Unloading 0 unused Assets / (21.9 KB). Loaded Objects now: 553.
Memory consumption went from 51.7 MB to 51.7 MB.
Total: 2.598900 ms (FindLiveObjects: 0.046400 ms CreateObjectMapping: 0.005900 ms MarkObjects: 2.536100 ms  DeleteObjects: 0.009400 ms)

Prepare: number of updated asset objects reloaded= 0
AssetImportParameters requested are different than current active one (requested -> active):
  custom:container-muxer-webm: aa71ff27fc2769a1b78a27578f13a17b -> 
  custom:video-encoder-webm-vp8: eb34c28f22e8b96e1ab97ce403110664 -> 
  custom:video-codec-MediaFoundation-h265: 746d11721c4dcdbdad8f713fa42b33f4 -> 
  custom:audio-encoder-webm-vorbis: bf7c407c2cedff20999df2af8eb42d56 -> 
  custom:container-demuxer-ogg: 62fdf1f143b41e24485cea50d1cbac27 -> 
  custom:video-decoder-webm-vp8: 9c59270c3fd7afecdb556c50c9e8de78 -> 
  custom:audio-decoder-ogg-vorbis: bf7c407c2cedff20999df2af8eb42d56 -> 
  custom:AudioImporter_EditorPlatform: d09bf68614088b80899f8185d706f6e7 -> 
  custom:video-decoder-ogg-theora: a1e56fd34408186e4bbccfd4996cb3dc -> 
  custom:container-demuxer-webm: 4f35f7cbe854078d1ac9338744f61a02 -> 
  custom:CustomObjectIndexerAttribute: 756ad292c208cfabdd7b50bc23989ffe -> 
  custom:framework-win-MediaFoundation: 216162199b28c13a410421893ffa2e32 -> 
  custom:SearchIndexIgnoredProperties: e643bd26f0fe6173181afceb89e7c659 -> 
========================================================================
Received Prepare
Begin MonoManager ReloadAssembly
- Loaded All Assemblies, in  0.440 seconds
Refreshing native plugins compatible for Editor in 0.00 ms, found 0 plugins.
Native extension for WindowsStandalone target not found
Mono: successfully reloaded assembly
- Finished resetting the current domain, in  0.630 seconds
Domain Reload Profiling: 1063ms
	BeginReloadAssembly (272ms)
		ExecutionOrderSort (0ms)
		DisableScriptedObjects (9ms)
		BackupInstance (0ms)
		ReleaseScriptingObjects (0ms)
		CreateAndSetChildDomain (28ms)
	RebuildCommonClasses (72ms)
	RebuildNativeTypeToScriptingClass (22ms)
	initialDomainReloadingComplete (54ms)
	LoadAllAssembliesAndSetupDomain (12ms)
		LoadAssemblies (195ms)
		RebuildTransferFunctionScriptingTraits (0ms)
		AnalyzeDomain (7ms)
			TypeCache.Refresh (4ms)
				TypeCache.ScanAssembly (0ms)
			ScanForSourceGeneratedMonoScriptInfo (0ms)
			ResolveRequiredComponents (1ms)
	FinalizeReload (631ms)
		ReleaseScriptCaches (0ms)
		RebuildScriptCaches (0ms)
		SetupLoadedEditorAssemblies (380ms)
			LogAssemblyErrors (0ms)
			InitializePlatformSupportModulesInManaged (13ms)
			SetLoadedEditorAssemblies (10ms)
			RefreshPlugins (0ms)
			BeforeProcessingInitializeOnLoad (58ms)
			ProcessInitializeOnLoadAttributes (235ms)
			ProcessInitializeOnLoadMethodAttributes (39ms)
			AfterProcessingInitializeOnLoad (26ms)
			EditorAssembliesLoaded (0ms)
		ExecutionOrderSort2 (0ms)
		AwakeInstancesAfterBackupRestoration (49ms)
Refreshing native plugins compatible for Editor in 0.00 ms, found 0 plugins.
Preloading 0 native plugins for Editor in 0.00 ms.
Unloading 19 Unused Serialized files (Serialized files now loaded: 0)
Unloading 0 unused Assets / (21.9 KB). Loaded Objects now: 553.
Memory consumption went from 51.7 MB to 51.7 MB.
Total: 4.725400 ms (FindLiveObjects: 0.050900 ms CreateObjectMapping: 0.007000 ms MarkObjects: 4.655000 ms  DeleteObjects: 0.011400 ms)

Prepare: number of updated asset objects reloaded= 0
AssetImportParameters requested are different than current active one (requested -> active):
  custom:container-muxer-webm: aa71ff27fc2769a1b78a27578f13a17b -> 
  custom:video-encoder-webm-vp8: eb34c28f22e8b96e1ab97ce403110664 -> 
  custom:video-codec-MediaFoundation-h265: 746d11721c4dcdbdad8f713fa42b33f4 -> 
  custom:audio-encoder-webm-vorbis: bf7c407c2cedff20999df2af8eb42d56 -> 
  custom:container-demuxer-ogg: 62fdf1f143b41e24485cea50d1cbac27 -> 
  custom:video-decoder-webm-vp8: 9c59270c3fd7afecdb556c50c9e8de78 -> 
  custom:audio-decoder-ogg-vorbis: bf7c407c2cedff20999df2af8eb42d56 -> 
  custom:AudioImporter_EditorPlatform: d09bf68614088b80899f8185d706f6e7 -> 
  custom:video-decoder-ogg-theora: a1e56fd34408186e4bbccfd4996cb3dc -> 
  custom:container-demuxer-webm: 4f35f7cbe854078d1ac9338744f61a02 -> 
  custom:CustomObjectIndexerAttribute: 756ad292c208cfabdd7b50bc23989ffe -> 
  custom:framework-win-MediaFoundation: 216162199b28c13a410421893ffa2e32 -> 
  custom:SearchIndexIgnoredProperties: e643bd26f0fe6173181afceb89e7c659 -> 
========================================================================
Received Prepare
Begin MonoManager ReloadAssembly
- Loaded All Assemblies, in  0.400 seconds
Refreshing native plugins compatible for Editor in 0.00 ms, found 0 plugins.
Native extension for WindowsStandalone target not found
Mono: successfully reloaded assembly
- Finished resetting the current domain, in  0.480 seconds
Domain Reload Profiling: 876ms
	BeginReloadAssembly (246ms)
		ExecutionOrderSort (0ms)
		DisableScriptedObjects (9ms)
		BackupInstance (0ms)
		ReleaseScriptingObjects (0ms)
		CreateAndSetChildDomain (21ms)
	RebuildCommonClasses (86ms)
	RebuildNativeTypeToScriptingClass (17ms)
	initialDomainReloadingComplete (38ms)
	LoadAllAssembliesAndSetupDomain (8ms)
		LoadAssemblies (182ms)
		RebuildTransferFunctionScriptingTraits (0ms)
		AnalyzeDomain (5ms)
			TypeCache.Refresh (4ms)
				TypeCache.ScanAssembly (0ms)
			ScanForSourceGeneratedMonoScriptInfo (0ms)
			ResolveRequiredComponents (1ms)
	FinalizeReload (481ms)
		ReleaseScriptCaches (0ms)
		RebuildScriptCaches (0ms)
		SetupLoadedEditorAssemblies (285ms)
			LogAssemblyErrors (0ms)
			InitializePlatformSupportModulesInManaged (13ms)
			SetLoadedEditorAssemblies (9ms)
			RefreshPlugins (0ms)
			BeforeProcessingInitializeOnLoad (47ms)
			ProcessInitializeOnLoadAttributes (167ms)
			ProcessInitializeOnLoadMethodAttributes (28ms)
			AfterProcessingInitializeOnLoad (21ms)
			EditorAssembliesLoaded (0ms)
		ExecutionOrderSort2 (0ms)
		AwakeInstancesAfterBackupRestoration (32ms)
Refreshing native plugins compatible for Editor in 0.00 ms, found 0 plugins.
Preloading 0 native plugins for Editor in 0.00 ms.
Unloading 19 Unused Serialized files (Serialized files now loaded: 0)
Unloading 0 unused Assets / (21.9 KB). Loaded Objects now: 553.
Memory consumption went from 51.7 MB to 51.7 MB.
Total: 3.013500 ms (FindLiveObjects: 0.054500 ms CreateObjectMapping: 0.007100 ms MarkObjects: 2.938200 ms  DeleteObjects: 0.012400 ms)

Prepare: number of updated asset objects reloaded= 0
AssetImportParameters requested are different than current active one (requested -> active):
  custom:container-muxer-webm: aa71ff27fc2769a1b78a27578f13a17b -> 
  custom:video-encoder-webm-vp8: eb34c28f22e8b96e1ab97ce403110664 -> 
  custom:video-codec-MediaFoundation-h265: 746d11721c4dcdbdad8f713fa42b33f4 -> 
  custom:audio-encoder-webm-vorbis: bf7c407c2cedff20999df2af8eb42d56 -> 
  custom:container-demuxer-ogg: 62fdf1f143b41e24485cea50d1cbac27 -> 
  custom:video-decoder-webm-vp8: 9c59270c3fd7afecdb556c50c9e8de78 -> 
  custom:audio-decoder-ogg-vorbis: bf7c407c2cedff20999df2af8eb42d56 -> 
  custom:AudioImporter_EditorPlatform: d09bf68614088b80899f8185d706f6e7 -> 
  custom:video-decoder-ogg-theora: a1e56fd34408186e4bbccfd4996cb3dc -> 
  custom:container-demuxer-webm: 4f35f7cbe854078d1ac9338744f61a02 -> 
  custom:CustomObjectIndexerAttribute: 756ad292c208cfabdd7b50bc23989ffe -> 
  custom:framework-win-MediaFoundation: 216162199b28c13a410421893ffa2e32 -> 
  custom:SearchIndexIgnoredProperties: e643bd26f0fe6173181afceb89e7c659 -> 
========================================================================
Received Prepare
Begin MonoManager ReloadAssembly
- Loaded All Assemblies, in  0.342 seconds
Refreshing native plugins compatible for Editor in 0.00 ms, found 0 plugins.
Native extension for WindowsStandalone target not found
Mono: successfully reloaded assembly
- Finished resetting the current domain, in  0.591 seconds
Domain Reload Profiling: 930ms
	BeginReloadAssembly (233ms)
		ExecutionOrderSort (0ms)
		DisableScriptedObjects (8ms)
		BackupInstance (0ms)
		ReleaseScriptingObjects (0ms)
		CreateAndSetChildDomain (22ms)
	RebuildCommonClasses (41ms)
	RebuildNativeTypeToScriptingClass (11ms)
	initialDomainReloadingComplete (47ms)
	LoadAllAssembliesAndSetupDomain (7ms)
		LoadAssemblies (169ms)
		RebuildTransferFunctionScriptingTraits (0ms)
		AnalyzeDomain (4ms)
			TypeCache.Refresh (3ms)
				TypeCache.ScanAssembly (0ms)
			ScanForSourceGeneratedMonoScriptInfo (0ms)
			ResolveRequiredComponents (1ms)
	FinalizeReload (591ms)
		ReleaseScriptCaches (0ms)
		RebuildScriptCaches (0ms)
		SetupLoadedEditorAssemblies (374ms)
			LogAssemblyErrors (0ms)
			InitializePlatformSupportModulesInManaged (13ms)
			SetLoadedEditorAssemblies (11ms)
			RefreshPlugins (0ms)
			BeforeProcessingInitializeOnLoad (63ms)
			ProcessInitializeOnLoadAttributes (226ms)
			ProcessInitializeOnLoadMethodAttributes (41ms)
			AfterProcessingInitializeOnLoad (19ms)
			EditorAssembliesLoaded (0ms)
		ExecutionOrderSort2 (0ms)
		AwakeInstancesAfterBackupRestoration (36ms)
Refreshing native plugins compatible for Editor in 0.00 ms, found 0 plugins.
Preloading 0 native plugins for Editor in 0.00 ms.
Unloading 19 Unused Serialized files (Serialized files now loaded: 0)
Unloading 0 unused Assets / (21.9 KB). Loaded Objects now: 553.
Memory consumption went from 51.7 MB to 51.7 MB.
Total: 3.195800 ms (FindLiveObjects: 0.084900 ms CreateObjectMapping: 0.008400 ms MarkObjects: 3.082500 ms  DeleteObjects: 0.012900 ms)

Prepare: number of updated asset objects reloaded= 0
AssetImportParameters requested are different than current active one (requested -> active):
  custom:container-muxer-webm: aa71ff27fc2769a1b78a27578f13a17b -> 
  custom:video-encoder-webm-vp8: eb34c28f22e8b96e1ab97ce403110664 -> 
  custom:video-codec-MediaFoundation-h265: 746d11721c4dcdbdad8f713fa42b33f4 -> 
  custom:audio-encoder-webm-vorbis: bf7c407c2cedff20999df2af8eb42d56 -> 
  custom:container-demuxer-ogg: 62fdf1f143b41e24485cea50d1cbac27 -> 
  custom:video-decoder-webm-vp8: 9c59270c3fd7afecdb556c50c9e8de78 -> 
  custom:audio-decoder-ogg-vorbis: bf7c407c2cedff20999df2af8eb42d56 -> 
  custom:AudioImporter_EditorPlatform: d09bf68614088b80899f8185d706f6e7 -> 
  custom:video-decoder-ogg-theora: a1e56fd34408186e4bbccfd4996cb3dc -> 
  custom:container-demuxer-webm: 4f35f7cbe854078d1ac9338744f61a02 -> 
  custom:CustomObjectIndexerAttribute: 756ad292c208cfabdd7b50bc23989ffe -> 
  custom:framework-win-MediaFoundation: 216162199b28c13a410421893ffa2e32 -> 
  custom:SearchIndexIgnoredProperties: e643bd26f0fe6173181afceb89e7c659 -> 
========================================================================
Received Prepare
Begin MonoManager ReloadAssembly
- Loaded All Assemblies, in  0.457 seconds
Refreshing native plugins compatible for Editor in 0.00 ms, found 0 plugins.
Native extension for WindowsStandalone target not found
Mono: successfully reloaded assembly
- Finished resetting the current domain, in  0.557 seconds
Domain Reload Profiling: 1012ms
	BeginReloadAssembly (327ms)
		ExecutionOrderSort (0ms)
		DisableScriptedObjects (13ms)
		BackupInstance (0ms)
		ReleaseScriptingObjects (0ms)
		CreateAndSetChildDomain (39ms)
	RebuildCommonClasses (63ms)
	RebuildNativeTypeToScriptingClass (16ms)
	initialDomainReloadingComplete (40ms)
	LoadAllAssembliesAndSetupDomain (8ms)
		LoadAssemblies (220ms)
		RebuildTransferFunctionScriptingTraits (0ms)
		AnalyzeDomain (5ms)
			TypeCache.Refresh (3ms)
				TypeCache.ScanAssembly (0ms)
			ScanForSourceGeneratedMonoScriptInfo (0ms)
			ResolveRequiredComponents (1ms)
	FinalizeReload (558ms)
		ReleaseScriptCaches (0ms)
		RebuildScriptCaches (0ms)
		SetupLoadedEditorAssemblies (335ms)
			LogAssemblyErrors (0ms)
			InitializePlatformSupportModulesInManaged (7ms)
			SetLoadedEditorAssemblies (7ms)
			RefreshPlugins (0ms)
			BeforeProcessingInitializeOnLoad (54ms)
			ProcessInitializeOnLoadAttributes (211ms)
			ProcessInitializeOnLoadMethodAttributes (32ms)
			AfterProcessingInitializeOnLoad (23ms)
			EditorAssembliesLoaded (0ms)
		ExecutionOrderSort2 (0ms)
		AwakeInstancesAfterBackupRestoration (41ms)
Refreshing native plugins compatible for Editor in 0.00 ms, found 0 plugins.
Preloading 0 native plugins for Editor in 0.00 ms.
Unloading 19 Unused Serialized files (Serialized files now loaded: 0)
Unloading 0 unused Assets / (21.9 KB). Loaded Objects now: 553.
Memory consumption went from 51.7 MB to 51.7 MB.
Total: 4.862500 ms (FindLiveObjects: 0.053900 ms CreateObjectMapping: 0.007200 ms MarkObjects: 4.788800 ms  DeleteObjects: 0.011300 ms)

Prepare: number of updated asset objects reloaded= 0
AssetImportParameters requested are different than current active one (requested -> active):
  custom:container-muxer-webm: aa71ff27fc2769a1b78a27578f13a17b -> 
  custom:video-encoder-webm-vp8: eb34c28f22e8b96e1ab97ce403110664 -> 
  custom:video-codec-MediaFoundation-h265: 746d11721c4dcdbdad8f713fa42b33f4 -> 
  custom:audio-encoder-webm-vorbis: bf7c407c2cedff20999df2af8eb42d56 -> 
  custom:container-demuxer-ogg: 62fdf1f143b41e24485cea50d1cbac27 -> 
  custom:video-decoder-webm-vp8: 9c59270c3fd7afecdb556c50c9e8de78 -> 
  custom:audio-decoder-ogg-vorbis: bf7c407c2cedff20999df2af8eb42d56 -> 
  custom:AudioImporter_EditorPlatform: d09bf68614088b80899f8185d706f6e7 -> 
  custom:video-decoder-ogg-theora: a1e56fd34408186e4bbccfd4996cb3dc -> 
  custom:container-demuxer-webm: 4f35f7cbe854078d1ac9338744f61a02 -> 
  custom:CustomObjectIndexerAttribute: 756ad292c208cfabdd7b50bc23989ffe -> 
  custom:framework-win-MediaFoundation: 216162199b28c13a410421893ffa2e32 -> 
  custom:SearchIndexIgnoredProperties: e643bd26f0fe6173181afceb89e7c659 -> 
