Using pre-set license
Built from '2022.3/staging' branch; Version is '2022.3.10f1 (ff3792e53c62) revision 16725906'; Using compiler version '192829333'; Build Type 'Release'
OS: 'Windows 10  (10.0.19045) 64bit Education' Language: 'ko' Physical Memory: 16057 MB
BatchMode: 1, IsHumanControllingUs: 0, StartBugReporterOnCrash: 0, Is64bit: 1, IsPro: 1

COMMAND LINE ARGUMENTS:
C:\Program Files\Unity 2022.3.10f1\Editor\Unity.exe
-adb2
-batchMode
-noUpm
-name
AssetImportWorker1
-projectPath
C:/Users/jumin/Documents/GitHub/23CG/My project
-logFile
Logs/AssetImportWorker1.log
-srvPort
3666
Successfully changed project path to: C:/Users/jumin/Documents/GitHub/23CG/My project
C:/Users/jumin/Documents/GitHub/23CG/My project
[UnityMemory] Configuration Parameters - Can be set up in boot.config
    "memorysetup-bucket-allocator-granularity=16"
    "memorysetup-bucket-allocator-bucket-count=8"
    "memorysetup-bucket-allocator-block-size=33554432"
    "memorysetup-bucket-allocator-block-count=8"
    "memorysetup-main-allocator-block-size=16777216"
    "memorysetup-thread-allocator-block-size=16777216"
    "memorysetup-gfx-main-allocator-block-size=16777216"
    "memorysetup-gfx-thread-allocator-block-size=16777216"
    "memorysetup-cache-allocator-block-size=4194304"
    "memorysetup-typetree-allocator-block-size=2097152"
    "memorysetup-profiler-bucket-allocator-granularity=16"
    "memorysetup-profiler-bucket-allocator-bucket-count=8"
    "memorysetup-profiler-bucket-allocator-block-size=33554432"
    "memorysetup-profiler-bucket-allocator-block-count=8"
    "memorysetup-profiler-allocator-block-size=16777216"
    "memorysetup-profiler-editor-allocator-block-size=1048576"
    "memorysetup-temp-allocator-size-main=16777216"
    "memorysetup-job-temp-allocator-block-size=2097152"
    "memorysetup-job-temp-allocator-block-size-background=1048576"
    "memorysetup-job-temp-allocator-reduction-small-platforms=262144"
    "memorysetup-allocator-temp-initial-block-size-main=262144"
    "memorysetup-allocator-temp-initial-block-size-worker=262144"
    "memorysetup-temp-allocator-size-background-worker=32768"
    "memorysetup-temp-allocator-size-job-worker=262144"
    "memorysetup-temp-allocator-size-preload-manager=33554432"
    "memorysetup-temp-allocator-size-nav-mesh-worker=65536"
    "memorysetup-temp-allocator-size-audio-worker=65536"
    "memorysetup-temp-allocator-size-cloud-worker=32768"
    "memorysetup-temp-allocator-size-gi-baking-worker=262144"
    "memorysetup-temp-allocator-size-gfx=262144"
Player connection [12904] Host "[IP] 172.29.16.1 [Port] 0 [Flags] 2 [Guid] 1353803984 [EditorId] 1353803984 [Version] 1048832 [Id] WindowsEditor(7,Zox2m) [Debug] 1 [PackageName] WindowsEditor [ProjectName] Editor" joined multi-casting on [225.0.0.222:54997]...

Player connection [12904] Host "[IP] 172.29.16.1 [Port] 0 [Flags] 2 [Guid] 1353803984 [EditorId] 1353803984 [Version] 1048832 [Id] WindowsEditor(7,Zox2m) [Debug] 1 [PackageName] WindowsEditor [ProjectName] Editor" joined alternative multi-casting on [225.0.0.222:34997]...

[Physics::Module] Initialized MultithreadedJobDispatcher with 7 workers.
Refreshing native plugins compatible for Editor in 0.00 ms, found 0 plugins.
Preloading 0 native plugins for Editor in 0.00 ms.
Initialize engine version: 2022.3.10f1 (ff3792e53c62)
[Subsystems] Discovering subsystems at path C:/Program Files/Unity 2022.3.10f1/Editor/Data/Resources/UnitySubsystems
[Subsystems] Discovering subsystems at path C:/Users/jumin/Documents/GitHub/23CG/My project/Assets
GfxDevice: creating device client; threaded=0; jobified=0
Direct3D:
    Version:  Direct3D 11.0 [level 11.1]
    Renderer: Intel(R) Iris(R) Xe Graphics (ID=0x9a49)
    Vendor:   Intel
    VRAM:     8028 MB
    Driver:   27.20.100.9415
Initialize mono
Mono path[0] = 'C:/Program Files/Unity 2022.3.10f1/Editor/Data/Managed'
Mono path[1] = 'C:/Program Files/Unity 2022.3.10f1/Editor/Data/MonoBleedingEdge/lib/mono/unityjit-win32'
Mono config path = 'C:/Program Files/Unity 2022.3.10f1/Editor/Data/MonoBleedingEdge/etc'
Using monoOptions --debugger-agent=transport=dt_socket,embedding=1,server=y,suspend=n,address=127.0.0.1:56952
Begin MonoManager ReloadAssembly
Registering precompiled unity dll's ...
Register platform support module: C:/Program Files/Unity 2022.3.10f1/Editor/Data/PlaybackEngines/WindowsStandaloneSupport/UnityEditor.WindowsStandalone.Extensions.dll
Registered in 0.011299 seconds.
- Loaded All Assemblies, in  0.509 seconds
Native extension for WindowsStandalone target not found
Mono: successfully reloaded assembly
- Finished resetting the current domain, in  0.352 seconds
Domain Reload Profiling: 857ms
	BeginReloadAssembly (173ms)
		ExecutionOrderSort (0ms)
		DisableScriptedObjects (0ms)
		BackupInstance (0ms)
		ReleaseScriptingObjects (0ms)
		CreateAndSetChildDomain (1ms)
	RebuildCommonClasses (51ms)
	RebuildNativeTypeToScriptingClass (12ms)
	initialDomainReloadingComplete (70ms)
	LoadAllAssembliesAndSetupDomain (199ms)
		LoadAssemblies (168ms)
		RebuildTransferFunctionScriptingTraits (0ms)
		AnalyzeDomain (197ms)
			TypeCache.Refresh (194ms)
				TypeCache.ScanAssembly (176ms)
			ScanForSourceGeneratedMonoScriptInfo (1ms)
			ResolveRequiredComponents (1ms)
	FinalizeReload (352ms)
		ReleaseScriptCaches (0ms)
		RebuildScriptCaches (0ms)
		SetupLoadedEditorAssemblies (267ms)
			LogAssemblyErrors (0ms)
			InitializePlatformSupportModulesInManaged (14ms)
			SetLoadedEditorAssemblies (8ms)
			RefreshPlugins (0ms)
			BeforeProcessingInitializeOnLoad (3ms)
			ProcessInitializeOnLoadAttributes (167ms)
			ProcessInitializeOnLoadMethodAttributes (75ms)
			AfterProcessingInitializeOnLoad (0ms)
			EditorAssembliesLoaded (0ms)
		ExecutionOrderSort2 (0ms)
		AwakeInstancesAfterBackupRestoration (0ms)
========================================================================
Worker process is ready to serve import requests
Begin MonoManager ReloadAssembly
- Loaded All Assemblies, in  0.306 seconds
Refreshing native plugins compatible for Editor in 0.00 ms, found 0 plugins.
Native extension for WindowsStandalone target not found
Mono: successfully reloaded assembly
- Finished resetting the current domain, in  0.439 seconds
Domain Reload Profiling: 742ms
	BeginReloadAssembly (193ms)
		ExecutionOrderSort (0ms)
		DisableScriptedObjects (5ms)
		BackupInstance (0ms)
		ReleaseScriptingObjects (0ms)
		CreateAndSetChildDomain (27ms)
	RebuildCommonClasses (47ms)
	RebuildNativeTypeToScriptingClass (14ms)
	initialDomainReloadingComplete (37ms)
	LoadAllAssembliesAndSetupDomain (10ms)
		LoadAssemblies (123ms)
		RebuildTransferFunctionScriptingTraits (0ms)
		AnalyzeDomain (7ms)
			TypeCache.Refresh (5ms)
				TypeCache.ScanAssembly (0ms)
			ScanForSourceGeneratedMonoScriptInfo (1ms)
			ResolveRequiredComponents (1ms)
	FinalizeReload (440ms)
		ReleaseScriptCaches (0ms)
		RebuildScriptCaches (0ms)
		SetupLoadedEditorAssemblies (266ms)
			LogAssemblyErrors (0ms)
			InitializePlatformSupportModulesInManaged (9ms)
			SetLoadedEditorAssemblies (7ms)
			RefreshPlugins (0ms)
			BeforeProcessingInitializeOnLoad (38ms)
			ProcessInitializeOnLoadAttributes (166ms)
			ProcessInitializeOnLoadMethodAttributes (31ms)
			AfterProcessingInitializeOnLoad (15ms)
			EditorAssembliesLoaded (0ms)
		ExecutionOrderSort2 (0ms)
		AwakeInstancesAfterBackupRestoration (32ms)
Launched and connected shader compiler UnityShaderCompiler.exe after 0.08 seconds
Refreshing native plugins compatible for Editor in 0.00 ms, found 0 plugins.
Preloading 0 native plugins for Editor in 0.00 ms.
Unloading 25 Unused Serialized files (Serialized files now loaded: 0)
Unloading 3 unused Assets / (48.5 KB). Loaded Objects now: 502.
Memory consumption went from 46.7 MB to 46.6 MB.
Total: 3.159100 ms (FindLiveObjects: 0.049500 ms CreateObjectMapping: 0.007200 ms MarkObjects: 3.009400 ms  DeleteObjects: 0.091900 ms)

AssetImportParameters requested are different than current active one (requested -> active):
  custom:container-muxer-webm: aa71ff27fc2769a1b78a27578f13a17b -> 
  custom:video-encoder-webm-vp8: eb34c28f22e8b96e1ab97ce403110664 -> 
  custom:video-codec-MediaFoundation-h265: 746d11721c4dcdbdad8f713fa42b33f4 -> 
  custom:audio-encoder-webm-vorbis: bf7c407c2cedff20999df2af8eb42d56 -> 
  custom:container-demuxer-ogg: 62fdf1f143b41e24485cea50d1cbac27 -> 
  custom:video-decoder-webm-vp8: 9c59270c3fd7afecdb556c50c9e8de78 -> 
  custom:audio-decoder-ogg-vorbis: bf7c407c2cedff20999df2af8eb42d56 -> 
  custom:AudioImporter_EditorPlatform: d09bf68614088b80899f8185d706f6e7 -> 
  custom:video-decoder-ogg-theora: a1e56fd34408186e4bbccfd4996cb3dc -> 
  custom:container-demuxer-webm: 4f35f7cbe854078d1ac9338744f61a02 -> 
  custom:CustomObjectIndexerAttribute: 756ad292c208cfabdd7b50bc23989ffe -> 
  custom:framework-win-MediaFoundation: 216162199b28c13a410421893ffa2e32 -> 
  custom:SearchIndexIgnoredProperties: e643bd26f0fe6173181afceb89e7c659 -> 
========================================================================
Received Import Request.
  Time since last request: 63677.333145 seconds.
  path: Assets/Brick Project Studio/Apartment Kit/Common/Textures/Misc/Canvas_Nat_03-04.png
  artifactKey: Guid(5a1c12256f635c1409e89d1bdb570366) Importer(815301076,1909f56bfc062723c751e8b465ee728b)
Start importing Assets/Brick Project Studio/Apartment Kit/Common/Textures/Misc/Canvas_Nat_03-04.png using Guid(5a1c12256f635c1409e89d1bdb570366) Importer(815301076,1909f56bfc062723c751e8b465ee728b)  -> (artifact id: '2227eb8252edf344d3fc50029ebeb14d') in 0.218727 seconds
Number of updated asset objects reloaded before import = 0
Number of asset objects unloaded after import = 2
========================================================================
Received Import Request.
  Time since last request: 0.000026 seconds.
  path: Assets/Brick Project Studio/Apartment Kit/Common/Textures/Misc/Controller Screen_01_A.png
  artifactKey: Guid(7bce827c508e5884d9ca002075d8459f) Importer(815301076,1909f56bfc062723c751e8b465ee728b)
Start importing Assets/Brick Project Studio/Apartment Kit/Common/Textures/Misc/Controller Screen_01_A.png using Guid(7bce827c508e5884d9ca002075d8459f) Importer(815301076,1909f56bfc062723c751e8b465ee728b)  -> (artifact id: 'bd102fd46912339cb83fc21dd798b2cc') in 0.033221 seconds
Number of updated asset objects reloaded before import = 0
Number of asset objects unloaded after import = 2
========================================================================
Received Import Request.
  Time since last request: 0.000049 seconds.
  path: Assets/Brick Project Studio/Apartment Kit/Common/Textures/Misc/Colors_apt_02_A.png
  artifactKey: Guid(d78d543570cf39449a8e89367decddbe) Importer(815301076,1909f56bfc062723c751e8b465ee728b)
Start importing Assets/Brick Project Studio/Apartment Kit/Common/Textures/Misc/Colors_apt_02_A.png using Guid(d78d543570cf39449a8e89367decddbe) Importer(815301076,1909f56bfc062723c751e8b465ee728b)  -> (artifact id: 'c4c35fb7e503cd1ee360f91dfe80477f') in 0.033141 seconds
Number of updated asset objects reloaded before import = 0
Number of asset objects unloaded after import = 2
========================================================================
Received Import Request.
  Time since last request: 0.000021 seconds.
  path: Assets/Brick Project Studio/Apartment Kit/Common/Textures/Misc/Controller Screen_02_A.png
  artifactKey: Guid(cde7f6eb91781a7469564a0d4f32910d) Importer(815301076,1909f56bfc062723c751e8b465ee728b)
Start importing Assets/Brick Project Studio/Apartment Kit/Common/Textures/Misc/Controller Screen_02_A.png using Guid(cde7f6eb91781a7469564a0d4f32910d) Importer(815301076,1909f56bfc062723c751e8b465ee728b)  -> (artifact id: '8c5927cb0f73144f7179f22c462dafee') in 0.122195 seconds
Number of updated asset objects reloaded before import = 0
Number of asset objects unloaded after import = 2
========================================================================
Received Import Request.
  Time since last request: 0.000030 seconds.
  path: Assets/Brick Project Studio/Apartment Kit/Common/Textures/Misc/Controller_01_A.png
  artifactKey: Guid(86060e917dc55a7448b8935812c62bb4) Importer(815301076,1909f56bfc062723c751e8b465ee728b)
Start importing Assets/Brick Project Studio/Apartment Kit/Common/Textures/Misc/Controller_01_A.png using Guid(86060e917dc55a7448b8935812c62bb4) Importer(815301076,1909f56bfc062723c751e8b465ee728b)  -> (artifact id: 'd1b55d253c18db996f5afb8ab0d48b31') in 0.028776 seconds
Number of updated asset objects reloaded before import = 0
Number of asset objects unloaded after import = 2
========================================================================
Received Import Request.
  Time since last request: 0.000023 seconds.
  path: Assets/Brick Project Studio/Apartment Kit/Common/Textures/Surface/CastIron_M.png
  artifactKey: Guid(60fe05f4313f9a743a60a9520b20834a) Importer(815301076,1909f56bfc062723c751e8b465ee728b)
Start importing Assets/Brick Project Studio/Apartment Kit/Common/Textures/Surface/CastIron_M.png using Guid(60fe05f4313f9a743a60a9520b20834a) Importer(815301076,1909f56bfc062723c751e8b465ee728b)  -> (artifact id: '2054e70a23ba46a234fee03937ee0273') in 0.054139 seconds
Number of updated asset objects reloaded before import = 0
Number of asset objects unloaded after import = 2
========================================================================
Received Import Request.
  Time since last request: 0.000048 seconds.
  path: Assets/Brick Project Studio/_BPS Basic Assets/Common/Textures/Legacy/Concrete-texture.png
  artifactKey: Guid(07abea599341a1742aa622a72461e995) Importer(815301076,1909f56bfc062723c751e8b465ee728b)
Start importing Assets/Brick Project Studio/_BPS Basic Assets/Common/Textures/Legacy/Concrete-texture.png using Guid(07abea599341a1742aa622a72461e995) Importer(815301076,1909f56bfc062723c751e8b465ee728b)  -> (artifact id: '0d9f4a90d38fc488317d308dd425352b') in 0.042560 seconds
Number of updated asset objects reloaded before import = 0
Number of asset objects unloaded after import = 2
========================================================================
Received Import Request.
  Time since last request: 0.000019 seconds.
  path: Assets/Brick Project Studio/Apartment Kit/Common/Textures/Surface/CT_Marble_01_M.png
  artifactKey: Guid(25e43ff5427b9ae419d735c303f7afcd) Importer(815301076,1909f56bfc062723c751e8b465ee728b)
Start importing Assets/Brick Project Studio/Apartment Kit/Common/Textures/Surface/CT_Marble_01_M.png using Guid(25e43ff5427b9ae419d735c303f7afcd) Importer(815301076,1909f56bfc062723c751e8b465ee728b)  -> (artifact id: 'ed10702441999304f2446c9666ad7db8') in 0.033203 seconds
Number of updated asset objects reloaded before import = 0
Number of asset objects unloaded after import = 2
========================================================================
Received Import Request.
  Time since last request: 0.000062 seconds.
  path: Assets/Brick Project Studio/_BPS Basic Assets/Common/Textures/Legacy/ceiling_normal.png
  artifactKey: Guid(618a287d815fdfe4396cbe668c8296d2) Importer(815301076,1909f56bfc062723c751e8b465ee728b)
Start importing Assets/Brick Project Studio/_BPS Basic Assets/Common/Textures/Legacy/ceiling_normal.png using Guid(618a287d815fdfe4396cbe668c8296d2) Importer(815301076,1909f56bfc062723c751e8b465ee728b)  -> (artifact id: 'd9d579385ec75e9d1dfe7b6f3298d7d0') in 0.036298 seconds
Number of updated asset objects reloaded before import = 0
Number of asset objects unloaded after import = 2
========================================================================
Received Import Request.
  Time since last request: 0.000022 seconds.
  path: Assets/Brick Project Studio/_BPS Basic Assets/Common/Textures/Legacy/ceiling.png
  artifactKey: Guid(2a909c6b0c3249d4b8fc74ae5d6d52dd) Importer(815301076,1909f56bfc062723c751e8b465ee728b)
Start importing Assets/Brick Project Studio/_BPS Basic Assets/Common/Textures/Legacy/ceiling.png using Guid(2a909c6b0c3249d4b8fc74ae5d6d52dd) Importer(815301076,1909f56bfc062723c751e8b465ee728b)  -> (artifact id: '00ef45864bb838eae68cb14f2d7ec803') in 0.039677 seconds
Number of updated asset objects reloaded before import = 0
Number of asset objects unloaded after import = 2
========================================================================
Received Import Request.
  Time since last request: 0.000020 seconds.
  path: Assets/Brick Project Studio/Apartment Kit/Common/Textures/Misc/Canvas_Nat_08.png
  artifactKey: Guid(461f328863e820f4c8ec8bdeed2aca44) Importer(815301076,1909f56bfc062723c751e8b465ee728b)
Start importing Assets/Brick Project Studio/Apartment Kit/Common/Textures/Misc/Canvas_Nat_08.png using Guid(461f328863e820f4c8ec8bdeed2aca44) Importer(815301076,1909f56bfc062723c751e8b465ee728b)  -> (artifact id: 'aaf595bb0a1058eb18653622925a4250') in 0.038187 seconds
Number of updated asset objects reloaded before import = 0
Number of asset objects unloaded after import = 2
========================================================================
Received Import Request.
  Time since last request: 0.000051 seconds.
  path: Assets/Brick Project Studio/Apartment Kit/Common/Textures/Surface/CT_Marble_01_A.png
  artifactKey: Guid(8bda7c52bef951a48a04b29d6d730922) Importer(815301076,1909f56bfc062723c751e8b465ee728b)
Start importing Assets/Brick Project Studio/Apartment Kit/Common/Textures/Surface/CT_Marble_01_A.png using Guid(8bda7c52bef951a48a04b29d6d730922) Importer(815301076,1909f56bfc062723c751e8b465ee728b)  -> (artifact id: '58e8e49d91f90b9ef11709dd55e93bf4') in 0.035562 seconds
Number of updated asset objects reloaded before import = 0
Number of asset objects unloaded after import = 2
========================================================================
Received Import Request.
  Time since last request: 0.000023 seconds.
  path: Assets/Brick Project Studio/Apartment Kit/Common/Textures/Misc/ControlPanel_apt.png
  artifactKey: Guid(2595a59e4bb200a479cd18949ee5d090) Importer(815301076,1909f56bfc062723c751e8b465ee728b)
Start importing Assets/Brick Project Studio/Apartment Kit/Common/Textures/Misc/ControlPanel_apt.png using Guid(2595a59e4bb200a479cd18949ee5d090) Importer(815301076,1909f56bfc062723c751e8b465ee728b)  -> (artifact id: '865f3a789885d39814cc6d783e50ac56') in 0.044125 seconds
Number of updated asset objects reloaded before import = 0
Number of asset objects unloaded after import = 2
========================================================================
Received Import Request.
  Time since last request: 0.000033 seconds.
  path: Assets/Brick Project Studio/_BPS Basic Assets/Common/Textures/Legacy/Concrete-normal.png
  artifactKey: Guid(7e190a8bc0493c547a469963af75222c) Importer(815301076,1909f56bfc062723c751e8b465ee728b)
Start importing Assets/Brick Project Studio/_BPS Basic Assets/Common/Textures/Legacy/Concrete-normal.png using Guid(7e190a8bc0493c547a469963af75222c) Importer(815301076,1909f56bfc062723c751e8b465ee728b)  -> (artifact id: 'b09fee557562136c6b4a5140c65a48df') in 0.112336 seconds
Number of updated asset objects reloaded before import = 0
Number of asset objects unloaded after import = 2
========================================================================
Received Import Request.
  Time since last request: 0.000027 seconds.
  path: Assets/Brick Project Studio/Apartment Kit/Common/Textures/Misc/Chessboard_01_A.png
  artifactKey: Guid(e7725636445a48443a0910445b125cf3) Importer(815301076,1909f56bfc062723c751e8b465ee728b)
Start importing Assets/Brick Project Studio/Apartment Kit/Common/Textures/Misc/Chessboard_01_A.png using Guid(e7725636445a48443a0910445b125cf3) Importer(815301076,1909f56bfc062723c751e8b465ee728b)  -> (artifact id: 'ed43af5a9459c95f9606e73bb0a41067') in 0.050279 seconds
Number of updated asset objects reloaded before import = 0
Number of asset objects unloaded after import = 2
========================================================================
Received Import Request.
  Time since last request: 0.000030 seconds.
  path: Assets/Brick Project Studio/Apartment Kit/Common/Textures/Misc/Colors_apt.png
  artifactKey: Guid(a7a36494f99a45a4ba843833f39659a0) Importer(815301076,1909f56bfc062723c751e8b465ee728b)
Start importing Assets/Brick Project Studio/Apartment Kit/Common/Textures/Misc/Colors_apt.png using Guid(a7a36494f99a45a4ba843833f39659a0) Importer(815301076,1909f56bfc062723c751e8b465ee728b)  -> (artifact id: 'c5bf2ab1d90ed9ab81036afcb0fdc809') in 0.041069 seconds
Number of updated asset objects reloaded before import = 0
Number of asset objects unloaded after import = 2
========================================================================
Received Import Request.
  Time since last request: 2.272547 seconds.
  path: Assets/Brick Project Studio/Apartment Kit/Common/Textures/Misc/Canvas_Nat_01_02.png
  artifactKey: Guid(6a8bc2eb1d26b8148adab82af7aac7f2) Importer(815301076,1909f56bfc062723c751e8b465ee728b)
Start importing Assets/Brick Project Studio/Apartment Kit/Common/Textures/Misc/Canvas_Nat_01_02.png using Guid(6a8bc2eb1d26b8148adab82af7aac7f2) Importer(815301076,1909f56bfc062723c751e8b465ee728b)  -> (artifact id: '90ee879f712b968a186894088742720f') in 0.033700 seconds
Number of updated asset objects reloaded before import = 0
Number of asset objects unloaded after import = 2
========================================================================
Received Import Request.
  Time since last request: 0.173039 seconds.
  path: Assets/Brick Project Studio/Apartment Kit/Common/Textures/Surface/Burlap_01_A.png
  artifactKey: Guid(3e34cde6de0ecce4183b7f04b0d704ae) Importer(815301076,1909f56bfc062723c751e8b465ee728b)
Start importing Assets/Brick Project Studio/Apartment Kit/Common/Textures/Surface/Burlap_01_A.png using Guid(3e34cde6de0ecce4183b7f04b0d704ae) Importer(815301076,1909f56bfc062723c751e8b465ee728b)  -> (artifact id: 'e396dabcbf34a98209b063c12453fc15') in 0.038277 seconds
Number of updated asset objects reloaded before import = 0
Number of asset objects unloaded after import = 2
========================================================================
Received Import Request.
  Time since last request: 0.000033 seconds.
  path: Assets/Brick Project Studio/_BPS Basic Assets/Common/Textures/Legacy/Building Floor Tile - 01.png
  artifactKey: Guid(ad19f5ff4e0a2814ebd9b97d269bcf06) Importer(815301076,1909f56bfc062723c751e8b465ee728b)
Start importing Assets/Brick Project Studio/_BPS Basic Assets/Common/Textures/Legacy/Building Floor Tile - 01.png using Guid(ad19f5ff4e0a2814ebd9b97d269bcf06) Importer(815301076,1909f56bfc062723c751e8b465ee728b)  -> (artifact id: 'cc4042ec14ae3617572e0099b9a0bf3b') in 0.024180 seconds
Number of updated asset objects reloaded before import = 0
Number of asset objects unloaded after import = 2
========================================================================
Received Import Request.
  Time since last request: 0.000022 seconds.
  path: Assets/Brick Project Studio/Apartment Kit/Common/Textures/Surface/BrushedMetal_M.png
  artifactKey: Guid(7d8b61015f4f2cc40a1c32a2791bfa3d) Importer(815301076,1909f56bfc062723c751e8b465ee728b)
Start importing Assets/Brick Project Studio/Apartment Kit/Common/Textures/Surface/BrushedMetal_M.png using Guid(7d8b61015f4f2cc40a1c32a2791bfa3d) Importer(815301076,1909f56bfc062723c751e8b465ee728b)  -> (artifact id: '8e4861b044bc5728a629154ce8062252') in 0.028321 seconds
Number of updated asset objects reloaded before import = 0
Number of asset objects unloaded after import = 2
========================================================================
Received Import Request.
  Time since last request: 0.000016 seconds.
  path: Assets/Brick Project Studio/Apartment Kit/Common/Textures/Surface/BrushedMetal_A.png
  artifactKey: Guid(f777047004de95f4ba34895907052505) Importer(815301076,1909f56bfc062723c751e8b465ee728b)
Start importing Assets/Brick Project Studio/Apartment Kit/Common/Textures/Surface/BrushedMetal_A.png using Guid(f777047004de95f4ba34895907052505) Importer(815301076,1909f56bfc062723c751e8b465ee728b)  -> (artifact id: '09a15487bce3943a1278198bcbc880f0') in 0.023301 seconds
Number of updated asset objects reloaded before import = 0
Number of asset objects unloaded after import = 2
========================================================================
Received Import Request.
  Time since last request: 0.109831 seconds.
  path: Assets/Brick Project Studio/_BPS Basic Assets/Common/Textures/Legacy/Brick 02 Texture.png
  artifactKey: Guid(91e6f6bf45b72bd478b59dcf22714424) Importer(815301076,1909f56bfc062723c751e8b465ee728b)
Start importing Assets/Brick Project Studio/_BPS Basic Assets/Common/Textures/Legacy/Brick 02 Texture.png using Guid(91e6f6bf45b72bd478b59dcf22714424) Importer(815301076,1909f56bfc062723c751e8b465ee728b)  -> (artifact id: 'e0a943037c671b699aab9a527711537b') in 0.053307 seconds
Number of updated asset objects reloaded before import = 0
Number of asset objects unloaded after import = 2
========================================================================
Received Import Request.
  Time since last request: 0.000020 seconds.
  path: Assets/Brick Project Studio/_BPS Basic Assets/Common/Textures/Legacy/Brick 02 bump.png
  artifactKey: Guid(fa098cd5940b5aa4b90a84b905f80d18) Importer(815301076,1909f56bfc062723c751e8b465ee728b)
Start importing Assets/Brick Project Studio/_BPS Basic Assets/Common/Textures/Legacy/Brick 02 bump.png using Guid(fa098cd5940b5aa4b90a84b905f80d18) Importer(815301076,1909f56bfc062723c751e8b465ee728b)  -> (artifact id: '4a4a4b1d5fff59db4a54b171a81e7aec') in 0.037027 seconds
Number of updated asset objects reloaded before import = 0
Number of asset objects unloaded after import = 2
========================================================================
Received Import Request.
  Time since last request: 0.000017 seconds.
  path: Assets/Brick Project Studio/_BPS Basic Assets/Common/Textures/Legacy/Brick 02 Mute Texture.png
  artifactKey: Guid(4ecef430efc993d4f807f6b076c16aca) Importer(815301076,1909f56bfc062723c751e8b465ee728b)
Start importing Assets/Brick Project Studio/_BPS Basic Assets/Common/Textures/Legacy/Brick 02 Mute Texture.png using Guid(4ecef430efc993d4f807f6b076c16aca) Importer(815301076,1909f56bfc062723c751e8b465ee728b)  -> (artifact id: 'af0ea6b7d08527fd3f07f0238676a1b9') in 0.023457 seconds
Number of updated asset objects reloaded before import = 0
Number of asset objects unloaded after import = 2
========================================================================
Received Import Request.
  Time since last request: 0.000028 seconds.
  path: Assets/Brick Project Studio/Apartment Kit/Common/Textures/Misc/Blender_01_N.png
  artifactKey: Guid(a192ea0e9f5170a4a8b4ec9cd0f592ae) Importer(815301076,1909f56bfc062723c751e8b465ee728b)
Start importing Assets/Brick Project Studio/Apartment Kit/Common/Textures/Misc/Blender_01_N.png using Guid(a192ea0e9f5170a4a8b4ec9cd0f592ae) Importer(815301076,1909f56bfc062723c751e8b465ee728b)  -> (artifact id: 'b0506c36f6b4adb92fbd9ce466d62195') in 0.026523 seconds
Number of updated asset objects reloaded before import = 0
Number of asset objects unloaded after import = 2
========================================================================
Received Import Request.
  Time since last request: 1.409557 seconds.
  path: Assets/Brick Project Studio/Apartment Kit/Common/Textures/Surface/BathroomMat_01_A.png
  artifactKey: Guid(f4065082f0bb85c438e68d90ffd11ade) Importer(815301076,1909f56bfc062723c751e8b465ee728b)
Start importing Assets/Brick Project Studio/Apartment Kit/Common/Textures/Surface/BathroomMat_01_A.png using Guid(f4065082f0bb85c438e68d90ffd11ade) Importer(815301076,1909f56bfc062723c751e8b465ee728b)  -> (artifact id: '52c1ad6991b6c8554f2025a644c64df0') in 0.031752 seconds
Number of updated asset objects reloaded before import = 0
Number of asset objects unloaded after import = 2
========================================================================
Received Import Request.
  Time since last request: 0.000016 seconds.
  path: Assets/Brick Project Studio/_BPS Basic Assets/Common/Textures/Basic Asset/BA_Wood_01_A.png
  artifactKey: Guid(48aec0e661dd8b34da0b78a05a1b25c5) Importer(815301076,1909f56bfc062723c751e8b465ee728b)
Start importing Assets/Brick Project Studio/_BPS Basic Assets/Common/Textures/Basic Asset/BA_Wood_01_A.png using Guid(48aec0e661dd8b34da0b78a05a1b25c5) Importer(815301076,1909f56bfc062723c751e8b465ee728b)  -> (artifact id: '08c86ce38651e83c0e8f974fd218bcc0') in 0.026635 seconds
Number of updated asset objects reloaded before import = 0
Number of asset objects unloaded after import = 2
========================================================================
Received Import Request.
  Time since last request: 0.188704 seconds.
  path: Assets/Brick Project Studio/_BPS Basic Assets/Common/Textures/Basic Asset/BA_Plastic_01_A.png
  artifactKey: Guid(8ebf406575461064c88f9fbcb05d1c31) Importer(815301076,1909f56bfc062723c751e8b465ee728b)
Start importing Assets/Brick Project Studio/_BPS Basic Assets/Common/Textures/Basic Asset/BA_Plastic_01_A.png using Guid(8ebf406575461064c88f9fbcb05d1c31) Importer(815301076,1909f56bfc062723c751e8b465ee728b)  -> (artifact id: '851da2e46b16dc59c1490e1a90c6dfd1') in 0.035368 seconds
Number of updated asset objects reloaded before import = 0
Number of asset objects unloaded after import = 2
========================================================================
Received Import Request.
  Time since last request: 0.000046 seconds.
  path: Assets/Brick Project Studio/_BPS Basic Assets/Common/Textures/Basic Asset/BA_Metal_Brushed_01_A.png
  artifactKey: Guid(5f5dd08795363b04f8b9c1c6f2ca0ade) Importer(815301076,1909f56bfc062723c751e8b465ee728b)
Start importing Assets/Brick Project Studio/_BPS Basic Assets/Common/Textures/Basic Asset/BA_Metal_Brushed_01_A.png using Guid(5f5dd08795363b04f8b9c1c6f2ca0ade) Importer(815301076,1909f56bfc062723c751e8b465ee728b)  -> (artifact id: '1eb7d90eb57904ba3f910f22976cd2bd') in 0.031542 seconds
Number of updated asset objects reloaded before import = 0
Number of asset objects unloaded after import = 2
========================================================================
Received Import Request.
  Time since last request: 0.000156 seconds.
  path: Assets/Brick Project Studio/_BPS Basic Assets/Common/Textures/Basic Asset/BA_Marble_01_A.png
  artifactKey: Guid(533e69acad2a4a24fb387ac1f4a2548f) Importer(815301076,1909f56bfc062723c751e8b465ee728b)
Start importing Assets/Brick Project Studio/_BPS Basic Assets/Common/Textures/Basic Asset/BA_Marble_01_A.png using Guid(533e69acad2a4a24fb387ac1f4a2548f) Importer(815301076,1909f56bfc062723c751e8b465ee728b)  -> (artifact id: '43b27c2dc07cb28fdb0ec84f2e64a91a') in 0.028130 seconds
Number of updated asset objects reloaded before import = 0
Number of asset objects unloaded after import = 2
========================================================================
Received Import Request.
  Time since last request: 0.000019 seconds.
  path: Assets/Brick Project Studio/_BPS Basic Assets/Common/Textures/Basic Asset/BA_knob and key_A.png
  artifactKey: Guid(7a68073835939764bbb1c74b48466e00) Importer(815301076,1909f56bfc062723c751e8b465ee728b)
Start importing Assets/Brick Project Studio/_BPS Basic Assets/Common/Textures/Basic Asset/BA_knob and key_A.png using Guid(7a68073835939764bbb1c74b48466e00) Importer(815301076,1909f56bfc062723c751e8b465ee728b)  -> (artifact id: 'ae3beb7287ec97314edb337b36cc1e68') in 0.023701 seconds
Number of updated asset objects reloaded before import = 0
Number of asset objects unloaded after import = 2
========================================================================
Received Import Request.
  Time since last request: 0.138658 seconds.
  path: Assets/Brick Project Studio/_BPS Basic Assets/Common/Textures/Basic Asset/BA_Concrete_A.png
  artifactKey: Guid(04bdf3eac1ea0c04ebb541a4883a827f) Importer(815301076,1909f56bfc062723c751e8b465ee728b)
Start importing Assets/Brick Project Studio/_BPS Basic Assets/Common/Textures/Basic Asset/BA_Concrete_A.png using Guid(04bdf3eac1ea0c04ebb541a4883a827f) Importer(815301076,1909f56bfc062723c751e8b465ee728b)  -> (artifact id: '636d2007f209a61825a77273e241ddee') in 0.045996 seconds
Number of updated asset objects reloaded before import = 0
Number of asset objects unloaded after import = 2
========================================================================
Received Import Request.
  Time since last request: 0.000021 seconds.
  path: Assets/Brick Project Studio/Apartment Kit/Common/Textures/Misc/Art_03.png
  artifactKey: Guid(6344bcc8e46893f49ab242604a00da23) Importer(815301076,1909f56bfc062723c751e8b465ee728b)
Start importing Assets/Brick Project Studio/Apartment Kit/Common/Textures/Misc/Art_03.png using Guid(6344bcc8e46893f49ab242604a00da23) Importer(815301076,1909f56bfc062723c751e8b465ee728b)  -> (artifact id: '10aec3f05392ff02be875a5bf2739484') in 0.031455 seconds
Number of updated asset objects reloaded before import = 0
Number of asset objects unloaded after import = 2
========================================================================
Received Import Request.
  Time since last request: 0.000059 seconds.
  path: Assets/Brick Project Studio/Apartment Kit/Common/Textures/Misc/Art_01.png
  artifactKey: Guid(0f1b5ed9b2e96bf4d9b64957fd9b3a2a) Importer(815301076,1909f56bfc062723c751e8b465ee728b)
Start importing Assets/Brick Project Studio/Apartment Kit/Common/Textures/Misc/Art_01.png using Guid(0f1b5ed9b2e96bf4d9b64957fd9b3a2a) Importer(815301076,1909f56bfc062723c751e8b465ee728b)  -> (artifact id: 'fdc5712575c4a0ac6b2dd3c947ce1c48') in 0.025785 seconds
Number of updated asset objects reloaded before import = 0
Number of asset objects unloaded after import = 2
========================================================================
Received Import Request.
  Time since last request: 0.000038 seconds.
  path: Assets/Brick Project Studio/Apartment Kit/Common/Textures/Surface/AdlerWood_01_A.png
  artifactKey: Guid(3896f4ca02b49124dbe88348af6cd90b) Importer(815301076,1909f56bfc062723c751e8b465ee728b)
Start importing Assets/Brick Project Studio/Apartment Kit/Common/Textures/Surface/AdlerWood_01_A.png using Guid(3896f4ca02b49124dbe88348af6cd90b) Importer(815301076,1909f56bfc062723c751e8b465ee728b)  -> (artifact id: 'fdee488db146b7266dd04652d2b9e4b1') in 0.022558 seconds
Number of updated asset objects reloaded before import = 0
Number of asset objects unloaded after import = 2
========================================================================
Received Import Request.
  Time since last request: 4.861912 seconds.
  path: Assets/Brick Project Studio/Apartment Kit/Common/Textures/Misc/DisfusedVase_01.png
  artifactKey: Guid(7a1f0a4cdc44c134c918ac7f2aafd911) Importer(815301076,1909f56bfc062723c751e8b465ee728b)
Start importing Assets/Brick Project Studio/Apartment Kit/Common/Textures/Misc/DisfusedVase_01.png using Guid(7a1f0a4cdc44c134c918ac7f2aafd911) Importer(815301076,1909f56bfc062723c751e8b465ee728b)  -> (artifact id: '8235c3849c61af58346660510c5c380a') in 0.032848 seconds
Number of updated asset objects reloaded before import = 0
Number of asset objects unloaded after import = 2
========================================================================
Received Import Request.
  Time since last request: 0.156957 seconds.
  path: Assets/Brick Project Studio/Apartment Kit/Common/Textures/Misc/DoorMat_01_A.png
  artifactKey: Guid(0db0ab6731c66044c84b00e0d891778e) Importer(815301076,1909f56bfc062723c751e8b465ee728b)
Start importing Assets/Brick Project Studio/Apartment Kit/Common/Textures/Misc/DoorMat_01_A.png using Guid(0db0ab6731c66044c84b00e0d891778e) Importer(815301076,1909f56bfc062723c751e8b465ee728b)  -> (artifact id: 'a73523dfb9fe4974918d55014ab9fa56') in 0.034719 seconds
Number of updated asset objects reloaded before import = 0
Number of asset objects unloaded after import = 2
========================================================================
Received Import Request.
  Time since last request: 0.000034 seconds.
  path: Assets/Brick Project Studio/Apartment Kit/Common/Textures/Misc/DoorMat_01_N.png
  artifactKey: Guid(48c0f9d0cc125f34a86acacfc45992b1) Importer(815301076,1909f56bfc062723c751e8b465ee728b)
Start importing Assets/Brick Project Studio/Apartment Kit/Common/Textures/Misc/DoorMat_01_N.png using Guid(48c0f9d0cc125f34a86acacfc45992b1) Importer(815301076,1909f56bfc062723c751e8b465ee728b)  -> (artifact id: '16ee5a26f1367b1664e9783096c88593') in 0.035844 seconds
Number of updated asset objects reloaded before import = 0
Number of asset objects unloaded after import = 2
========================================================================
Received Import Request.
  Time since last request: 0.007263 seconds.
  path: Assets/Brick Project Studio/Apartment Kit/Common/Textures/Interior Exterior/Ext_Apt_WallFloor_01_N.png
  artifactKey: Guid(0291337013d67bd4ca83920be0c11749) Importer(815301076,1909f56bfc062723c751e8b465ee728b)
Start importing Assets/Brick Project Studio/Apartment Kit/Common/Textures/Interior Exterior/Ext_Apt_WallFloor_01_N.png using Guid(0291337013d67bd4ca83920be0c11749) Importer(815301076,1909f56bfc062723c751e8b465ee728b)  -> (artifact id: '39dc733a2f69f5d59c58a66e07147933') in 0.044380 seconds
Number of updated asset objects reloaded before import = 0
Number of asset objects unloaded after import = 2
========================================================================
Received Import Request.
  Time since last request: 0.007770 seconds.
  path: Assets/Brick Project Studio/Apartment Kit/Common/Textures/Surface/Fabric_01_A.png
  artifactKey: Guid(e9783abdcac23084985c08e4d4dade3b) Importer(815301076,1909f56bfc062723c751e8b465ee728b)
Start importing Assets/Brick Project Studio/Apartment Kit/Common/Textures/Surface/Fabric_01_A.png using Guid(e9783abdcac23084985c08e4d4dade3b) Importer(815301076,1909f56bfc062723c751e8b465ee728b)  -> (artifact id: '24e1371036ad52b9afe06f01754e76d4') in 0.025746 seconds
Number of updated asset objects reloaded before import = 0
Number of asset objects unloaded after import = 2
========================================================================
Received Import Request.
  Time since last request: 1.093555 seconds.
  path: Assets/Brick Project Studio/Apartment Kit/Common/Textures/Surface/Fabric_01_N.png
  artifactKey: Guid(58bfd504e106d80488fcbb9512c2fa31) Importer(815301076,1909f56bfc062723c751e8b465ee728b)
Start importing Assets/Brick Project Studio/Apartment Kit/Common/Textures/Surface/Fabric_01_N.png using Guid(58bfd504e106d80488fcbb9512c2fa31) Importer(815301076,1909f56bfc062723c751e8b465ee728b)  -> (artifact id: 'e59e2a215a59c98b86dd398acbcb1888') in 0.029395 seconds
Number of updated asset objects reloaded before import = 0
Number of asset objects unloaded after import = 2
========================================================================
Received Import Request.
  Time since last request: 0.062392 seconds.
  path: Assets/Brick Project Studio/Apartment Kit/Common/Textures/Surface/FabricShadeGlow_N.png
  artifactKey: Guid(3589673dae3d8704aac5304d2d3dcf2f) Importer(815301076,1909f56bfc062723c751e8b465ee728b)
Start importing Assets/Brick Project Studio/Apartment Kit/Common/Textures/Surface/FabricShadeGlow_N.png using Guid(3589673dae3d8704aac5304d2d3dcf2f) Importer(815301076,1909f56bfc062723c751e8b465ee728b)  -> (artifact id: 'fdffe0b82b2042d64a6542eb7c76ff23') in 0.024269 seconds
Number of updated asset objects reloaded before import = 0
Number of asset objects unloaded after import = 2
========================================================================
Received Import Request.
  Time since last request: 0.000089 seconds.
  path: Assets/Brick Project Studio/_BPS Basic Assets/Common/Textures/Fire/Fire_Texture_02.tga
  artifactKey: Guid(c8b0b917072902c4f90273607a87d9b0) Importer(815301076,1909f56bfc062723c751e8b465ee728b)
Start importing Assets/Brick Project Studio/_BPS Basic Assets/Common/Textures/Fire/Fire_Texture_02.tga using Guid(c8b0b917072902c4f90273607a87d9b0) Importer(815301076,1909f56bfc062723c751e8b465ee728b)  -> (artifact id: 'e5cca5acf2c7de2766b988e4a0a21397') in 0.020598 seconds
Number of updated asset objects reloaded before import = 0
Number of asset objects unloaded after import = 2
========================================================================
Received Import Request.
  Time since last request: 0.000049 seconds.
  path: Assets/Brick Project Studio/_BPS Basic Assets/Common/Textures/Fire/Fire_Texture_02_ADD.tga
  artifactKey: Guid(e3fbc8a570c365347b4caff594f25a12) Importer(815301076,1909f56bfc062723c751e8b465ee728b)
Start importing Assets/Brick Project Studio/_BPS Basic Assets/Common/Textures/Fire/Fire_Texture_02_ADD.tga using Guid(e3fbc8a570c365347b4caff594f25a12) Importer(815301076,1909f56bfc062723c751e8b465ee728b)  -> (artifact id: 'bbeb7e72768ab76bbccacca8fee3096c') in 0.015107 seconds
Number of updated asset objects reloaded before import = 0
Number of asset objects unloaded after import = 2
========================================================================
Received Import Request.
  Time since last request: 0.026833 seconds.
  path: Assets/Brick Project Studio/Apartment Kit/Common/Textures/Misc/GameConsole_01_A.png
  artifactKey: Guid(074c28f4b5334064caf66caa002ae822) Importer(815301076,1909f56bfc062723c751e8b465ee728b)
Start importing Assets/Brick Project Studio/Apartment Kit/Common/Textures/Misc/GameConsole_01_A.png using Guid(074c28f4b5334064caf66caa002ae822) Importer(815301076,1909f56bfc062723c751e8b465ee728b)  -> (artifact id: '7221c929f2eb5441827d1c200c32b0fc') in 0.027492 seconds
Number of updated asset objects reloaded before import = 0
Number of asset objects unloaded after import = 2
========================================================================
Received Import Request.
  Time since last request: 0.168495 seconds.
  path: Assets/Brick Project Studio/Apartment Kit/Common/Textures/Misc/Int_Apt_01_A.png
  artifactKey: Guid(bd10fda34a46a5a4794b3bb3ccb0dab1) Importer(815301076,1909f56bfc062723c751e8b465ee728b)
Start importing Assets/Brick Project Studio/Apartment Kit/Common/Textures/Misc/Int_Apt_01_A.png using Guid(bd10fda34a46a5a4794b3bb3ccb0dab1) Importer(815301076,1909f56bfc062723c751e8b465ee728b)  -> (artifact id: '0c75c615ef5599bfb17a2cd0ebc9cf32') in 0.035044 seconds
Number of updated asset objects reloaded before import = 0
Number of asset objects unloaded after import = 2
========================================================================
Received Import Request.
  Time since last request: 0.000019 seconds.
  path: Assets/Brick Project Studio/Apartment Kit/Common/Textures/Interior Exterior/Int_Apt_01_N.png
  artifactKey: Guid(52cab35fc66c35d47b73fd24748c768b) Importer(815301076,1909f56bfc062723c751e8b465ee728b)
Start importing Assets/Brick Project Studio/Apartment Kit/Common/Textures/Interior Exterior/Int_Apt_01_N.png using Guid(52cab35fc66c35d47b73fd24748c768b) Importer(815301076,1909f56bfc062723c751e8b465ee728b)  -> (artifact id: '66d7af002ca9b66a824d1390dedf999d') in 0.033749 seconds
Number of updated asset objects reloaded before import = 0
Number of asset objects unloaded after import = 2
========================================================================
Received Import Request.
  Time since last request: 0.000037 seconds.
  path: Assets/Brick Project Studio/Apartment Kit/Common/Textures/Interior Exterior/Int_Apt_01_H.png
  artifactKey: Guid(d891eeff6af0d2f41acb05df08dcaaa9) Importer(815301076,1909f56bfc062723c751e8b465ee728b)
Start importing Assets/Brick Project Studio/Apartment Kit/Common/Textures/Interior Exterior/Int_Apt_01_H.png using Guid(d891eeff6af0d2f41acb05df08dcaaa9) Importer(815301076,1909f56bfc062723c751e8b465ee728b)  -> (artifact id: '10bf41643b05cbf49778e9b1e3b3c995') in 0.033836 seconds
Number of updated asset objects reloaded before import = 0
Number of asset objects unloaded after import = 2
========================================================================
Received Import Request.
  Time since last request: 0.000017 seconds.
  path: Assets/Brick Project Studio/Apartment Kit/Common/Textures/Misc/Int_Apt_02_N.png
  artifactKey: Guid(096fc39044246a5419cdd831de80058a) Importer(815301076,1909f56bfc062723c751e8b465ee728b)
Start importing Assets/Brick Project Studio/Apartment Kit/Common/Textures/Misc/Int_Apt_02_N.png using Guid(096fc39044246a5419cdd831de80058a) Importer(815301076,1909f56bfc062723c751e8b465ee728b)  -> (artifact id: 'a3b08f9bb080b590287814aff3e8030e') in 0.024336 seconds
Number of updated asset objects reloaded before import = 0
Number of asset objects unloaded after import = 2
========================================================================
Received Import Request.
  Time since last request: 0.000029 seconds.
  path: Assets/Brick Project Studio/Apartment Kit/Common/Textures/Misc/Int_Apt_03_A.png
  artifactKey: Guid(151c8bea4e39c94459a318ab8efb5fdd) Importer(815301076,1909f56bfc062723c751e8b465ee728b)
Start importing Assets/Brick Project Studio/Apartment Kit/Common/Textures/Misc/Int_Apt_03_A.png using Guid(151c8bea4e39c94459a318ab8efb5fdd) Importer(815301076,1909f56bfc062723c751e8b465ee728b)  -> (artifact id: 'ff04551923aa89e640bbbf6a82a0e31b') in 0.027819 seconds
Number of updated asset objects reloaded before import = 0
Number of asset objects unloaded after import = 2
========================================================================
Received Import Request.
  Time since last request: 0.121492 seconds.
  path: Assets/Brick Project Studio/Apartment Kit/Common/Textures/Misc/Int_Apt_03_N.png
  artifactKey: Guid(c02994762ef6b4f42b74972ac7ff03f8) Importer(815301076,1909f56bfc062723c751e8b465ee728b)
Start importing Assets/Brick Project Studio/Apartment Kit/Common/Textures/Misc/Int_Apt_03_N.png using Guid(c02994762ef6b4f42b74972ac7ff03f8) Importer(815301076,1909f56bfc062723c751e8b465ee728b)  -> (artifact id: 'b72c26726a9e1332114f1e3bccef4354') in 0.045868 seconds
Number of updated asset objects reloaded before import = 0
Number of asset objects unloaded after import = 2
========================================================================
Received Import Request.
  Time since last request: 0.000024 seconds.
  path: Assets/Brick Project Studio/_BPS Basic Assets/Common/Textures/Basic Asset/Int_BA_01.png
  artifactKey: Guid(81996dc1d41eda84f9d6b55c50adea82) Importer(815301076,1909f56bfc062723c751e8b465ee728b)
Start importing Assets/Brick Project Studio/_BPS Basic Assets/Common/Textures/Basic Asset/Int_BA_01.png using Guid(81996dc1d41eda84f9d6b55c50adea82) Importer(815301076,1909f56bfc062723c751e8b465ee728b)  -> (artifact id: 'bcc42b3f01b55bcebe4a846ce72ae22a') in 0.033876 seconds
Number of updated asset objects reloaded before import = 0
Number of asset objects unloaded after import = 2
========================================================================
Received Import Request.
  Time since last request: 0.000028 seconds.
  path: Assets/Brick Project Studio/Apartment Kit/Common/Textures/Misc/keyboard_01_N.png
  artifactKey: Guid(37f203c6a42b6b54ea38024733ee10e5) Importer(815301076,1909f56bfc062723c751e8b465ee728b)
Start importing Assets/Brick Project Studio/Apartment Kit/Common/Textures/Misc/keyboard_01_N.png using Guid(37f203c6a42b6b54ea38024733ee10e5) Importer(815301076,1909f56bfc062723c751e8b465ee728b)  -> (artifact id: '43bd2e634e57180b119447064b611602') in 0.023029 seconds
Number of updated asset objects reloaded before import = 0
Number of asset objects unloaded after import = 2
========================================================================
Received Import Request.
  Time since last request: 0.000086 seconds.
  path: Assets/Brick Project Studio/_BPS Basic Assets/Common/Textures/Basic Asset/Int_BA_02.png
  artifactKey: Guid(a7d954ba596ba994bbcc72a405b61589) Importer(815301076,1909f56bfc062723c751e8b465ee728b)
Start importing Assets/Brick Project Studio/_BPS Basic Assets/Common/Textures/Basic Asset/Int_BA_02.png using Guid(a7d954ba596ba994bbcc72a405b61589) Importer(815301076,1909f56bfc062723c751e8b465ee728b)  -> (artifact id: '6c15d074283c667e1776ae9376a1efb5') in 0.027322 seconds
Number of updated asset objects reloaded before import = 0
Number of asset objects unloaded after import = 2
========================================================================
Received Import Request.
  Time since last request: 0.127265 seconds.
  path: Assets/Brick Project Studio/Apartment Kit/Common/Textures/Misc/Lamp 02 Ceiling - Normal.png
  artifactKey: Guid(10caf55c2cc68ff45af37085395b0a84) Importer(815301076,1909f56bfc062723c751e8b465ee728b)
Start importing Assets/Brick Project Studio/Apartment Kit/Common/Textures/Misc/Lamp 02 Ceiling - Normal.png using Guid(10caf55c2cc68ff45af37085395b0a84) Importer(815301076,1909f56bfc062723c751e8b465ee728b)  -> (artifact id: '3e3189504789910a4df6ece5f907019a') in 0.054586 seconds
Number of updated asset objects reloaded before import = 0
Number of asset objects unloaded after import = 2
========================================================================
Received Import Request.
  Time since last request: 0.000018 seconds.
  path: Assets/Brick Project Studio/Apartment Kit/Common/Textures/Misc/Lamp 02 Standing.png
  artifactKey: Guid(55dfb52b333416b4580cd9cd619b1904) Importer(815301076,1909f56bfc062723c751e8b465ee728b)
Start importing Assets/Brick Project Studio/Apartment Kit/Common/Textures/Misc/Lamp 02 Standing.png using Guid(55dfb52b333416b4580cd9cd619b1904) Importer(815301076,1909f56bfc062723c751e8b465ee728b)  -> (artifact id: 'd1a6d2d005b133a690f8b91feef9b104') in 0.037779 seconds
Number of updated asset objects reloaded before import = 0
Number of asset objects unloaded after import = 2
========================================================================
Received Import Request.
  Time since last request: 0.000024 seconds.
  path: Assets/Brick Project Studio/Apartment Kit/Common/Textures/Misc/Lamp 02 Table shade - Normal.png
  artifactKey: Guid(fe2b946fe11b665428ee3a7b3f07f29e) Importer(815301076,1909f56bfc062723c751e8b465ee728b)
Start importing Assets/Brick Project Studio/Apartment Kit/Common/Textures/Misc/Lamp 02 Table shade - Normal.png using Guid(fe2b946fe11b665428ee3a7b3f07f29e) Importer(815301076,1909f56bfc062723c751e8b465ee728b)  -> (artifact id: '7242068d2299cb20980797e1964ec6f6') in 0.028648 seconds
Number of updated asset objects reloaded before import = 0
Number of asset objects unloaded after import = 2
========================================================================
Received Import Request.
  Time since last request: 0.000014 seconds.
  path: Assets/Brick Project Studio/Apartment Kit/Common/Textures/Misc/Lamp 02 Table.png
  artifactKey: Guid(7f9782bc8a3dd044ba1c3077976b8b8f) Importer(815301076,1909f56bfc062723c751e8b465ee728b)
Start importing Assets/Brick Project Studio/Apartment Kit/Common/Textures/Misc/Lamp 02 Table.png using Guid(7f9782bc8a3dd044ba1c3077976b8b8f) Importer(815301076,1909f56bfc062723c751e8b465ee728b)  -> (artifact id: '9d6894b088acc54f9a219af29b9277da') in 0.023552 seconds
Number of updated asset objects reloaded before import = 0
Number of asset objects unloaded after import = 2
========================================================================
Received Import Request.
  Time since last request: 0.000017 seconds.
  path: Assets/Brick Project Studio/Apartment Kit/Common/Textures/Misc/Lamp 02 Standing - Normal.png
  artifactKey: Guid(a71346a04ce3b6848b419c3f9e0cbb3a) Importer(815301076,1909f56bfc062723c751e8b465ee728b)
Start importing Assets/Brick Project Studio/Apartment Kit/Common/Textures/Misc/Lamp 02 Standing - Normal.png using Guid(a71346a04ce3b6848b419c3f9e0cbb3a) Importer(815301076,1909f56bfc062723c751e8b465ee728b)  -> (artifact id: '916e095eec2c938112d567c870b30f6e') in 0.026091 seconds
Number of updated asset objects reloaded before import = 0
Number of asset objects unloaded after import = 2
========================================================================
Received Import Request.
  Time since last request: 0.094145 seconds.
  path: Assets/Brick Project Studio/Apartment Kit/Common/Textures/Surface/Leather_N.png
  artifactKey: Guid(9b0fc00f6400d5a48b1820e33be50b7b) Importer(815301076,1909f56bfc062723c751e8b465ee728b)
Start importing Assets/Brick Project Studio/Apartment Kit/Common/Textures/Surface/Leather_N.png using Guid(9b0fc00f6400d5a48b1820e33be50b7b) Importer(815301076,1909f56bfc062723c751e8b465ee728b)  -> (artifact id: '21572cc2e464e0a776a319f09d134253') in 0.039985 seconds
Number of updated asset objects reloaded before import = 0
Number of asset objects unloaded after import = 2
========================================================================
Received Import Request.
  Time since last request: 0.000077 seconds.
  path: Assets/Brick Project Studio/Apartment Kit/Common/Textures/Surface/Marble_Dark_01_N.png
  artifactKey: Guid(46992959d77f88c4783fc144795e2ba4) Importer(815301076,1909f56bfc062723c751e8b465ee728b)
Start importing Assets/Brick Project Studio/Apartment Kit/Common/Textures/Surface/Marble_Dark_01_N.png using Guid(46992959d77f88c4783fc144795e2ba4) Importer(815301076,1909f56bfc062723c751e8b465ee728b)  -> (artifact id: '778608ab921c950193e2cf04e61486e7') in 0.031015 seconds
Number of updated asset objects reloaded before import = 0
Number of asset objects unloaded after import = 2
========================================================================
Received Import Request.
  Time since last request: 0.000023 seconds.
  path: Assets/Brick Project Studio/Apartment Kit/Common/Textures/Misc/MarbleWall_02.png
  artifactKey: Guid(d2ab29be542324845b06e2b459563a2b) Importer(815301076,1909f56bfc062723c751e8b465ee728b)
Start importing Assets/Brick Project Studio/Apartment Kit/Common/Textures/Misc/MarbleWall_02.png using Guid(d2ab29be542324845b06e2b459563a2b) Importer(815301076,1909f56bfc062723c751e8b465ee728b)  -> (artifact id: '3ddbf924d63457c51eb24e5e78df05c5') in 0.027741 seconds
Number of updated asset objects reloaded before import = 0
Number of asset objects unloaded after import = 2
========================================================================
Received Import Request.
  Time since last request: 0.000016 seconds.
  path: Assets/Brick Project Studio/Apartment Kit/Common/Textures/Misc/MarbleWall_01.png
  artifactKey: Guid(a74bcca27930dd042ae438a1af891279) Importer(815301076,1909f56bfc062723c751e8b465ee728b)
Start importing Assets/Brick Project Studio/Apartment Kit/Common/Textures/Misc/MarbleWall_01.png using Guid(a74bcca27930dd042ae438a1af891279) Importer(815301076,1909f56bfc062723c751e8b465ee728b)  -> (artifact id: 'd165e3ca790e83abf376c7ede515c4b0') in 0.025942 seconds
Number of updated asset objects reloaded before import = 0
Number of asset objects unloaded after import = 2
========================================================================
Received Import Request.
  Time since last request: 0.002687 seconds.
  path: Assets/Brick Project Studio/Apartment Kit/Common/Textures/Surface/Mesh_Black_N.png
  artifactKey: Guid(cbbecd88a198cdd4e8fc3f3e900a51ef) Importer(815301076,1909f56bfc062723c751e8b465ee728b)
Start importing Assets/Brick Project Studio/Apartment Kit/Common/Textures/Surface/Mesh_Black_N.png using Guid(cbbecd88a198cdd4e8fc3f3e900a51ef) Importer(815301076,1909f56bfc062723c751e8b465ee728b)  -> (artifact id: '838974daacc79979cb90d2e9eca520d0') in 0.031608 seconds
Number of updated asset objects reloaded before import = 0
Number of asset objects unloaded after import = 2
========================================================================
Received Import Request.
  Time since last request: 0.106092 seconds.
  path: Assets/Brick Project Studio/Apartment Kit/Common/Textures/Surface/Painting_N.png
  artifactKey: Guid(52a7d8c0d3423c946a76ebe65fb6dab7) Importer(815301076,1909f56bfc062723c751e8b465ee728b)
Start importing Assets/Brick Project Studio/Apartment Kit/Common/Textures/Surface/Painting_N.png using Guid(52a7d8c0d3423c946a76ebe65fb6dab7) Importer(815301076,1909f56bfc062723c751e8b465ee728b)  -> (artifact id: '8028751ca340a594d7ed5165de4d7c5b') in 0.030663 seconds
Number of updated asset objects reloaded before import = 0
Number of asset objects unloaded after import = 2
========================================================================
Received Import Request.
  Time since last request: 0.000019 seconds.
  path: Assets/Brick Project Studio/Apartment Kit/Common/Textures/Misc/Pattern_01.png
  artifactKey: Guid(0d6cfc418fff3894fb0ca518f5d50b98) Importer(815301076,1909f56bfc062723c751e8b465ee728b)
Start importing Assets/Brick Project Studio/Apartment Kit/Common/Textures/Misc/Pattern_01.png using Guid(0d6cfc418fff3894fb0ca518f5d50b98) Importer(815301076,1909f56bfc062723c751e8b465ee728b)  -> (artifact id: '5664e8d846b0d4fd5040d381f0189123') in 0.035763 seconds
Number of updated asset objects reloaded before import = 0
Number of asset objects unloaded after import = 2
========================================================================
Received Import Request.
  Time since last request: 0.000022 seconds.
  path: Assets/Brick Project Studio/Apartment Kit/Common/Textures/Surface/Plastic_01_A.png
  artifactKey: Guid(473e76b7fdb58724ab105d9d07528a63) Importer(815301076,1909f56bfc062723c751e8b465ee728b)
Start importing Assets/Brick Project Studio/Apartment Kit/Common/Textures/Surface/Plastic_01_A.png using Guid(473e76b7fdb58724ab105d9d07528a63) Importer(815301076,1909f56bfc062723c751e8b465ee728b)  -> (artifact id: 'c5526ce65eab22409487e28a17127496') in 0.027667 seconds
Number of updated asset objects reloaded before import = 0
Number of asset objects unloaded after import = 2
========================================================================
Received Import Request.
  Time since last request: 0.000113 seconds.
  path: Assets/Brick Project Studio/Apartment Kit/Common/Textures/Surface/Plastic_01_N.png
  artifactKey: Guid(df5c52a1546418346bff1558b601f6a5) Importer(815301076,1909f56bfc062723c751e8b465ee728b)
Start importing Assets/Brick Project Studio/Apartment Kit/Common/Textures/Surface/Plastic_01_N.png using Guid(df5c52a1546418346bff1558b601f6a5) Importer(815301076,1909f56bfc062723c751e8b465ee728b)  -> (artifact id: '6d06c3ca80bf729df7286005ca149d15') in 0.022388 seconds
Number of updated asset objects reloaded before import = 0
Number of asset objects unloaded after import = 2
========================================================================
Received Import Request.
  Time since last request: 0.002822 seconds.
  path: Assets/Brick Project Studio/Apartment Kit/Common/Textures/Surface/Plastic_N.png
  artifactKey: Guid(4bf427319880ec2419bf2d8809d66594) Importer(815301076,1909f56bfc062723c751e8b465ee728b)
Start importing Assets/Brick Project Studio/Apartment Kit/Common/Textures/Surface/Plastic_N.png using Guid(4bf427319880ec2419bf2d8809d66594) Importer(815301076,1909f56bfc062723c751e8b465ee728b)  -> (artifact id: 'adcd6026cea8958957a47e413eae162e') in 0.028197 seconds
Number of updated asset objects reloaded before import = 0
Number of asset objects unloaded after import = 2
========================================================================
Received Import Request.
  Time since last request: 0.124727 seconds.
  path: Assets/Brick Project Studio/_BPS Basic Assets/Common/Textures/Restroom/RR_Restroom_Sign.png
  artifactKey: Guid(8521850fc227afa4fb73de6489100edd) Importer(815301076,1909f56bfc062723c751e8b465ee728b)
Start importing Assets/Brick Project Studio/_BPS Basic Assets/Common/Textures/Restroom/RR_Restroom_Sign.png using Guid(8521850fc227afa4fb73de6489100edd) Importer(815301076,1909f56bfc062723c751e8b465ee728b)  -> (artifact id: 'fbafdf8331d294a3982896f1fc1f7fb2') in 0.033500 seconds
Number of updated asset objects reloaded before import = 0
Number of asset objects unloaded after import = 2
========================================================================
Received Import Request.
  Time since last request: 0.003020 seconds.
  path: Assets/Brick Project Studio/_BPS Basic Assets/Common/Textures/Restroom/RR_RestroomPaper_A.png
  artifactKey: Guid(00368d3a4678ecd4cb2b95551bfe744e) Importer(815301076,1909f56bfc062723c751e8b465ee728b)
Start importing Assets/Brick Project Studio/_BPS Basic Assets/Common/Textures/Restroom/RR_RestroomPaper_A.png using Guid(00368d3a4678ecd4cb2b95551bfe744e) Importer(815301076,1909f56bfc062723c751e8b465ee728b)  -> (artifact id: 'f240bff75c51ee5b3eb381fa3c305003') in 0.030012 seconds
Number of updated asset objects reloaded before import = 0
Number of asset objects unloaded after import = 2
========================================================================
Received Import Request.
  Time since last request: 0.000043 seconds.
  path: Assets/Brick Project Studio/_BPS Basic Assets/Common/Textures/Restroom/RR_RestroomPaper_N.png
  artifactKey: Guid(ae8a3b602707b8f419a84228822c21c6) Importer(815301076,1909f56bfc062723c751e8b465ee728b)
Start importing Assets/Brick Project Studio/_BPS Basic Assets/Common/Textures/Restroom/RR_RestroomPaper_N.png using Guid(ae8a3b602707b8f419a84228822c21c6) Importer(815301076,1909f56bfc062723c751e8b465ee728b)  -> (artifact id: 'd7906c0f392b56286b8b6e7ca3f086ad') in 0.027527 seconds
Number of updated asset objects reloaded before import = 0
Number of asset objects unloaded after import = 2
========================================================================
Received Import Request.
  Time since last request: 0.013761 seconds.
  path: Assets/Brick Project Studio/Apartment Kit/Common/Textures/Misc/Rug_N.png
  artifactKey: Guid(7f7b53da64f751048b47d48f41089031) Importer(815301076,1909f56bfc062723c751e8b465ee728b)
Start importing Assets/Brick Project Studio/Apartment Kit/Common/Textures/Misc/Rug_N.png using Guid(7f7b53da64f751048b47d48f41089031) Importer(815301076,1909f56bfc062723c751e8b465ee728b)  -> (artifact id: 'f80fbf02dd7e9d0ee32e67170ea59804') in 0.036573 seconds
Number of updated asset objects reloaded before import = 0
Number of asset objects unloaded after import = 2
========================================================================
Received Import Request.
  Time since last request: 0.000022 seconds.
  path: Assets/Brick Project Studio/Apartment Kit/Common/Textures/Surface/Rustic Wood.png
  artifactKey: Guid(a0e0457c9788feb4f989fdc5b6977fde) Importer(815301076,1909f56bfc062723c751e8b465ee728b)
Start importing Assets/Brick Project Studio/Apartment Kit/Common/Textures/Surface/Rustic Wood.png using Guid(a0e0457c9788feb4f989fdc5b6977fde) Importer(815301076,1909f56bfc062723c751e8b465ee728b)  -> (artifact id: '90624d4cc916491151412f3a91e0e40d') in 0.029752 seconds
Number of updated asset objects reloaded before import = 0
Number of asset objects unloaded after import = 2
========================================================================
Received Import Request.
  Time since last request: 0.098950 seconds.
  path: Assets/Brick Project Studio/Apartment Kit/Common/Textures/Misc/Toothbrush_01_A.png
  artifactKey: Guid(4ab40b3a4ff0b7a48a1090e232aa80b6) Importer(815301076,1909f56bfc062723c751e8b465ee728b)
Start importing Assets/Brick Project Studio/Apartment Kit/Common/Textures/Misc/Toothbrush_01_A.png using Guid(4ab40b3a4ff0b7a48a1090e232aa80b6) Importer(815301076,1909f56bfc062723c751e8b465ee728b)  -> (artifact id: '377f69c8ccca554b6e835f67bd04c379') in 0.034720 seconds
Number of updated asset objects reloaded before import = 0
Number of asset objects unloaded after import = 2
========================================================================
Received Import Request.
  Time since last request: 0.009083 seconds.
  path: Assets/Brick Project Studio/Apartment Kit/Common/Textures/Surface/White Wood_normal.png
  artifactKey: Guid(aa20464592754c2418b9144bff0d1ff6) Importer(815301076,1909f56bfc062723c751e8b465ee728b)
Start importing Assets/Brick Project Studio/Apartment Kit/Common/Textures/Surface/White Wood_normal.png using Guid(aa20464592754c2418b9144bff0d1ff6) Importer(815301076,1909f56bfc062723c751e8b465ee728b)  -> (artifact id: 'a96f71aefbdb3d858b9191262539b465') in 0.038097 seconds
Number of updated asset objects reloaded before import = 0
Number of asset objects unloaded after import = 2
========================================================================
Received Import Request.
  Time since last request: 0.000042 seconds.
  path: Assets/Brick Project Studio/Apartment Kit/Common/Textures/Surface/Wood_Ebony_01_A.png
  artifactKey: Guid(852e56973a7526a4b88475a4f8463f4b) Importer(815301076,1909f56bfc062723c751e8b465ee728b)
Start importing Assets/Brick Project Studio/Apartment Kit/Common/Textures/Surface/Wood_Ebony_01_A.png using Guid(852e56973a7526a4b88475a4f8463f4b) Importer(815301076,1909f56bfc062723c751e8b465ee728b)  -> (artifact id: 'cefe08b328ead32cc2f265c43a9cebbe') in 0.024294 seconds
Number of updated asset objects reloaded before import = 0
Number of asset objects unloaded after import = 2
========================================================================
Received Import Request.
  Time since last request: 0.024936 seconds.
  path: Assets/Brick Project Studio/Apartment Kit/Common/Textures/Surface/Wood_Ebony_01_N.png
  artifactKey: Guid(b5b20f23beab58d45b513b9aa44e2709) Importer(815301076,1909f56bfc062723c751e8b465ee728b)
Start importing Assets/Brick Project Studio/Apartment Kit/Common/Textures/Surface/Wood_Ebony_01_N.png using Guid(b5b20f23beab58d45b513b9aa44e2709) Importer(815301076,1909f56bfc062723c751e8b465ee728b)  -> (artifact id: '0a831c97fc651778a83dca839ddbfaa8') in 0.031920 seconds
Number of updated asset objects reloaded before import = 0
Number of asset objects unloaded after import = 2
========================================================================
Received Import Request.
  Time since last request: 115.865659 seconds.
  path: Assets/texture/creepy2.jpg
  artifactKey: Guid(eaec433fd71a44249b325f562cad4f09) Importer(815301076,1909f56bfc062723c751e8b465ee728b)
Start importing Assets/texture/creepy2.jpg using Guid(eaec433fd71a44249b325f562cad4f09) Importer(815301076,1909f56bfc062723c751e8b465ee728b)  -> (artifact id: 'b86bd0ff0722365ba7c8a318d7984092') in 0.023619 seconds
Number of updated asset objects reloaded before import = 0
Number of asset objects unloaded after import = 2
========================================================================
Received Import Request.
  Time since last request: 0.000018 seconds.
  path: Assets/texture/creepy4.jpg
  artifactKey: Guid(1d772df6a5e268e4ba435eef34546882) Importer(815301076,1909f56bfc062723c751e8b465ee728b)
Start importing Assets/texture/creepy4.jpg using Guid(1d772df6a5e268e4ba435eef34546882) Importer(815301076,1909f56bfc062723c751e8b465ee728b)  -> (artifact id: '7e280e6215a37ae9715dc1f586bc93c7') in 0.025142 seconds
Number of updated asset objects reloaded before import = 0
Number of asset objects unloaded after import = 2
========================================================================
Received Import Request.
  Time since last request: 97.509503 seconds.
  path: Assets/texture/creepy2.jpg
  artifactKey: Guid(eaec433fd71a44249b325f562cad4f09) Importer(2089858483,0ecaa5967403d082aa24f35e1b516d23)
Start importing Assets/texture/creepy2.jpg using Guid(eaec433fd71a44249b325f562cad4f09) Importer(2089858483,0ecaa5967403d082aa24f35e1b516d23) Generated GUIDs only implemented for interfaces!
 -> (artifact id: '26bef36785b026e7addcb71d3d5a7543') in 0.223796 seconds
Number of updated asset objects reloaded before import = 0
Number of asset objects unloaded after import = 1
========================================================================
Received Import Request.
  Time since last request: 0.000071 seconds.
  path: Assets/Brick Project Studio/Apartment Kit/Common/Materials/Surface/Brushed Metal_Antique.mat
  artifactKey: Guid(5f469581b50505747a410deecdf8f11d) Importer(2089858483,0ecaa5967403d082aa24f35e1b516d23)
Start importing Assets/Brick Project Studio/Apartment Kit/Common/Materials/Surface/Brushed Metal_Antique.mat using Guid(5f469581b50505747a410deecdf8f11d) Importer(2089858483,0ecaa5967403d082aa24f35e1b516d23) Generated GUIDs only implemented for interfaces!
 -> (artifact id: '330b486c380c6a18fb29ec9879982a2c') in 0.043719 seconds
Number of updated asset objects reloaded before import = 0
Number of asset objects unloaded after import = 3
========================================================================
Received Import Request.
  Time since last request: 0.000023 seconds.
  path: Assets/Brick Project Studio/Apartment Kit/Common/Materials/Misc/Rug.mat
  artifactKey: Guid(bd43db1d1dee4bf4fbff367dc5cf6dc6) Importer(2089858483,0ecaa5967403d082aa24f35e1b516d23)
Start importing Assets/Brick Project Studio/Apartment Kit/Common/Materials/Misc/Rug.mat using Guid(bd43db1d1dee4bf4fbff367dc5cf6dc6) Importer(2089858483,0ecaa5967403d082aa24f35e1b516d23) Generated GUIDs only implemented for interfaces!
 -> (artifact id: '6b8e7753ea12e1ec31e72c6467cb85b7') in 0.023483 seconds
Number of updated asset objects reloaded before import = 0
Number of asset objects unloaded after import = 3
========================================================================
Received Import Request.
  Time since last request: 0.000021 seconds.
  path: Assets/Brick Project Studio/Apartment Kit/Common/Models/Apt_Props_01.fbx
  artifactKey: Guid(34e386a75bb8feb4aa0f48b512cbb268) Importer(2089858483,0ecaa5967403d082aa24f35e1b516d23)
Start importing Assets/Brick Project Studio/Apartment Kit/Common/Models/Apt_Props_01.fbx using Guid(34e386a75bb8feb4aa0f48b512cbb268) Importer(2089858483,0ecaa5967403d082aa24f35e1b516d23) Generated GUIDs only implemented for interfaces!
 -> (artifact id: 'd2b506510a860add1327de3c29eda6eb') in 0.146546 seconds
Number of updated asset objects reloaded before import = 0
Number of asset objects unloaded after import = 414
========================================================================
Received Import Request.
  Time since last request: 0.000028 seconds.
  path: Assets/Brick Project Studio/Apartment Kit/Common/Models/Canvas_nat_01-04.fbx
  artifactKey: Guid(f62947abd10e69a4b9bd64bf53b01107) Importer(2089858483,0ecaa5967403d082aa24f35e1b516d23)
Start importing Assets/Brick Project Studio/Apartment Kit/Common/Models/Canvas_nat_01-04.fbx using Guid(f62947abd10e69a4b9bd64bf53b01107) Importer(2089858483,0ecaa5967403d082aa24f35e1b516d23) Generated GUIDs only implemented for interfaces!
 -> (artifact id: '6eaa4884ee6d1bfe863cec636d323ca6') in 0.029067 seconds
Number of updated asset objects reloaded before import = 0
Number of asset objects unloaded after import = 14
========================================================================
Received Import Request.
  Time since last request: 0.000027 seconds.
  path: Assets/Brick Project Studio/Apartment Kit/Common/Materials/Misc/Canvas_Nat_08.mat
  artifactKey: Guid(100b25bc47f9d454882fe90599a30b8e) Importer(2089858483,0ecaa5967403d082aa24f35e1b516d23)
Start importing Assets/Brick Project Studio/Apartment Kit/Common/Materials/Misc/Canvas_Nat_08.mat using Guid(100b25bc47f9d454882fe90599a30b8e) Importer(2089858483,0ecaa5967403d082aa24f35e1b516d23) Generated GUIDs only implemented for interfaces!
 -> (artifact id: '2dcb20a03c6b28861b7c36e0e5c8e6d2') in 0.017688 seconds
Number of updated asset objects reloaded before import = 0
Number of asset objects unloaded after import = 3
========================================================================
Received Import Request.
  Time since last request: 0.000026 seconds.
  path: Assets/Brick Project Studio/Apartment Kit/Common/Models/Vase.fbx
  artifactKey: Guid(2b4a2d31e35c5ce4cacda7ea46d6d187) Importer(2089858483,0ecaa5967403d082aa24f35e1b516d23)
Start importing Assets/Brick Project Studio/Apartment Kit/Common/Models/Vase.fbx using Guid(2b4a2d31e35c5ce4cacda7ea46d6d187) Importer(2089858483,0ecaa5967403d082aa24f35e1b516d23) Generated GUIDs only implemented for interfaces!
 -> (artifact id: '6a9384ce171268e2562fd93e6cbec7df') in 0.032343 seconds
Number of updated asset objects reloaded before import = 0
Number of asset objects unloaded after import = 8
========================================================================
Received Import Request.
  Time since last request: 0.000022 seconds.
  path: Assets/Brick Project Studio/Apartment Kit/Common/Models/Modern Liquor Cabinet.fbx
  artifactKey: Guid(fe73d14489f153e4485e26243ed30d09) Importer(2089858483,0ecaa5967403d082aa24f35e1b516d23)
Start importing Assets/Brick Project Studio/Apartment Kit/Common/Models/Modern Liquor Cabinet.fbx using Guid(fe73d14489f153e4485e26243ed30d09) Importer(2089858483,0ecaa5967403d082aa24f35e1b516d23) Generated GUIDs only implemented for interfaces!
 -> (artifact id: 'ac91071db0fafdf4ee7124fd3a771b75') in 0.053979 seconds
Number of updated asset objects reloaded before import = 0
Number of asset objects unloaded after import = 90
========================================================================
Received Import Request.
  Time since last request: 0.000025 seconds.
  path: Assets/Brick Project Studio/Apartment Kit/_Prefabs/Structures/Structure 01.prefab
  artifactKey: Guid(49f576a03ece56a4e9c640ed081f6a68) Importer(2089858483,0ecaa5967403d082aa24f35e1b516d23)
Start importing Assets/Brick Project Studio/Apartment Kit/_Prefabs/Structures/Structure 01.prefab using Guid(49f576a03ece56a4e9c640ed081f6a68) Importer(2089858483,0ecaa5967403d082aa24f35e1b516d23) Generated GUIDs only implemented for interfaces!
 -> (artifact id: '0b9e5adf1c12fc2de4de034e68932767') in 0.187191 seconds
Number of updated asset objects reloaded before import = 0
Number of asset objects unloaded after import = 4037
========================================================================
Received Import Request.
  Time since last request: 0.000036 seconds.
  path: Assets/Brick Project Studio/Apartment Kit/Common/Materials/Misc/Canvas_Nat_03-04.mat
  artifactKey: Guid(76a081e3e3664a443af0a878387b200e) Importer(2089858483,0ecaa5967403d082aa24f35e1b516d23)
Start importing Assets/Brick Project Studio/Apartment Kit/Common/Materials/Misc/Canvas_Nat_03-04.mat using Guid(76a081e3e3664a443af0a878387b200e) Importer(2089858483,0ecaa5967403d082aa24f35e1b516d23) Generated GUIDs only implemented for interfaces!
 -> (artifact id: 'bc74f57b76e9fd299bb2931d4eca28d0') in 0.030836 seconds
Number of updated asset objects reloaded before import = 0
Number of asset objects unloaded after import = 3
========================================================================
Received Import Request.
  Time since last request: 0.000032 seconds.
  path: Assets/texture/wall_texture.png
  artifactKey: Guid(51080c343551f314e86e8567a94aeadd) Importer(2089858483,0ecaa5967403d082aa24f35e1b516d23)
Start importing Assets/texture/wall_texture.png using Guid(51080c343551f314e86e8567a94aeadd) Importer(2089858483,0ecaa5967403d082aa24f35e1b516d23) Generated GUIDs only implemented for interfaces!
 -> (artifact id: 'b4c2a07d901abf34e11633a61cc05d32') in 0.040009 seconds
Number of updated asset objects reloaded before import = 0
Number of asset objects unloaded after import = 1
========================================================================
Received Import Request.
  Time since last request: 0.000098 seconds.
  path: Assets/Brick Project Studio/_BPS Basic Assets/_Prefabs/Fire/Small Flame.prefab
  artifactKey: Guid(b62dfcfd3c5f1934aa61c3c462ee104a) Importer(2089858483,0ecaa5967403d082aa24f35e1b516d23)
Start importing Assets/Brick Project Studio/_BPS Basic Assets/_Prefabs/Fire/Small Flame.prefab using Guid(b62dfcfd3c5f1934aa61c3c462ee104a) Importer(2089858483,0ecaa5967403d082aa24f35e1b516d23) Generated GUIDs only implemented for interfaces!
 -> (artifact id: '6fd7d165b212e81c4fba3acda91cfc14') in 0.117694 seconds
Number of updated asset objects reloaded before import = 0
Number of asset objects unloaded after import = 21
========================================================================
Received Import Request.
  Time since last request: 0.000021 seconds.
  path: Assets/Brick Project Studio/Apartment Kit/Scenes/FPS Day.asset
  artifactKey: Guid(e3182bcc24e537a4cabcb81980a6a669) Importer(2089858483,0ecaa5967403d082aa24f35e1b516d23)
Start importing Assets/Brick Project Studio/Apartment Kit/Scenes/FPS Day.asset using Guid(e3182bcc24e537a4cabcb81980a6a669) Importer(2089858483,0ecaa5967403d082aa24f35e1b516d23) Generated GUIDs only implemented for interfaces!
 -> (artifact id: 'c63a002bf01481a5168d6d61ffd25ea8') in 0.013612 seconds
Number of updated asset objects reloaded before import = 0
Number of asset objects unloaded after import = 1
========================================================================
Received Import Request.
  Time since last request: 0.000021 seconds.
  path: Assets/Brick Project Studio/Apartment Kit/Common/Materials/Misc/Canvas_Painting_02.mat
  artifactKey: Guid(70c663d62a3d11442934efad3b175b35) Importer(2089858483,0ecaa5967403d082aa24f35e1b516d23)
Start importing Assets/Brick Project Studio/Apartment Kit/Common/Materials/Misc/Canvas_Painting_02.mat using Guid(70c663d62a3d11442934efad3b175b35) Importer(2089858483,0ecaa5967403d082aa24f35e1b516d23) Generated GUIDs only implemented for interfaces!
 -> (artifact id: '4b3d0ab81b87d295cb27aad61f658b2c') in 0.021636 seconds
Number of updated asset objects reloaded before import = 0
Number of asset objects unloaded after import = 3
========================================================================
Received Import Request.
  Time since last request: 0.000022 seconds.
  path: Assets/Brick Project Studio/Apartment Kit/Common/Materials/Misc/Canvas_Nat_06-07.mat
  artifactKey: Guid(fad41da6b0b4a274ea1daeb98b3d6b9b) Importer(2089858483,0ecaa5967403d082aa24f35e1b516d23)
Start importing Assets/Brick Project Studio/Apartment Kit/Common/Materials/Misc/Canvas_Nat_06-07.mat using Guid(fad41da6b0b4a274ea1daeb98b3d6b9b) Importer(2089858483,0ecaa5967403d082aa24f35e1b516d23) Generated GUIDs only implemented for interfaces!
 -> (artifact id: '5ab3fb757707fadda146db1832054035') in 0.021400 seconds
Number of updated asset objects reloaded before import = 0
Number of asset objects unloaded after import = 3
========================================================================
Received Import Request.
  Time since last request: 0.000022 seconds.
  path: Assets/Brick Project Studio/Apartment Kit/Common/Materials/Misc/WallArt_Apt_04.mat
  artifactKey: Guid(e32acc80d36988b4ca659c27108c4d69) Importer(2089858483,0ecaa5967403d082aa24f35e1b516d23)
Start importing Assets/Brick Project Studio/Apartment Kit/Common/Materials/Misc/WallArt_Apt_04.mat using Guid(e32acc80d36988b4ca659c27108c4d69) Importer(2089858483,0ecaa5967403d082aa24f35e1b516d23) Generated GUIDs only implemented for interfaces!
 -> (artifact id: '357cea95e205d865dcfe6a64b8eaae05') in 0.015857 seconds
Number of updated asset objects reloaded before import = 0
Number of asset objects unloaded after import = 2
========================================================================
Received Import Request.
  Time since last request: 0.000035 seconds.
  path: Assets/Brick Project Studio/Apartment Kit/Common/Materials/Misc/Painting.mat
  artifactKey: Guid(450760a940231c348ab7f9bfdc460276) Importer(2089858483,0ecaa5967403d082aa24f35e1b516d23)
Start importing Assets/Brick Project Studio/Apartment Kit/Common/Materials/Misc/Painting.mat using Guid(450760a940231c348ab7f9bfdc460276) Importer(2089858483,0ecaa5967403d082aa24f35e1b516d23) Generated GUIDs only implemented for interfaces!
 -> (artifact id: '3c9d7860c2206aa2f7b999a4c76e515a') in 0.015918 seconds
Number of updated asset objects reloaded before import = 0
Number of asset objects unloaded after import = 2
========================================================================
Received Import Request.
  Time since last request: 0.000020 seconds.
  path: Assets/Brick Project Studio/Apartment Kit/Common/Materials/Surface/Glass Wine Bottle Wrapper 02.mat
  artifactKey: Guid(5d5f7ba22899a774081673e045e96cc5) Importer(2089858483,0ecaa5967403d082aa24f35e1b516d23)
Start importing Assets/Brick Project Studio/Apartment Kit/Common/Materials/Surface/Glass Wine Bottle Wrapper 02.mat using Guid(5d5f7ba22899a774081673e045e96cc5) Importer(2089858483,0ecaa5967403d082aa24f35e1b516d23) Generated GUIDs only implemented for interfaces!
 -> (artifact id: '624332984519f3e310f989e92e87097f') in 0.016498 seconds
Number of updated asset objects reloaded before import = 0
Number of asset objects unloaded after import = 1
========================================================================
Received Import Request.
  Time since last request: 0.000023 seconds.
  path: Assets/Brick Project Studio/Apartment Kit/Common/Models/Apt_Furniture_02.fbx
  artifactKey: Guid(95cac277c5a04ef43add167566755e63) Importer(2089858483,0ecaa5967403d082aa24f35e1b516d23)
Start importing Assets/Brick Project Studio/Apartment Kit/Common/Models/Apt_Furniture_02.fbx using Guid(95cac277c5a04ef43add167566755e63) Importer(2089858483,0ecaa5967403d082aa24f35e1b516d23) Generated GUIDs only implemented for interfaces!
 -> (artifact id: 'f2709cc50aeb7d098779a18512d7cd80') in 0.081081 seconds
Number of updated asset objects reloaded before import = 0
Number of asset objects unloaded after import = 279
========================================================================
Received Import Request.
  Time since last request: 0.000026 seconds.
  path: Assets/Brick Project Studio/Apartment Kit/Common/Materials/Misc/keyboard_01.mat
  artifactKey: Guid(82dc13826f8c00040b92c94337944a2f) Importer(2089858483,0ecaa5967403d082aa24f35e1b516d23)
Start importing Assets/Brick Project Studio/Apartment Kit/Common/Materials/Misc/keyboard_01.mat using Guid(82dc13826f8c00040b92c94337944a2f) Importer(2089858483,0ecaa5967403d082aa24f35e1b516d23) Generated GUIDs only implemented for interfaces!
 -> (artifact id: '424cb7cca24069b32d18cf09316a9110') in 0.018904 seconds
Number of updated asset objects reloaded before import = 0
Number of asset objects unloaded after import = 3
========================================================================
Received Import Request.
  Time since last request: 0.000026 seconds.
  path: Assets/Brick Project Studio/Apartment Kit/Common/Materials/Misc/Colors_apt_01.mat
  artifactKey: Guid(ef29f2ebae532ed4291b1e9ad9cc45a5) Importer(2089858483,0ecaa5967403d082aa24f35e1b516d23)
Start importing Assets/Brick Project Studio/Apartment Kit/Common/Materials/Misc/Colors_apt_01.mat using Guid(ef29f2ebae532ed4291b1e9ad9cc45a5) Importer(2089858483,0ecaa5967403d082aa24f35e1b516d23) Generated GUIDs only implemented for interfaces!
 -> (artifact id: '33af67b61cf11c10df3d5d9f621bd43c') in 0.018040 seconds
Number of updated asset objects reloaded before import = 0
Number of asset objects unloaded after import = 2
========================================================================
Received Import Request.
  Time since last request: 0.000016 seconds.
  path: Assets/Brick Project Studio/Apartment Kit/Common/Models/wine thin glass.fbx
  artifactKey: Guid(09cb81f6ddeeb3046979371d041373b5) Importer(2089858483,0ecaa5967403d082aa24f35e1b516d23)
Start importing Assets/Brick Project Studio/Apartment Kit/Common/Models/wine thin glass.fbx using Guid(09cb81f6ddeeb3046979371d041373b5) Importer(2089858483,0ecaa5967403d082aa24f35e1b516d23) Generated GUIDs only implemented for interfaces!
 -> (artifact id: '0b8da54074f464d7287d21189b1f9cc6') in 0.031231 seconds
Number of updated asset objects reloaded before import = 0
Number of asset objects unloaded after import = 8
========================================================================
Received Import Request.
  Time since last request: 0.000018 seconds.
  path: Assets/Brick Project Studio/Apartment Kit/Common/Materials/Misc/Lamp 02 Ceiling Shade - On.mat
  artifactKey: Guid(136beb9ca8a36994ca60918c49ee2767) Importer(2089858483,0ecaa5967403d082aa24f35e1b516d23)
Start importing Assets/Brick Project Studio/Apartment Kit/Common/Materials/Misc/Lamp 02 Ceiling Shade - On.mat using Guid(136beb9ca8a36994ca60918c49ee2767) Importer(2089858483,0ecaa5967403d082aa24f35e1b516d23) Generated GUIDs only implemented for interfaces!
 -> (artifact id: '446327fb3eb95a97e5899f8430c667d9') in 0.021376 seconds
Number of updated asset objects reloaded before import = 0
Number of asset objects unloaded after import = 3
========================================================================
Received Import Request.
  Time since last request: 0.000021 seconds.
  path: Assets/Brick Project Studio/Apartment Kit/Common/Materials/Surface/BR_Tile_01.mat
  artifactKey: Guid(aae18af11f5af9d43bb55831bba0ae8f) Importer(2089858483,0ecaa5967403d082aa24f35e1b516d23)
Start importing Assets/Brick Project Studio/Apartment Kit/Common/Materials/Surface/BR_Tile_01.mat using Guid(aae18af11f5af9d43bb55831bba0ae8f) Importer(2089858483,0ecaa5967403d082aa24f35e1b516d23) Generated GUIDs only implemented for interfaces!
 -> (artifact id: '24ad2a8e96feae3fc3e6bc69df6444bf') in 0.023098 seconds
Number of updated asset objects reloaded before import = 0
Number of asset objects unloaded after import = 3
========================================================================
Received Import Request.
  Time since last request: 0.000034 seconds.
  path: Assets/Brick Project Studio/Apartment Kit/Common/Materials/Surface/CounterTop_01.mat
  artifactKey: Guid(656eb32607aaaed4590ee8c05d00282f) Importer(2089858483,0ecaa5967403d082aa24f35e1b516d23)
Start importing Assets/Brick Project Studio/Apartment Kit/Common/Materials/Surface/CounterTop_01.mat using Guid(656eb32607aaaed4590ee8c05d00282f) Importer(2089858483,0ecaa5967403d082aa24f35e1b516d23) Generated GUIDs only implemented for interfaces!
 -> (artifact id: '30768fad361f8e92d87d34c03b16ab8d') in 0.019916 seconds
Number of updated asset objects reloaded before import = 0
Number of asset objects unloaded after import = 4
========================================================================
Received Import Request.
  Time since last request: 0.000019 seconds.
  path: Assets/Brick Project Studio/Apartment Kit/Common/Materials/Misc/Canvas_Nat_01-02.mat
  artifactKey: Guid(da8d66e9aab28f140a44add462e64b02) Importer(2089858483,0ecaa5967403d082aa24f35e1b516d23)
Start importing Assets/Brick Project Studio/Apartment Kit/Common/Materials/Misc/Canvas_Nat_01-02.mat using Guid(da8d66e9aab28f140a44add462e64b02) Importer(2089858483,0ecaa5967403d082aa24f35e1b516d23) Generated GUIDs only implemented for interfaces!
 -> (artifact id: 'e2ccf4f32cb836a646da622a478b914b') in 0.022326 seconds
Number of updated asset objects reloaded before import = 0
Number of asset objects unloaded after import = 3
========================================================================
Received Import Request.
  Time since last request: 0.000019 seconds.
  path: Assets/Brick Project Studio/Apartment Kit/Common/Models/Apt_Furniture_01.fbx
  artifactKey: Guid(7a1dd57bd8b6ca44cbf5f922801b2975) Importer(2089858483,0ecaa5967403d082aa24f35e1b516d23)
Start importing Assets/Brick Project Studio/Apartment Kit/Common/Models/Apt_Furniture_01.fbx using Guid(7a1dd57bd8b6ca44cbf5f922801b2975) Importer(2089858483,0ecaa5967403d082aa24f35e1b516d23) Generated GUIDs only implemented for interfaces!
 -> (artifact id: '5474b626edea57b92375996d0b09e402') in 0.106804 seconds
Number of updated asset objects reloaded before import = 0
Number of asset objects unloaded after import = 379
========================================================================
Received Import Request.
  Time since last request: 0.000027 seconds.
  path: Assets/Brick Project Studio/Apartment Kit/Common/Scripts & Animation/Windows/Closingwindow.anim
  artifactKey: Guid(6d03ded07380c2345bc09599eb0099b8) Importer(2089858483,0ecaa5967403d082aa24f35e1b516d23)
Start importing Assets/Brick Project Studio/Apartment Kit/Common/Scripts & Animation/Windows/Closingwindow.anim using Guid(6d03ded07380c2345bc09599eb0099b8) Importer(2089858483,0ecaa5967403d082aa24f35e1b516d23) Generated GUIDs only implemented for interfaces!
 -> (artifact id: '6a2f1cf213b6d0ac2574fbca5edfed38') in 0.017453 seconds
Number of updated asset objects reloaded before import = 0
Number of asset objects unloaded after import = 1
========================================================================
Received Import Request.
  Time since last request: 0.000017 seconds.
  path: Assets/Brick Project Studio/Apartment Kit/Common/Materials/Surface/WhiteDull.mat
  artifactKey: Guid(ac3fc719b726a894c8420c2dfeb24547) Importer(2089858483,0ecaa5967403d082aa24f35e1b516d23)
Start importing Assets/Brick Project Studio/Apartment Kit/Common/Materials/Surface/WhiteDull.mat using Guid(ac3fc719b726a894c8420c2dfeb24547) Importer(2089858483,0ecaa5967403d082aa24f35e1b516d23) Generated GUIDs only implemented for interfaces!
 -> (artifact id: 'af5db5283728d0eb9979d81126b60055') in 0.016466 seconds
Number of updated asset objects reloaded before import = 0
Number of asset objects unloaded after import = 1
========================================================================
Received Import Request.
  Time since last request: 0.000017 seconds.
  path: Assets/Brick Project Studio/Apartment Kit/Common/Scripts & Animation/TableFlip/TableFlipR.cs
  artifactKey: Guid(7623a6b81839bee4e8ba39905f3df1b0) Importer(2089858483,0ecaa5967403d082aa24f35e1b516d23)
Start importing Assets/Brick Project Studio/Apartment Kit/Common/Scripts & Animation/TableFlip/TableFlipR.cs using Guid(7623a6b81839bee4e8ba39905f3df1b0) Importer(2089858483,0ecaa5967403d082aa24f35e1b516d23) Generated GUIDs only implemented for interfaces!
 -> (artifact id: 'b7b071e29d15ce6e1eef4919ceef2dac') in 0.014783 seconds
Number of updated asset objects reloaded before import = 0
Number of asset objects unloaded after import = 1
========================================================================
Received Import Request.
  Time since last request: 0.000077 seconds.
  path: Assets/Brick Project Studio/Apartment Kit/Common/Materials/Surface/Porcelain_01.mat
  artifactKey: Guid(460d4e0c91ed8c5439e09b9b3b47c398) Importer(2089858483,0ecaa5967403d082aa24f35e1b516d23)
Start importing Assets/Brick Project Studio/Apartment Kit/Common/Materials/Surface/Porcelain_01.mat using Guid(460d4e0c91ed8c5439e09b9b3b47c398) Importer(2089858483,0ecaa5967403d082aa24f35e1b516d23) Generated GUIDs only implemented for interfaces!
 -> (artifact id: '473b4f74584e167857bde4eb4601ae17') in 0.016459 seconds
Number of updated asset objects reloaded before import = 0
Number of asset objects unloaded after import = 1
========================================================================
Received Import Request.
  Time since last request: 0.000020 seconds.
  path: Assets/Brick Project Studio/Apartment Kit/Common/Scripts & Animation/Slide/ClosingSlide.anim
  artifactKey: Guid(cb785e67ca26b2e4689e65053a5108ed) Importer(2089858483,0ecaa5967403d082aa24f35e1b516d23)
Start importing Assets/Brick Project Studio/Apartment Kit/Common/Scripts & Animation/Slide/ClosingSlide.anim using Guid(cb785e67ca26b2e4689e65053a5108ed) Importer(2089858483,0ecaa5967403d082aa24f35e1b516d23) Generated GUIDs only implemented for interfaces!
 -> (artifact id: 'af0640aafab7489486eacfd17b7e7932') in 0.015402 seconds
Number of updated asset objects reloaded before import = 0
Number of asset objects unloaded after import = 1
========================================================================
Received Import Request.
  Time since last request: 0.000029 seconds.
  path: Assets/Brick Project Studio/Apartment Kit/Common/Scripts & Animation/Closet/ClosetDoor_Base.controller
  artifactKey: Guid(6a53b8c24a752874da87800383dbdf1e) Importer(2089858483,0ecaa5967403d082aa24f35e1b516d23)
Start importing Assets/Brick Project Studio/Apartment Kit/Common/Scripts & Animation/Closet/ClosetDoor_Base.controller using Guid(6a53b8c24a752874da87800383dbdf1e) Importer(2089858483,0ecaa5967403d082aa24f35e1b516d23) Generated GUIDs only implemented for interfaces!
 -> (artifact id: '5b2be49a780621729a3a08760e5e21ce') in 0.017413 seconds
Number of updated asset objects reloaded before import = 0
Number of asset objects unloaded after import = 7
========================================================================
Received Import Request.
  Time since last request: 0.000020 seconds.
  path: Assets/Brick Project Studio/Apartment Kit/Common/Scripts & Animation/Closet/ClosetOpening.anim
  artifactKey: Guid(7ec53f8a7d5488646b4529a5308cc732) Importer(2089858483,0ecaa5967403d082aa24f35e1b516d23)
Start importing Assets/Brick Project Studio/Apartment Kit/Common/Scripts & Animation/Closet/ClosetOpening.anim using Guid(7ec53f8a7d5488646b4529a5308cc732) Importer(2089858483,0ecaa5967403d082aa24f35e1b516d23) Generated GUIDs only implemented for interfaces!
 -> (artifact id: '67c23a5bbd12170753fa5c4a499718d0') in 0.013819 seconds
Number of updated asset objects reloaded before import = 0
Number of asset objects unloaded after import = 1
========================================================================
Received Import Request.
  Time since last request: 0.000018 seconds.
  path: Assets/Brick Project Studio/Apartment Kit/Common/Materials/Surface/RedLight_01.mat
  artifactKey: Guid(4bb7c435fb1657c42a9ec5ad46b7100a) Importer(2089858483,0ecaa5967403d082aa24f35e1b516d23)
Start importing Assets/Brick Project Studio/Apartment Kit/Common/Materials/Surface/RedLight_01.mat using Guid(4bb7c435fb1657c42a9ec5ad46b7100a) Importer(2089858483,0ecaa5967403d082aa24f35e1b516d23) Generated GUIDs only implemented for interfaces!
 -> (artifact id: '00fa03ef164a6f46e6b4050ac66b6aab') in 0.016175 seconds
Number of updated asset objects reloaded before import = 0
Number of asset objects unloaded after import = 1
========================================================================
Received Import Request.
  Time since last request: 0.000015 seconds.
  path: Assets/Brick Project Studio/Apartment Kit/Common/Scripts & Animation/OvenOpen/OpenOven.anim
  artifactKey: Guid(075eb7678139ac54ba0efbab5c4b1255) Importer(2089858483,0ecaa5967403d082aa24f35e1b516d23)
Start importing Assets/Brick Project Studio/Apartment Kit/Common/Scripts & Animation/OvenOpen/OpenOven.anim using Guid(075eb7678139ac54ba0efbab5c4b1255) Importer(2089858483,0ecaa5967403d082aa24f35e1b516d23) Generated GUIDs only implemented for interfaces!
 -> (artifact id: '7d098de703bd76d79355317718fb41f0') in 0.017090 seconds
Number of updated asset objects reloaded before import = 0
Number of asset objects unloaded after import = 1
========================================================================
Received Import Request.
  Time since last request: 0.000020 seconds.
  path: Assets/Brick Project Studio/Apartment Kit/Common/Scripts & Animation/Slide/BRGlassDoorOpen.anim
  artifactKey: Guid(e009d087cbd87214dbd4c7da483617f2) Importer(2089858483,0ecaa5967403d082aa24f35e1b516d23)
Start importing Assets/Brick Project Studio/Apartment Kit/Common/Scripts & Animation/Slide/BRGlassDoorOpen.anim using Guid(e009d087cbd87214dbd4c7da483617f2) Importer(2089858483,0ecaa5967403d082aa24f35e1b516d23) Generated GUIDs only implemented for interfaces!
 -> (artifact id: '9a60990735651124db3085fc9a8b77e6') in 0.014673 seconds
Number of updated asset objects reloaded before import = 0
Number of asset objects unloaded after import = 1
========================================================================
Received Import Request.
  Time since last request: 0.000016 seconds.
  path: Assets/Brick Project Studio/Apartment Kit/Common/Scripts & Animation/TableFlip/Rdown.anim
  artifactKey: Guid(74df948863709e64093cc11589b78b30) Importer(2089858483,0ecaa5967403d082aa24f35e1b516d23)
Start importing Assets/Brick Project Studio/Apartment Kit/Common/Scripts & Animation/TableFlip/Rdown.anim using Guid(74df948863709e64093cc11589b78b30) Importer(2089858483,0ecaa5967403d082aa24f35e1b516d23) Generated GUIDs only implemented for interfaces!
 -> (artifact id: '43362463a60da048c841cd1cb32199dd') in 0.016353 seconds
Number of updated asset objects reloaded before import = 0
Number of asset objects unloaded after import = 1
========================================================================
Received Import Request.
  Time since last request: 0.000015 seconds.
  path: Assets/Brick Project Studio/Apartment Kit/Common/Materials/Surface/White Wine.mat
  artifactKey: Guid(aceec14a00995924b88aec0853110efe) Importer(2089858483,0ecaa5967403d082aa24f35e1b516d23)
Start importing Assets/Brick Project Studio/Apartment Kit/Common/Materials/Surface/White Wine.mat using Guid(aceec14a00995924b88aec0853110efe) Importer(2089858483,0ecaa5967403d082aa24f35e1b516d23) Generated GUIDs only implemented for interfaces!
 -> (artifact id: '39168be3f018701f35d3e7f61343a6b7') in 0.018179 seconds
Number of updated asset objects reloaded before import = 0
Number of asset objects unloaded after import = 1
========================================================================
Received Import Request.
  Time since last request: 0.000021 seconds.
  path: Assets/Brick Project Studio/Apartment Kit/Common/Materials/Surface/Shiny Metal_04.mat
  artifactKey: Guid(48852ed51db63954399f7facee033ea4) Importer(2089858483,0ecaa5967403d082aa24f35e1b516d23)
Start importing Assets/Brick Project Studio/Apartment Kit/Common/Materials/Surface/Shiny Metal_04.mat using Guid(48852ed51db63954399f7facee033ea4) Importer(2089858483,0ecaa5967403d082aa24f35e1b516d23) Generated GUIDs only implemented for interfaces!
 -> (artifact id: '7f760c63027e9b613e1f6d28d4c621ee') in 0.015836 seconds
Number of updated asset objects reloaded before import = 0
Number of asset objects unloaded after import = 1
========================================================================
Received Import Request.
  Time since last request: 0.000023 seconds.
  path: Assets/Brick Project Studio/Apartment Kit/Common/Models/lamp.fbx
  artifactKey: Guid(693cb6a41bc2205409161bed0f51fdca) Importer(2089858483,0ecaa5967403d082aa24f35e1b516d23)
Start importing Assets/Brick Project Studio/Apartment Kit/Common/Models/lamp.fbx using Guid(693cb6a41bc2205409161bed0f51fdca) Importer(2089858483,0ecaa5967403d082aa24f35e1b516d23) Generated GUIDs only implemented for interfaces!
 -> (artifact id: 'fff783ff4eda752905a1548c5f438a4a') in 0.035324 seconds
Number of updated asset objects reloaded before import = 0
Number of asset objects unloaded after import = 23
========================================================================
Received Import Request.
  Time since last request: 0.000020 seconds.
  path: Assets/Brick Project Studio/Apartment Kit/Common/Materials/Surface/Burlap_01.mat
  artifactKey: Guid(4c3e122e15d5d984083bffaa2d094ff5) Importer(2089858483,0ecaa5967403d082aa24f35e1b516d23)
Start importing Assets/Brick Project Studio/Apartment Kit/Common/Materials/Surface/Burlap_01.mat using Guid(4c3e122e15d5d984083bffaa2d094ff5) Importer(2089858483,0ecaa5967403d082aa24f35e1b516d23) Generated GUIDs only implemented for interfaces!
 -> (artifact id: 'adce6bd99f70bd0d580a47e454b0148f') in 0.024080 seconds
Number of updated asset objects reloaded before import = 0
Number of asset objects unloaded after import = 3
========================================================================
Received Import Request.
  Time since last request: 0.000017 seconds.
  path: Assets/Brick Project Studio/Apartment Kit/Common/Materials/Surface/Shiny Metal_01.mat
  artifactKey: Guid(cf467f7163d9eb14ca56735e8000eccb) Importer(2089858483,0ecaa5967403d082aa24f35e1b516d23)
Start importing Assets/Brick Project Studio/Apartment Kit/Common/Materials/Surface/Shiny Metal_01.mat using Guid(cf467f7163d9eb14ca56735e8000eccb) Importer(2089858483,0ecaa5967403d082aa24f35e1b516d23) Generated GUIDs only implemented for interfaces!
 -> (artifact id: '06cff72465268d4518bbde323e344247') in 0.014501 seconds
Number of updated asset objects reloaded before import = 0
Number of asset objects unloaded after import = 1
========================================================================
Received Import Request.
  Time since last request: 0.000020 seconds.
  path: Assets/Brick Project Studio/Apartment Kit/Common/Materials/Surface/Plastic_02.mat
  artifactKey: Guid(a2c29511873a89c4b8ec41360c9dd9cf) Importer(2089858483,0ecaa5967403d082aa24f35e1b516d23)
Start importing Assets/Brick Project Studio/Apartment Kit/Common/Materials/Surface/Plastic_02.mat using Guid(a2c29511873a89c4b8ec41360c9dd9cf) Importer(2089858483,0ecaa5967403d082aa24f35e1b516d23) Generated GUIDs only implemented for interfaces!
 -> (artifact id: '359574b1bb8763eb30e54e81d6ef9604') in 0.021288 seconds
Number of updated asset objects reloaded before import = 0
Number of asset objects unloaded after import = 4
========================================================================
Received Import Request.
  Time since last request: 0.000039 seconds.
  path: Assets/Brick Project Studio/Apartment Kit/Common/Materials/Misc/DoorMat_01.mat
  artifactKey: Guid(cca629179fca3a14ab08d0f1cc0ecce3) Importer(2089858483,0ecaa5967403d082aa24f35e1b516d23)
Start importing Assets/Brick Project Studio/Apartment Kit/Common/Materials/Misc/DoorMat_01.mat using Guid(cca629179fca3a14ab08d0f1cc0ecce3) Importer(2089858483,0ecaa5967403d082aa24f35e1b516d23) Generated GUIDs only implemented for interfaces!
 -> (artifact id: 'd63693f6c9e0f896e48627a0268d2256') in 0.018009 seconds
Number of updated asset objects reloaded before import = 0
Number of asset objects unloaded after import = 3
========================================================================
Received Import Request.
  Time since last request: 0.000017 seconds.
  path: Assets/Brick Project Studio/Apartment Kit/Common/Models/Canvas_nat_05-08.fbx
  artifactKey: Guid(a8438cccd23b3f34286e66bd2d00626a) Importer(2089858483,0ecaa5967403d082aa24f35e1b516d23)
Start importing Assets/Brick Project Studio/Apartment Kit/Common/Models/Canvas_nat_05-08.fbx using Guid(a8438cccd23b3f34286e66bd2d00626a) Importer(2089858483,0ecaa5967403d082aa24f35e1b516d23) Generated GUIDs only implemented for interfaces!
 -> (artifact id: 'ad3fd850ff1a43acb3ac77ef19165456') in 0.029753 seconds
Number of updated asset objects reloaded before import = 0
Number of asset objects unloaded after import = 24
========================================================================
Received Import Request.
  Time since last request: 0.000020 seconds.
  path: Assets/Brick Project Studio/_BPS Basic Assets/_Prefabs/Fire/Candle Flame.prefab
  artifactKey: Guid(76ba1ca0f3bd5de408854a87c409fe9c) Importer(2089858483,0ecaa5967403d082aa24f35e1b516d23)
Start importing Assets/Brick Project Studio/_BPS Basic Assets/_Prefabs/Fire/Candle Flame.prefab using Guid(76ba1ca0f3bd5de408854a87c409fe9c) Importer(2089858483,0ecaa5967403d082aa24f35e1b516d23) Generated GUIDs only implemented for interfaces!
 -> (artifact id: 'd049b5b8c05ed08ee46af62e27a04fb6') in 0.074427 seconds
Number of updated asset objects reloaded before import = 0
Number of asset objects unloaded after import = 21
========================================================================
Received Import Request.
  Time since last request: 0.000018 seconds.
  path: Assets/Brick Project Studio/Apartment Kit/Common/Materials/Surface/Brushed Metal_Gold.mat
  artifactKey: Guid(84a1ffeca40e4c6439b0a1f93b4d287c) Importer(2089858483,0ecaa5967403d082aa24f35e1b516d23)
Start importing Assets/Brick Project Studio/Apartment Kit/Common/Materials/Surface/Brushed Metal_Gold.mat using Guid(84a1ffeca40e4c6439b0a1f93b4d287c) Importer(2089858483,0ecaa5967403d082aa24f35e1b516d23) Generated GUIDs only implemented for interfaces!
 -> (artifact id: 'a93e73972dd8c23b625983dafac3b76b') in 0.019583 seconds
Number of updated asset objects reloaded before import = 0
Number of asset objects unloaded after import = 3
========================================================================
Received Import Request.
  Time since last request: 0.000015 seconds.
  path: Assets/Brick Project Studio/Apartment Kit/Common/Materials/Interior Exterior/Int_Apt_02.mat
  artifactKey: Guid(1189fd509fb646c4bbef59dd93c02b71) Importer(2089858483,0ecaa5967403d082aa24f35e1b516d23)
Start importing Assets/Brick Project Studio/Apartment Kit/Common/Materials/Interior Exterior/Int_Apt_02.mat using Guid(1189fd509fb646c4bbef59dd93c02b71) Importer(2089858483,0ecaa5967403d082aa24f35e1b516d23) Generated GUIDs only implemented for interfaces!
 -> (artifact id: '7c3fafeedab63de7b86579de4eb1734d') in 0.024301 seconds
Number of updated asset objects reloaded before import = 0
Number of asset objects unloaded after import = 3
========================================================================
Received Import Request.
  Time since last request: 0.000023 seconds.
  path: Assets/Brick Project Studio/Apartment Kit/Common/Materials/Surface/Glass_Dark.mat
  artifactKey: Guid(cc90876a24c95974baf293258366d22d) Importer(2089858483,0ecaa5967403d082aa24f35e1b516d23)
Start importing Assets/Brick Project Studio/Apartment Kit/Common/Materials/Surface/Glass_Dark.mat using Guid(cc90876a24c95974baf293258366d22d) Importer(2089858483,0ecaa5967403d082aa24f35e1b516d23) Generated GUIDs only implemented for interfaces!
 -> (artifact id: 'ec277810ede321e225191fdc494bf702') in 0.018374 seconds
Number of updated asset objects reloaded before import = 0
Number of asset objects unloaded after import = 1
========================================================================
Received Import Request.
  Time since last request: 0.000018 seconds.
  path: Assets/Brick Project Studio/Apartment Kit/Common/Materials/Surface/LampShadeFabric_On.mat
  artifactKey: Guid(625ca8b0c9507cd4d8685b336560db6d) Importer(2089858483,0ecaa5967403d082aa24f35e1b516d23)
Start importing Assets/Brick Project Studio/Apartment Kit/Common/Materials/Surface/LampShadeFabric_On.mat using Guid(625ca8b0c9507cd4d8685b336560db6d) Importer(2089858483,0ecaa5967403d082aa24f35e1b516d23) Generated GUIDs only implemented for interfaces!
 -> (artifact id: 'f69fb3e128bdb229b63612e07126c57c') in 0.020122 seconds
Number of updated asset objects reloaded before import = 0
Number of asset objects unloaded after import = 3
========================================================================
Received Import Request.
  Time since last request: 0.000019 seconds.
  path: Assets/Brick Project Studio/_BPS Basic Assets/_Prefabs/Legacy/Base Room Scene.prefab
  artifactKey: Guid(42ded4a9b41e76d46bb90a3e35072cf7) Importer(2089858483,0ecaa5967403d082aa24f35e1b516d23)
Start importing Assets/Brick Project Studio/_BPS Basic Assets/_Prefabs/Legacy/Base Room Scene.prefab using Guid(42ded4a9b41e76d46bb90a3e35072cf7) Importer(2089858483,0ecaa5967403d082aa24f35e1b516d23) Generated GUIDs only implemented for interfaces!
 -> (artifact id: '8c1f6a5a0ee6747cfc307cb84e328327') in 0.017715 seconds
Number of updated asset objects reloaded before import = 0
Number of asset objects unloaded after import = 67
========================================================================
Received Import Request.
  Time since last request: 0.000027 seconds.
  path: Assets/Brick Project Studio/Apartment Kit/Scenes/Quitgame.cs
  artifactKey: Guid(899a71306a1974c4c887d977bab22ef8) Importer(2089858483,0ecaa5967403d082aa24f35e1b516d23)
Start importing Assets/Brick Project Studio/Apartment Kit/Scenes/Quitgame.cs using Guid(899a71306a1974c4c887d977bab22ef8) Importer(2089858483,0ecaa5967403d082aa24f35e1b516d23) Generated GUIDs only implemented for interfaces!
 -> (artifact id: '585250876e60478a584bcbd12153b69d') in 0.016066 seconds
Number of updated asset objects reloaded before import = 0
Number of asset objects unloaded after import = 1
========================================================================
Received Import Request.
  Time since last request: 0.000042 seconds.
  path: Assets/Brick Project Studio/Apartment Kit/Common/Models/Kitchen_01.fbx
  artifactKey: Guid(2a83511a782a6aa4dafed1f5a2bd3803) Importer(2089858483,0ecaa5967403d082aa24f35e1b516d23)
Start importing Assets/Brick Project Studio/Apartment Kit/Common/Models/Kitchen_01.fbx using Guid(2a83511a782a6aa4dafed1f5a2bd3803) Importer(2089858483,0ecaa5967403d082aa24f35e1b516d23) Generated GUIDs only implemented for interfaces!
 -> (artifact id: '41be478ae1ecbdf9525a46c793da0bd1') in 0.144135 seconds
Number of updated asset objects reloaded before import = 0
Number of asset objects unloaded after import = 659
========================================================================
Received Import Request.
  Time since last request: 0.000031 seconds.
  path: Assets/Brick Project Studio/Apartment Kit/Common/Textures/Misc/Lamp 02 Ceiling Shade.png
  artifactKey: Guid(36f3754f68178f149b9d58c226e14abb) Importer(2089858483,0ecaa5967403d082aa24f35e1b516d23)
Start importing Assets/Brick Project Studio/Apartment Kit/Common/Textures/Misc/Lamp 02 Ceiling Shade.png using Guid(36f3754f68178f149b9d58c226e14abb) Importer(2089858483,0ecaa5967403d082aa24f35e1b516d23) Generated GUIDs only implemented for interfaces!
 -> (artifact id: '8726822e4f94ae69d6977657462d82c4') in 0.042935 seconds
Number of updated asset objects reloaded before import = 0
Number of asset objects unloaded after import = 1
========================================================================
Received Import Request.
  Time since last request: 0.000020 seconds.
  path: Assets/Brick Project Studio/Apartment Kit/Common/Textures/Misc/Lamp 02 Table.png
  artifactKey: Guid(7f9782bc8a3dd044ba1c3077976b8b8f) Importer(2089858483,0ecaa5967403d082aa24f35e1b516d23)
Start importing Assets/Brick Project Studio/Apartment Kit/Common/Textures/Misc/Lamp 02 Table.png using Guid(7f9782bc8a3dd044ba1c3077976b8b8f) Importer(2089858483,0ecaa5967403d082aa24f35e1b516d23) Generated GUIDs only implemented for interfaces!
 -> (artifact id: 'eb9fba9849fab505e40806fa09ccac8e') in 0.041069 seconds
Number of updated asset objects reloaded before import = 0
Number of asset objects unloaded after import = 1
========================================================================
Received Import Request.
  Time since last request: 0.000043 seconds.
  path: Assets/Brick Project Studio/Apartment Kit/Common/Textures/Interior Exterior/Ext_Apt_WallFloor_01_N.png
  artifactKey: Guid(0291337013d67bd4ca83920be0c11749) Importer(2089858483,0ecaa5967403d082aa24f35e1b516d23)
Start importing Assets/Brick Project Studio/Apartment Kit/Common/Textures/Interior Exterior/Ext_Apt_WallFloor_01_N.png using Guid(0291337013d67bd4ca83920be0c11749) Importer(2089858483,0ecaa5967403d082aa24f35e1b516d23) Generated GUIDs only implemented for interfaces!
 -> (artifact id: '9d7141bf233a9df46dcd684cdfbe4256') in 0.057119 seconds
Number of updated asset objects reloaded before import = 0
Number of asset objects unloaded after import = 1
========================================================================
Received Import Request.
  Time since last request: 0.000017 seconds.
  path: Assets/Brick Project Studio/Apartment Kit/Common/Textures/Misc/Art_04.png
  artifactKey: Guid(93aed1f0d891f3440880dcc4154ccbf5) Importer(2089858483,0ecaa5967403d082aa24f35e1b516d23)
Start importing Assets/Brick Project Studio/Apartment Kit/Common/Textures/Misc/Art_04.png using Guid(93aed1f0d891f3440880dcc4154ccbf5) Importer(2089858483,0ecaa5967403d082aa24f35e1b516d23) Generated GUIDs only implemented for interfaces!
 -> (artifact id: 'e962ab86b17313e04fde21dab49e5c0a') in 0.036587 seconds
Number of updated asset objects reloaded before import = 0
Number of asset objects unloaded after import = 1
========================================================================
Received Import Request.
  Time since last request: 0.000021 seconds.
  path: Assets/Brick Project Studio/Apartment Kit/Common/Textures/Misc/DisfusedVase_01_Normal.png
  artifactKey: Guid(97af9a37fdf040a45a29544592e4e022) Importer(2089858483,0ecaa5967403d082aa24f35e1b516d23)
Start importing Assets/Brick Project Studio/Apartment Kit/Common/Textures/Misc/DisfusedVase_01_Normal.png using Guid(97af9a37fdf040a45a29544592e4e022) Importer(2089858483,0ecaa5967403d082aa24f35e1b516d23) Generated GUIDs only implemented for interfaces!
 -> (artifact id: '89ab7f95cad5ea31ddb10d89cd44e68b') in 0.036159 seconds
Number of updated asset objects reloaded before import = 0
Number of asset objects unloaded after import = 1
========================================================================
Received Import Request.
  Time since last request: 0.000015 seconds.
  path: Assets/Brick Project Studio/Apartment Kit/Common/Textures/Misc/Int_Apt_03_N.png
  artifactKey: Guid(c02994762ef6b4f42b74972ac7ff03f8) Importer(2089858483,0ecaa5967403d082aa24f35e1b516d23)
Start importing Assets/Brick Project Studio/Apartment Kit/Common/Textures/Misc/Int_Apt_03_N.png using Guid(c02994762ef6b4f42b74972ac7ff03f8) Importer(2089858483,0ecaa5967403d082aa24f35e1b516d23) Generated GUIDs only implemented for interfaces!
 -> (artifact id: '04b978d933250ea6d03bcf496cf19c0a') in 0.036929 seconds
Number of updated asset objects reloaded before import = 0
Number of asset objects unloaded after import = 1
========================================================================
Received Import Request.
  Time since last request: 0.000105 seconds.
  path: Assets/Brick Project Studio/Apartment Kit/Common/Textures/Misc/keyboard_01_N.png
  artifactKey: Guid(37f203c6a42b6b54ea38024733ee10e5) Importer(2089858483,0ecaa5967403d082aa24f35e1b516d23)
Start importing Assets/Brick Project Studio/Apartment Kit/Common/Textures/Misc/keyboard_01_N.png using Guid(37f203c6a42b6b54ea38024733ee10e5) Importer(2089858483,0ecaa5967403d082aa24f35e1b516d23) Generated GUIDs only implemented for interfaces!
 -> (artifact id: '1f087f7c3b89aae8d7a29c2af6a504cf') in 0.037982 seconds
Number of updated asset objects reloaded before import = 0
Number of asset objects unloaded after import = 1
========================================================================
Received Import Request.
  Time since last request: 0.000093 seconds.
  path: Assets/Brick Project Studio/Apartment Kit/Common/Textures/Misc/DisfusedVase_01.png
  artifactKey: Guid(7a1f0a4cdc44c134c918ac7f2aafd911) Importer(2089858483,0ecaa5967403d082aa24f35e1b516d23)
Start importing Assets/Brick Project Studio/Apartment Kit/Common/Textures/Misc/DisfusedVase_01.png using Guid(7a1f0a4cdc44c134c918ac7f2aafd911) Importer(2089858483,0ecaa5967403d082aa24f35e1b516d23) Generated GUIDs only implemented for interfaces!
 -> (artifact id: 'bf288dcde7ffbf3b3a7d3c88017b2670') in 0.038225 seconds
Number of updated asset objects reloaded before import = 0
Number of asset objects unloaded after import = 1
========================================================================
Received Import Request.
  Time since last request: 0.000050 seconds.
  path: Assets/Brick Project Studio/Apartment Kit/Common/Textures/Interior Exterior/Int_Apt_03_N.png
  artifactKey: Guid(3fe628b28bc9f1840a32714ccf063eb3) Importer(2089858483,0ecaa5967403d082aa24f35e1b516d23)
Start importing Assets/Brick Project Studio/Apartment Kit/Common/Textures/Interior Exterior/Int_Apt_03_N.png using Guid(3fe628b28bc9f1840a32714ccf063eb3) Importer(2089858483,0ecaa5967403d082aa24f35e1b516d23) Generated GUIDs only implemented for interfaces!
 -> (artifact id: '9bd97510da0b8e3f99d380be6cb8d484') in 0.038741 seconds
Number of updated asset objects reloaded before import = 0
Number of asset objects unloaded after import = 1
========================================================================
Received Import Request.
  Time since last request: 0.000066 seconds.
  path: Assets/Brick Project Studio/Apartment Kit/Common/Textures/Misc/DoorMat_01_N.png
  artifactKey: Guid(48c0f9d0cc125f34a86acacfc45992b1) Importer(2089858483,0ecaa5967403d082aa24f35e1b516d23)
Start importing Assets/Brick Project Studio/Apartment Kit/Common/Textures/Misc/DoorMat_01_N.png using Guid(48c0f9d0cc125f34a86acacfc45992b1) Importer(2089858483,0ecaa5967403d082aa24f35e1b516d23) Generated GUIDs only implemented for interfaces!
 -> (artifact id: 'ec45fa558c990d636bcd2f0ef77949ac') in 0.037631 seconds
Number of updated asset objects reloaded before import = 0
Number of asset objects unloaded after import = 1
========================================================================
Received Import Request.
  Time since last request: 0.000095 seconds.
  path: Assets/Brick Project Studio/Apartment Kit/Common/Scripts & Animation/Z Axis -1/closepushopp.anim
  artifactKey: Guid(f94f7e35097a14a4ba3f12b7807c707f) Importer(2089858483,0ecaa5967403d082aa24f35e1b516d23)
Start importing Assets/Brick Project Studio/Apartment Kit/Common/Scripts & Animation/Z Axis -1/closepushopp.anim using Guid(f94f7e35097a14a4ba3f12b7807c707f) Importer(2089858483,0ecaa5967403d082aa24f35e1b516d23) Generated GUIDs only implemented for interfaces!
 -> (artifact id: '3fbb2084d56abd91f82346495b9bf9c5') in 0.015407 seconds
Number of updated asset objects reloaded before import = 0
Number of asset objects unloaded after import = 1
========================================================================
Received Import Request.
  Time since last request: 0.000049 seconds.
  path: Assets/Brick Project Studio/Apartment Kit/Common/Textures/Misc/Lamp 02 Standing - Normal.png
  artifactKey: Guid(a71346a04ce3b6848b419c3f9e0cbb3a) Importer(2089858483,0ecaa5967403d082aa24f35e1b516d23)
Start importing Assets/Brick Project Studio/Apartment Kit/Common/Textures/Misc/Lamp 02 Standing - Normal.png using Guid(a71346a04ce3b6848b419c3f9e0cbb3a) Importer(2089858483,0ecaa5967403d082aa24f35e1b516d23) Generated GUIDs only implemented for interfaces!
 -> (artifact id: 'e1d9f0974ba291bae9c717030b766bb0') in 0.040461 seconds
Number of updated asset objects reloaded before import = 0
Number of asset objects unloaded after import = 1
========================================================================
Received Import Request.
  Time since last request: 0.000049 seconds.
  path: Assets/Brick Project Studio/Apartment Kit/Common/Textures/Misc/Canvas_Nat_06-07.png
  artifactKey: Guid(12ba3bed3f75b9a44b3b8f8a6ff90f5d) Importer(2089858483,0ecaa5967403d082aa24f35e1b516d23)
Start importing Assets/Brick Project Studio/Apartment Kit/Common/Textures/Misc/Canvas_Nat_06-07.png using Guid(12ba3bed3f75b9a44b3b8f8a6ff90f5d) Importer(2089858483,0ecaa5967403d082aa24f35e1b516d23) Generated GUIDs only implemented for interfaces!
 -> (artifact id: 'd22d9b82631c11afff4780bad6b5816c') in 0.040151 seconds
Number of updated asset objects reloaded before import = 0
Number of asset objects unloaded after import = 1
========================================================================
Received Import Request.
  Time since last request: 0.000081 seconds.
  path: Assets/Brick Project Studio/Apartment Kit/Common/Textures/Surface/Fabric_01_A.png
  artifactKey: Guid(e9783abdcac23084985c08e4d4dade3b) Importer(2089858483,0ecaa5967403d082aa24f35e1b516d23)
Start importing Assets/Brick Project Studio/Apartment Kit/Common/Textures/Surface/Fabric_01_A.png using Guid(e9783abdcac23084985c08e4d4dade3b) Importer(2089858483,0ecaa5967403d082aa24f35e1b516d23) Generated GUIDs only implemented for interfaces!
 -> (artifact id: '144ccb4cf15401d10f4c4b860b5218e7') in 0.038550 seconds
Number of updated asset objects reloaded before import = 0
Number of asset objects unloaded after import = 1
========================================================================
Received Import Request.
  Time since last request: 0.000075 seconds.
  path: Assets/Brick Project Studio/Apartment Kit/Common/Textures/Surface/CT_Marble_01_M.png
  artifactKey: Guid(25e43ff5427b9ae419d735c303f7afcd) Importer(2089858483,0ecaa5967403d082aa24f35e1b516d23)
Start importing Assets/Brick Project Studio/Apartment Kit/Common/Textures/Surface/CT_Marble_01_M.png using Guid(25e43ff5427b9ae419d735c303f7afcd) Importer(2089858483,0ecaa5967403d082aa24f35e1b516d23) Generated GUIDs only implemented for interfaces!
 -> (artifact id: 'd269ca2ecf22998ed965818cdb90612a') in 0.037440 seconds
Number of updated asset objects reloaded before import = 0
Number of asset objects unloaded after import = 1
========================================================================
Received Import Request.
  Time since last request: 0.000071 seconds.
  path: Assets/Brick Project Studio/Apartment Kit/Common/Textures/Surface/FabricShadeGlow_A.png
  artifactKey: Guid(7a64650033ac05447acbadbe68bf5324) Importer(2089858483,0ecaa5967403d082aa24f35e1b516d23)
Start importing Assets/Brick Project Studio/Apartment Kit/Common/Textures/Surface/FabricShadeGlow_A.png using Guid(7a64650033ac05447acbadbe68bf5324) Importer(2089858483,0ecaa5967403d082aa24f35e1b516d23) Generated GUIDs only implemented for interfaces!
 -> (artifact id: '3cb38c28fcd52a326a5b223930d5a27a') in 0.038122 seconds
Number of updated asset objects reloaded before import = 0
Number of asset objects unloaded after import = 1
========================================================================
Received Import Request.
  Time since last request: 0.000022 seconds.
  path: Assets/Brick Project Studio/Apartment Kit/Common/Textures/Surface/BR_Tile_01_N.png
  artifactKey: Guid(888976efb2fe9a643bb905012d649c04) Importer(2089858483,0ecaa5967403d082aa24f35e1b516d23)
Start importing Assets/Brick Project Studio/Apartment Kit/Common/Textures/Surface/BR_Tile_01_N.png using Guid(888976efb2fe9a643bb905012d649c04) Importer(2089858483,0ecaa5967403d082aa24f35e1b516d23) Generated GUIDs only implemented for interfaces!
 -> (artifact id: 'd145946a0a5f2c18e228a62df3113d98') in 0.039474 seconds
Number of updated asset objects reloaded before import = 0
Number of asset objects unloaded after import = 1
========================================================================
Received Import Request.
  Time since last request: 0.000073 seconds.
  path: Assets/Brick Project Studio/Apartment Kit/Common/Textures/Surface/CastIron_N.png
  artifactKey: Guid(99496fcaeb5bec24ba1bba0387998f15) Importer(2089858483,0ecaa5967403d082aa24f35e1b516d23)
Start importing Assets/Brick Project Studio/Apartment Kit/Common/Textures/Surface/CastIron_N.png using Guid(99496fcaeb5bec24ba1bba0387998f15) Importer(2089858483,0ecaa5967403d082aa24f35e1b516d23) Generated GUIDs only implemented for interfaces!
 -> (artifact id: '4fe7e699814226bdb425ab5303f7a58c') in 0.034049 seconds
Number of updated asset objects reloaded before import = 0
Number of asset objects unloaded after import = 1
========================================================================
Received Import Request.
  Time since last request: 0.000065 seconds.
  path: Assets/Brick Project Studio/Apartment Kit/Common/Textures/Surface/BathroomMat_01_A.png
  artifactKey: Guid(f4065082f0bb85c438e68d90ffd11ade) Importer(2089858483,0ecaa5967403d082aa24f35e1b516d23)
Start importing Assets/Brick Project Studio/Apartment Kit/Common/Textures/Surface/BathroomMat_01_A.png using Guid(f4065082f0bb85c438e68d90ffd11ade) Importer(2089858483,0ecaa5967403d082aa24f35e1b516d23) Generated GUIDs only implemented for interfaces!
 -> (artifact id: 'e851761b3c09a41fc64588db65d7a5cb') in 0.038354 seconds
Number of updated asset objects reloaded before import = 0
Number of asset objects unloaded after import = 1
========================================================================
Received Import Request.
  Time since last request: 0.000058 seconds.
  path: Assets/Brick Project Studio/Apartment Kit/Common/Textures/Misc/Wine Bottle Label_04.png
  artifactKey: Guid(3780b80c1edb81545a49231ee5eb991a) Importer(2089858483,0ecaa5967403d082aa24f35e1b516d23)
Start importing Assets/Brick Project Studio/Apartment Kit/Common/Textures/Misc/Wine Bottle Label_04.png using Guid(3780b80c1edb81545a49231ee5eb991a) Importer(2089858483,0ecaa5967403d082aa24f35e1b516d23) Generated GUIDs only implemented for interfaces!
 -> (artifact id: '120460be4bbc2188a1e57c1b8b6dceaf') in 0.040801 seconds
Number of updated asset objects reloaded before import = 0
Number of asset objects unloaded after import = 1
========================================================================
Received Import Request.
  Time since last request: 0.000024 seconds.
  path: Assets/Brick Project Studio/Apartment Kit/Common/Textures/Surface/Fabric_01_N.png
  artifactKey: Guid(58bfd504e106d80488fcbb9512c2fa31) Importer(2089858483,0ecaa5967403d082aa24f35e1b516d23)
Start importing Assets/Brick Project Studio/Apartment Kit/Common/Textures/Surface/Fabric_01_N.png using Guid(58bfd504e106d80488fcbb9512c2fa31) Importer(2089858483,0ecaa5967403d082aa24f35e1b516d23) Generated GUIDs only implemented for interfaces!
 -> (artifact id: '25100485a0f5990e8a39e01a46d00843') in 0.038569 seconds
Number of updated asset objects reloaded before import = 0
Number of asset objects unloaded after import = 1
========================================================================
Received Import Request.
  Time since last request: 0.000029 seconds.
  path: Assets/Brick Project Studio/Apartment Kit/Common/Textures/Misc/Painting.png
  artifactKey: Guid(c48e0ce806de2c94dabba0382fedcea1) Importer(2089858483,0ecaa5967403d082aa24f35e1b516d23)
Start importing Assets/Brick Project Studio/Apartment Kit/Common/Textures/Misc/Painting.png using Guid(c48e0ce806de2c94dabba0382fedcea1) Importer(2089858483,0ecaa5967403d082aa24f35e1b516d23) Generated GUIDs only implemented for interfaces!
 -> (artifact id: 'c474683b3466016e53202059968275f3') in 0.039282 seconds
Number of updated asset objects reloaded before import = 0
Number of asset objects unloaded after import = 1
========================================================================
Received Import Request.
  Time since last request: 0.000018 seconds.
  path: Assets/Brick Project Studio/Apartment Kit/Common/Textures/Misc/Canvas_Nat_03-04.png
  artifactKey: Guid(5a1c12256f635c1409e89d1bdb570366) Importer(2089858483,0ecaa5967403d082aa24f35e1b516d23)
Start importing Assets/Brick Project Studio/Apartment Kit/Common/Textures/Misc/Canvas_Nat_03-04.png using Guid(5a1c12256f635c1409e89d1bdb570366) Importer(2089858483,0ecaa5967403d082aa24f35e1b516d23) Generated GUIDs only implemented for interfaces!
 -> (artifact id: 'f2ee1ac265277f8407de3879f30b14d1') in 0.043266 seconds
Number of updated asset objects reloaded before import = 0
Number of asset objects unloaded after import = 1
========================================================================
Received Import Request.
  Time since last request: 0.000025 seconds.
  path: Assets/Brick Project Studio/Apartment Kit/Common/Textures/Surface/BR_Tile_01_A.png
  artifactKey: Guid(3784f8a002796f147be3cecd94715be1) Importer(2089858483,0ecaa5967403d082aa24f35e1b516d23)
Start importing Assets/Brick Project Studio/Apartment Kit/Common/Textures/Surface/BR_Tile_01_A.png using Guid(3784f8a002796f147be3cecd94715be1) Importer(2089858483,0ecaa5967403d082aa24f35e1b516d23) Generated GUIDs only implemented for interfaces!
 -> (artifact id: '9281b84f0c38bb8322ce76f0acbf0352') in 0.036972 seconds
Number of updated asset objects reloaded before import = 0
Number of asset objects unloaded after import = 1
========================================================================
Received Import Request.
  Time since last request: 0.000042 seconds.
  path: Assets/Brick Project Studio/Apartment Kit/Common/Textures/Surface/BrushedMetal_M.png
  artifactKey: Guid(7d8b61015f4f2cc40a1c32a2791bfa3d) Importer(2089858483,0ecaa5967403d082aa24f35e1b516d23)
Start importing Assets/Brick Project Studio/Apartment Kit/Common/Textures/Surface/BrushedMetal_M.png using Guid(7d8b61015f4f2cc40a1c32a2791bfa3d) Importer(2089858483,0ecaa5967403d082aa24f35e1b516d23) Generated GUIDs only implemented for interfaces!
 -> (artifact id: '5de73d2b9b3df85361359de4b1b70005') in 0.040884 seconds
Number of updated asset objects reloaded before import = 0
Number of asset objects unloaded after import = 1
========================================================================
Received Import Request.
  Time since last request: 0.000086 seconds.
  path: Assets/Brick Project Studio/Apartment Kit/Common/Textures/Misc/MarbleWall_02.png
  artifactKey: Guid(d2ab29be542324845b06e2b459563a2b) Importer(2089858483,0ecaa5967403d082aa24f35e1b516d23)
Start importing Assets/Brick Project Studio/Apartment Kit/Common/Textures/Misc/MarbleWall_02.png using Guid(d2ab29be542324845b06e2b459563a2b) Importer(2089858483,0ecaa5967403d082aa24f35e1b516d23) Generated GUIDs only implemented for interfaces!
 -> (artifact id: '9d22548b696e204eba8dc13fcfef6d8b') in 0.037051 seconds
Number of updated asset objects reloaded before import = 0
Number of asset objects unloaded after import = 1
========================================================================
Received Import Request.
  Time since last request: 0.000020 seconds.
  path: Assets/Brick Project Studio/Apartment Kit/Common/Textures/Interior Exterior/Int_Apt_01_A.png
  artifactKey: Guid(1b1d6a4d760591e49b71fd4d6e2cc5f9) Importer(2089858483,0ecaa5967403d082aa24f35e1b516d23)
Start importing Assets/Brick Project Studio/Apartment Kit/Common/Textures/Interior Exterior/Int_Apt_01_A.png using Guid(1b1d6a4d760591e49b71fd4d6e2cc5f9) Importer(2089858483,0ecaa5967403d082aa24f35e1b516d23) Generated GUIDs only implemented for interfaces!
 -> (artifact id: '4422c31807c99ff49f2f9a25d3834c98') in 0.040081 seconds
Number of updated asset objects reloaded before import = 0
Number of asset objects unloaded after import = 1
========================================================================
Received Import Request.
  Time since last request: 0.000061 seconds.
  path: Assets/Brick Project Studio/Apartment Kit/Common/Textures/Misc/Controller Screen_02_A.png
  artifactKey: Guid(cde7f6eb91781a7469564a0d4f32910d) Importer(2089858483,0ecaa5967403d082aa24f35e1b516d23)
Start importing Assets/Brick Project Studio/Apartment Kit/Common/Textures/Misc/Controller Screen_02_A.png using Guid(cde7f6eb91781a7469564a0d4f32910d) Importer(2089858483,0ecaa5967403d082aa24f35e1b516d23) Generated GUIDs only implemented for interfaces!
 -> (artifact id: 'ea39476da74585c60760c6a2c0d569c5') in 0.033935 seconds
Number of updated asset objects reloaded before import = 0
Number of asset objects unloaded after import = 1
========================================================================
Received Import Request.
  Time since last request: 0.000039 seconds.
  path: Assets/Brick Project Studio/Apartment Kit/Common/Textures/Surface/MarbleWall_02.png
  artifactKey: Guid(2aa84f74598871447bdc9328d0e24d9f) Importer(2089858483,0ecaa5967403d082aa24f35e1b516d23)
Start importing Assets/Brick Project Studio/Apartment Kit/Common/Textures/Surface/MarbleWall_02.png using Guid(2aa84f74598871447bdc9328d0e24d9f) Importer(2089858483,0ecaa5967403d082aa24f35e1b516d23) Generated GUIDs only implemented for interfaces!
 -> (artifact id: '6189a8f2c1b6d8a4799b5351b21b038d') in 0.040164 seconds
Number of updated asset objects reloaded before import = 0
Number of asset objects unloaded after import = 1
========================================================================
Received Import Request.
  Time since last request: 0.000070 seconds.
  path: Assets/Brick Project Studio/Apartment Kit/Common/Textures/Surface/Painting_N.png
  artifactKey: Guid(52a7d8c0d3423c946a76ebe65fb6dab7) Importer(2089858483,0ecaa5967403d082aa24f35e1b516d23)
Start importing Assets/Brick Project Studio/Apartment Kit/Common/Textures/Surface/Painting_N.png using Guid(52a7d8c0d3423c946a76ebe65fb6dab7) Importer(2089858483,0ecaa5967403d082aa24f35e1b516d23) Generated GUIDs only implemented for interfaces!
 -> (artifact id: 'f9c6bd78ec40daebb36f419a4bc2950b') in 0.041890 seconds
Number of updated asset objects reloaded before import = 0
Number of asset objects unloaded after import = 1
========================================================================
Received Import Request.
  Time since last request: 0.000105 seconds.
  path: Assets/Brick Project Studio/Apartment Kit/_Prefabs/Apt Build Kit/Int into Ext/IntExt_apt_01_02.prefab
  artifactKey: Guid(79276710ec62bc64c8249de57cba02e6) Importer(2089858483,0ecaa5967403d082aa24f35e1b516d23)
Start importing Assets/Brick Project Studio/Apartment Kit/_Prefabs/Apt Build Kit/Int into Ext/IntExt_apt_01_02.prefab using Guid(79276710ec62bc64c8249de57cba02e6) Importer(2089858483,0ecaa5967403d082aa24f35e1b516d23) Generated GUIDs only implemented for interfaces!
 -> (artifact id: '8376b407b17ffd43ec548560d9365023') in 0.023026 seconds
Number of updated asset objects reloaded before import = 0
Number of asset objects unloaded after import = 13
========================================================================
Received Import Request.
  Time since last request: 0.000022 seconds.
  path: Assets/Brick Project Studio/Apartment Kit/Common/Textures/Surface/Wood_Ebony_01_A.png
  artifactKey: Guid(852e56973a7526a4b88475a4f8463f4b) Importer(2089858483,0ecaa5967403d082aa24f35e1b516d23)
Start importing Assets/Brick Project Studio/Apartment Kit/Common/Textures/Surface/Wood_Ebony_01_A.png using Guid(852e56973a7526a4b88475a4f8463f4b) Importer(2089858483,0ecaa5967403d082aa24f35e1b516d23) Generated GUIDs only implemented for interfaces!
 -> (artifact id: '44d34cd9195bbbda9e60634af790968f') in 0.041957 seconds
Number of updated asset objects reloaded before import = 0
Number of asset objects unloaded after import = 1
========================================================================
Received Import Request.
  Time since last request: 0.000068 seconds.
  path: Assets/Brick Project Studio/Apartment Kit/Common/Textures/Surface/Rustic Wood.png
  artifactKey: Guid(a0e0457c9788feb4f989fdc5b6977fde) Importer(2089858483,0ecaa5967403d082aa24f35e1b516d23)
Start importing Assets/Brick Project Studio/Apartment Kit/Common/Textures/Surface/Rustic Wood.png using Guid(a0e0457c9788feb4f989fdc5b6977fde) Importer(2089858483,0ecaa5967403d082aa24f35e1b516d23) Generated GUIDs only implemented for interfaces!
 -> (artifact id: '11bb8d12e84cf11069005f2fc004a54b') in 0.038931 seconds
Number of updated asset objects reloaded before import = 0
Number of asset objects unloaded after import = 1
========================================================================
Received Import Request.
  Time since last request: 0.000049 seconds.
  path: Assets/Brick Project Studio/Apartment Kit/Common/Textures/Surface/Leather_A.png
  artifactKey: Guid(e2c05aebeef07c543930c67d2767bfdc) Importer(2089858483,0ecaa5967403d082aa24f35e1b516d23)
Start importing Assets/Brick Project Studio/Apartment Kit/Common/Textures/Surface/Leather_A.png using Guid(e2c05aebeef07c543930c67d2767bfdc) Importer(2089858483,0ecaa5967403d082aa24f35e1b516d23) Generated GUIDs only implemented for interfaces!
 -> (artifact id: 'bd3c99162137cbc6ade47a9c2f0fbb75') in 0.040506 seconds
Number of updated asset objects reloaded before import = 0
Number of asset objects unloaded after import = 1
========================================================================
Received Import Request.
  Time since last request: 0.000021 seconds.
  path: Assets/Brick Project Studio/Apartment Kit/_Prefabs/Apt Build Kit/Int into Ext/IntExt_apt_DoorFrame_L_01_01.prefab
  artifactKey: Guid(0c61fe183d6f98d42a9b0250ecf21842) Importer(2089858483,0ecaa5967403d082aa24f35e1b516d23)
Start importing Assets/Brick Project Studio/Apartment Kit/_Prefabs/Apt Build Kit/Int into Ext/IntExt_apt_DoorFrame_L_01_01.prefab using Guid(0c61fe183d6f98d42a9b0250ecf21842) Importer(2089858483,0ecaa5967403d082aa24f35e1b516d23) Generated GUIDs only implemented for interfaces!
 -> (artifact id: '62e913c6fec372b4f08c7fda93ddfea7') in 0.021514 seconds
Number of updated asset objects reloaded before import = 0
Number of asset objects unloaded after import = 21
========================================================================
Received Import Request.
  Time since last request: 0.000022 seconds.
  path: Assets/Brick Project Studio/Apartment Kit/Common/Textures/Surface/White Wood.png
  artifactKey: Guid(82825fa1dbf49564796bb87fafd54ed0) Importer(2089858483,0ecaa5967403d082aa24f35e1b516d23)
Start importing Assets/Brick Project Studio/Apartment Kit/Common/Textures/Surface/White Wood.png using Guid(82825fa1dbf49564796bb87fafd54ed0) Importer(2089858483,0ecaa5967403d082aa24f35e1b516d23) Generated GUIDs only implemented for interfaces!
 -> (artifact id: 'a3e3f1dbe97a276efd9dd4b6b77ccdcc') in 0.039600 seconds
Number of updated asset objects reloaded before import = 0
Number of asset objects unloaded after import = 1
========================================================================
Received Import Request.
  Time since last request: 0.000039 seconds.
  path: Assets/Brick Project Studio/Apartment Kit/Common/Textures/Surface/Plastic_01_N.png
  artifactKey: Guid(df5c52a1546418346bff1558b601f6a5) Importer(2089858483,0ecaa5967403d082aa24f35e1b516d23)
Start importing Assets/Brick Project Studio/Apartment Kit/Common/Textures/Surface/Plastic_01_N.png using Guid(df5c52a1546418346bff1558b601f6a5) Importer(2089858483,0ecaa5967403d082aa24f35e1b516d23) Generated GUIDs only implemented for interfaces!
 -> (artifact id: 'b9672cb47d4e2ee538357a8467b886e6') in 0.036730 seconds
Number of updated asset objects reloaded before import = 0
Number of asset objects unloaded after import = 1
========================================================================
Received Import Request.
  Time since last request: 0.000051 seconds.
  path: Assets/Brick Project Studio/Apartment Kit/Common/Textures/Misc/keyboard_01_A.png
  artifactKey: Guid(2af2cafff89413a43824ed34de8918fc) Importer(2089858483,0ecaa5967403d082aa24f35e1b516d23)
Start importing Assets/Brick Project Studio/Apartment Kit/Common/Textures/Misc/keyboard_01_A.png using Guid(2af2cafff89413a43824ed34de8918fc) Importer(2089858483,0ecaa5967403d082aa24f35e1b516d23) Generated GUIDs only implemented for interfaces!
 -> (artifact id: '3d87921ee28835a171fc840c2f1b5420') in 0.039185 seconds
Number of updated asset objects reloaded before import = 0
Number of asset objects unloaded after import = 1
========================================================================
Received Import Request.
  Time since last request: 0.000018 seconds.
  path: Assets/Brick Project Studio/Apartment Kit/Common/Textures/Misc/Int_Apt_02_N.png
  artifactKey: Guid(096fc39044246a5419cdd831de80058a) Importer(2089858483,0ecaa5967403d082aa24f35e1b516d23)
Start importing Assets/Brick Project Studio/Apartment Kit/Common/Textures/Misc/Int_Apt_02_N.png using Guid(096fc39044246a5419cdd831de80058a) Importer(2089858483,0ecaa5967403d082aa24f35e1b516d23) Generated GUIDs only implemented for interfaces!
 -> (artifact id: '2a1b4650bfe1850894c538e17b9b3220') in 0.036065 seconds
Number of updated asset objects reloaded before import = 0
Number of asset objects unloaded after import = 1
========================================================================
Received Import Request.
  Time since last request: 0.000040 seconds.
  path: Assets/Brick Project Studio/Apartment Kit/Common/Textures/Surface/AdlerWood_01_A.png
  artifactKey: Guid(3896f4ca02b49124dbe88348af6cd90b) Importer(2089858483,0ecaa5967403d082aa24f35e1b516d23)
Start importing Assets/Brick Project Studio/Apartment Kit/Common/Textures/Surface/AdlerWood_01_A.png using Guid(3896f4ca02b49124dbe88348af6cd90b) Importer(2089858483,0ecaa5967403d082aa24f35e1b516d23) Generated GUIDs only implemented for interfaces!
 -> (artifact id: '71420101d1f13e92e65cd45c566f5e16') in 0.042345 seconds
Number of updated asset objects reloaded before import = 0
Number of asset objects unloaded after import = 1
========================================================================
Received Import Request.
  Time since last request: 0.000036 seconds.
  path: Assets/Brick Project Studio/Apartment Kit/Common/Textures/Misc/Colors_apt_02_N.png
  artifactKey: Guid(5ab1704465c86f547adfee08c8bf0327) Importer(2089858483,0ecaa5967403d082aa24f35e1b516d23)
Start importing Assets/Brick Project Studio/Apartment Kit/Common/Textures/Misc/Colors_apt_02_N.png using Guid(5ab1704465c86f547adfee08c8bf0327) Importer(2089858483,0ecaa5967403d082aa24f35e1b516d23) Generated GUIDs only implemented for interfaces!
 -> (artifact id: 'e92665d13f05ae551ff1218c3d21339f') in 0.037385 seconds
Number of updated asset objects reloaded before import = 0
Number of asset objects unloaded after import = 1
========================================================================
Received Import Request.
  Time since last request: 0.000069 seconds.
  path: Assets/Brick Project Studio/Apartment Kit/Common/Textures/Misc/ScreenMonitor_01_A.png
  artifactKey: Guid(cf5ee09346dbbdd4b90575ec3312b67d) Importer(2089858483,0ecaa5967403d082aa24f35e1b516d23)
Start importing Assets/Brick Project Studio/Apartment Kit/Common/Textures/Misc/ScreenMonitor_01_A.png using Guid(cf5ee09346dbbdd4b90575ec3312b67d) Importer(2089858483,0ecaa5967403d082aa24f35e1b516d23) Generated GUIDs only implemented for interfaces!
 -> (artifact id: 'fc40a8167228700a5411e0026fd4333a') in 0.044437 seconds
Number of updated asset objects reloaded before import = 0
Number of asset objects unloaded after import = 1
========================================================================
Received Import Request.
  Time since last request: 0.000016 seconds.
  path: Assets/Brick Project Studio/Apartment Kit/_Prefabs/Furniture/Bedroom/Bed_Apt_01_01.prefab
  artifactKey: Guid(bd82980ec0e466d48a84803eba02265f) Importer(2089858483,0ecaa5967403d082aa24f35e1b516d23)
Start importing Assets/Brick Project Studio/Apartment Kit/_Prefabs/Furniture/Bedroom/Bed_Apt_01_01.prefab using Guid(bd82980ec0e466d48a84803eba02265f) Importer(2089858483,0ecaa5967403d082aa24f35e1b516d23) Generated GUIDs only implemented for interfaces!
 -> (artifact id: '833478cb47aba5bee759b47d75d9f944') in 0.026409 seconds
Number of updated asset objects reloaded before import = 0
Number of asset objects unloaded after import = 26
========================================================================
Received Import Request.
  Time since last request: 0.000020 seconds.
  path: Assets/Brick Project Studio/Apartment Kit/_Prefabs/Furniture/Living Room/WallShelf_Apt_02.prefab
  artifactKey: Guid(372a0d77e8005d947bd72f3cf2cbde53) Importer(2089858483,0ecaa5967403d082aa24f35e1b516d23)
Start importing Assets/Brick Project Studio/Apartment Kit/_Prefabs/Furniture/Living Room/WallShelf_Apt_02.prefab using Guid(372a0d77e8005d947bd72f3cf2cbde53) Importer(2089858483,0ecaa5967403d082aa24f35e1b516d23) Generated GUIDs only implemented for interfaces!
 -> (artifact id: 'ea29949ec9c2ac104f64009791c071b1') in 0.022220 seconds
Number of updated asset objects reloaded before import = 0
Number of asset objects unloaded after import = 13
========================================================================
Received Import Request.
  Time since last request: 0.000022 seconds.
  path: Assets/Brick Project Studio/Apartment Kit/_Prefabs/Furniture/Living Room/Sofa_Apt_02.prefab
  artifactKey: Guid(266d5a1d00e2ac2479b93bdd1914ad78) Importer(2089858483,0ecaa5967403d082aa24f35e1b516d23)
Start importing Assets/Brick Project Studio/Apartment Kit/_Prefabs/Furniture/Living Room/Sofa_Apt_02.prefab using Guid(266d5a1d00e2ac2479b93bdd1914ad78) Importer(2089858483,0ecaa5967403d082aa24f35e1b516d23) Generated GUIDs only implemented for interfaces!
 -> (artifact id: 'f198bf324efe324d11ac1794bf43a2bf') in 0.021773 seconds
Number of updated asset objects reloaded before import = 0
Number of asset objects unloaded after import = 14
========================================================================
Received Import Request.
  Time since last request: 0.000022 seconds.
  path: Assets/Brick Project Studio/Apartment Kit/_Prefabs/Furniture/Misc/Bench_Apt_02.prefab
  artifactKey: Guid(843e4058e4b291d44bc18a16bdfae4a2) Importer(2089858483,0ecaa5967403d082aa24f35e1b516d23)
Start importing Assets/Brick Project Studio/Apartment Kit/_Prefabs/Furniture/Misc/Bench_Apt_02.prefab using Guid(843e4058e4b291d44bc18a16bdfae4a2) Importer(2089858483,0ecaa5967403d082aa24f35e1b516d23) Generated GUIDs only implemented for interfaces!
 -> (artifact id: '8126e8e0bafb1ff96454be2a3006bbe4') in 0.022662 seconds
Number of updated asset objects reloaded before import = 0
Number of asset objects unloaded after import = 8
========================================================================
Received Import Request.
  Time since last request: 0.000024 seconds.
  path: Assets/Brick Project Studio/Apartment Kit/_Prefabs/Furniture/Living Room/Shelf_Apt_01.prefab
  artifactKey: Guid(658e64758890bc24ba679c51e2cd2ab3) Importer(2089858483,0ecaa5967403d082aa24f35e1b516d23)
Start importing Assets/Brick Project Studio/Apartment Kit/_Prefabs/Furniture/Living Room/Shelf_Apt_01.prefab using Guid(658e64758890bc24ba679c51e2cd2ab3) Importer(2089858483,0ecaa5967403d082aa24f35e1b516d23) Generated GUIDs only implemented for interfaces!
 -> (artifact id: 'c7a4631ff0cbcb8b3865b51b5eeabff6') in 0.021125 seconds
Number of updated asset objects reloaded before import = 0
Number of asset objects unloaded after import = 8
========================================================================
Received Import Request.
  Time since last request: 0.000025 seconds.
  path: Assets/Brick Project Studio/Apartment Kit/_Prefabs/Furniture/Bedroom/Bed_Apt_02_01.prefab
  artifactKey: Guid(79723f7a04c42fa4cb0fefb4f7686381) Importer(2089858483,0ecaa5967403d082aa24f35e1b516d23)
Start importing Assets/Brick Project Studio/Apartment Kit/_Prefabs/Furniture/Bedroom/Bed_Apt_02_01.prefab using Guid(79723f7a04c42fa4cb0fefb4f7686381) Importer(2089858483,0ecaa5967403d082aa24f35e1b516d23) Generated GUIDs only implemented for interfaces!
 -> (artifact id: 'f0514514750830befb4e7bcddfe471e9') in 0.024040 seconds
Number of updated asset objects reloaded before import = 0
Number of asset objects unloaded after import = 69
========================================================================
Received Import Request.
  Time since last request: 0.000016 seconds.
  path: Assets/Brick Project Studio/Apartment Kit/_Prefabs/Furniture/Bathroom/Shower_Base_01.prefab
  artifactKey: Guid(75f68a1f4dd36214383ec174a8d8bf67) Importer(2089858483,0ecaa5967403d082aa24f35e1b516d23)
Start importing Assets/Brick Project Studio/Apartment Kit/_Prefabs/Furniture/Bathroom/Shower_Base_01.prefab using Guid(75f68a1f4dd36214383ec174a8d8bf67) Importer(2089858483,0ecaa5967403d082aa24f35e1b516d23) Generated GUIDs only implemented for interfaces!
 -> (artifact id: '2410cb577ee7ead5db4701526d77c54e') in 0.020254 seconds
Number of updated asset objects reloaded before import = 0
Number of asset objects unloaded after import = 32
========================================================================
Received Import Request.
  Time since last request: 0.000016 seconds.
  path: Assets/Brick Project Studio/Apartment Kit/_Prefabs/Furniture/Living Room/Sofa_Apt_01.prefab
  artifactKey: Guid(d46fa1eeedbcb0e41b8c735b2594b434) Importer(2089858483,0ecaa5967403d082aa24f35e1b516d23)
Start importing Assets/Brick Project Studio/Apartment Kit/_Prefabs/Furniture/Living Room/Sofa_Apt_01.prefab using Guid(d46fa1eeedbcb0e41b8c735b2594b434) Importer(2089858483,0ecaa5967403d082aa24f35e1b516d23) Generated GUIDs only implemented for interfaces!
 -> (artifact id: '82c6f8a5f2e76c81ea2ce204b296e9a5') in 0.017658 seconds
Number of updated asset objects reloaded before import = 0
Number of asset objects unloaded after import = 14
========================================================================
Received Import Request.
  Time since last request: 0.000020 seconds.
  path: Assets/Brick Project Studio/Apartment Kit/_Prefabs/Furniture/Bedroom/Dresser_Apt_01.prefab
  artifactKey: Guid(3f38091ec14910c4c8b8af3bab31b1bf) Importer(2089858483,0ecaa5967403d082aa24f35e1b516d23)
Start importing Assets/Brick Project Studio/Apartment Kit/_Prefabs/Furniture/Bedroom/Dresser_Apt_01.prefab using Guid(3f38091ec14910c4c8b8af3bab31b1bf) Importer(2089858483,0ecaa5967403d082aa24f35e1b516d23) Generated GUIDs only implemented for interfaces!
 -> (artifact id: '3120df5859845bb92fe809368e2c4f57') in 0.024830 seconds
Number of updated asset objects reloaded before import = 0
Number of asset objects unloaded after import = 101
========================================================================
Received Import Request.
  Time since last request: 0.000017 seconds.
  path: Assets/Brick Project Studio/Apartment Kit/_Prefabs/Furniture/Bathroom/BR_Cabinet_01.prefab
  artifactKey: Guid(4fd059785718649499a344b0c22ecd22) Importer(2089858483,0ecaa5967403d082aa24f35e1b516d23)
Start importing Assets/Brick Project Studio/Apartment Kit/_Prefabs/Furniture/Bathroom/BR_Cabinet_01.prefab using Guid(4fd059785718649499a344b0c22ecd22) Importer(2089858483,0ecaa5967403d082aa24f35e1b516d23) Generated GUIDs only implemented for interfaces!
 -> (artifact id: 'e707e71b5a77cd1752f54a68daffe4a4') in 0.021699 seconds
Number of updated asset objects reloaded before import = 0
Number of asset objects unloaded after import = 32
========================================================================
Received Import Request.
  Time since last request: 0.000021 seconds.
  path: Assets/Brick Project Studio/Apartment Kit/_Prefabs/Furniture/Living Room/Table_Side_Apt_01.prefab
  artifactKey: Guid(355f0f3f8c2463f4d8bed401784f063f) Importer(2089858483,0ecaa5967403d082aa24f35e1b516d23)
Start importing Assets/Brick Project Studio/Apartment Kit/_Prefabs/Furniture/Living Room/Table_Side_Apt_01.prefab using Guid(355f0f3f8c2463f4d8bed401784f063f) Importer(2089858483,0ecaa5967403d082aa24f35e1b516d23) Generated GUIDs only implemented for interfaces!
 -> (artifact id: '7f88d2c903645a78c2e46fd29527d787') in 0.021200 seconds
Number of updated asset objects reloaded before import = 0
Number of asset objects unloaded after import = 29
========================================================================
Received Import Request.
  Time since last request: 0.000018 seconds.
  path: Assets/Brick Project Studio/Apartment Kit/_Prefabs/Furniture/Living Room/Table_Computer_01.prefab
  artifactKey: Guid(85e9540880fc7824c8aff31eb2cc6498) Importer(2089858483,0ecaa5967403d082aa24f35e1b516d23)
Start importing Assets/Brick Project Studio/Apartment Kit/_Prefabs/Furniture/Living Room/Table_Computer_01.prefab using Guid(85e9540880fc7824c8aff31eb2cc6498) Importer(2089858483,0ecaa5967403d082aa24f35e1b516d23) Generated GUIDs only implemented for interfaces!
 -> (artifact id: 'ad110843db8cbd8f5e73adf5e705bfd8') in 0.021809 seconds
Number of updated asset objects reloaded before import = 0
Number of asset objects unloaded after import = 59
========================================================================
Received Import Request.
  Time since last request: 0.000019 seconds.
  path: Assets/Brick Project Studio/Apartment Kit/Common/Textures/Surface/Plastic_A.png
  artifactKey: Guid(a3752630695cc834fb7bfc39f50ea9dc) Importer(2089858483,0ecaa5967403d082aa24f35e1b516d23)
Start importing Assets/Brick Project Studio/Apartment Kit/Common/Textures/Surface/Plastic_A.png using Guid(a3752630695cc834fb7bfc39f50ea9dc) Importer(2089858483,0ecaa5967403d082aa24f35e1b516d23) Generated GUIDs only implemented for interfaces!
 -> (artifact id: 'f962cdb3e808fda6b308dc4c3e29bb5b') in 0.038493 seconds
Number of updated asset objects reloaded before import = 0
Number of asset objects unloaded after import = 1
========================================================================
Received Import Request.
  Time since last request: 0.000071 seconds.
  path: Assets/Brick Project Studio/Apartment Kit/Common/Textures/Misc/DoorMat_01_A.png
  artifactKey: Guid(0db0ab6731c66044c84b00e0d891778e) Importer(2089858483,0ecaa5967403d082aa24f35e1b516d23)
Start importing Assets/Brick Project Studio/Apartment Kit/Common/Textures/Misc/DoorMat_01_A.png using Guid(0db0ab6731c66044c84b00e0d891778e) Importer(2089858483,0ecaa5967403d082aa24f35e1b516d23) Generated GUIDs only implemented for interfaces!
 -> (artifact id: '8309188e6f842495978e75f61c9e63f2') in 0.042670 seconds
Number of updated asset objects reloaded before import = 0
Number of asset objects unloaded after import = 1
========================================================================
Received Import Request.
  Time since last request: 0.000079 seconds.
  path: Assets/Brick Project Studio/Apartment Kit/Common/Textures/Surface/Mesh_Black_A.png
  artifactKey: Guid(ef5f21946157b6049bebeadd326783c1) Importer(2089858483,0ecaa5967403d082aa24f35e1b516d23)
Start importing Assets/Brick Project Studio/Apartment Kit/Common/Textures/Surface/Mesh_Black_A.png using Guid(ef5f21946157b6049bebeadd326783c1) Importer(2089858483,0ecaa5967403d082aa24f35e1b516d23) Generated GUIDs only implemented for interfaces!
 -> (artifact id: '82bcd2cfbdc7bc28e4e49f09c51ea8b4') in 0.037421 seconds
Number of updated asset objects reloaded before import = 0
Number of asset objects unloaded after import = 1
========================================================================
Received Import Request.
  Time since last request: 0.000063 seconds.
  path: Assets/Brick Project Studio/Apartment Kit/_Prefabs/Furniture/Living Room/Table_Computer_01_Setup.prefab
  artifactKey: Guid(7699f5af06713974ba61777a8a830f6e) Importer(2089858483,0ecaa5967403d082aa24f35e1b516d23)
Start importing Assets/Brick Project Studio/Apartment Kit/_Prefabs/Furniture/Living Room/Table_Computer_01_Setup.prefab using Guid(7699f5af06713974ba61777a8a830f6e) Importer(2089858483,0ecaa5967403d082aa24f35e1b516d23) Generated GUIDs only implemented for interfaces!
 -> (artifact id: '4fa14593d71de579eb339f4124ca8198') in 0.034934 seconds
Number of updated asset objects reloaded before import = 0
Number of asset objects unloaded after import = 196
========================================================================
Received Import Request.
  Time since last request: 0.000025 seconds.
  path: Assets/Brick Project Studio/Apartment Kit/_Prefabs/Furniture/Living Room/Table_Dining_Apt_01.prefab
  artifactKey: Guid(88eb65b4dea685a4cad7ad664104b001) Importer(2089858483,0ecaa5967403d082aa24f35e1b516d23)
Start importing Assets/Brick Project Studio/Apartment Kit/_Prefabs/Furniture/Living Room/Table_Dining_Apt_01.prefab using Guid(88eb65b4dea685a4cad7ad664104b001) Importer(2089858483,0ecaa5967403d082aa24f35e1b516d23) Generated GUIDs only implemented for interfaces!
 -> (artifact id: 'ee06a8e121380202499d030eb9685ccb') in 0.020255 seconds
Number of updated asset objects reloaded before import = 0
Number of asset objects unloaded after import = 14
========================================================================
Received Import Request.
  Time since last request: 0.000021 seconds.
  path: Assets/Brick Project Studio/Apartment Kit/Common/Textures/Misc/Pattern_02.png
  artifactKey: Guid(e19e2ee9e3b643e4fae99ebdf2532365) Importer(2089858483,0ecaa5967403d082aa24f35e1b516d23)
Start importing Assets/Brick Project Studio/Apartment Kit/Common/Textures/Misc/Pattern_02.png using Guid(e19e2ee9e3b643e4fae99ebdf2532365) Importer(2089858483,0ecaa5967403d082aa24f35e1b516d23) Generated GUIDs only implemented for interfaces!
 -> (artifact id: '51110acf9016a0f7d1b449dfd8a68621') in 0.042267 seconds
Number of updated asset objects reloaded before import = 0
Number of asset objects unloaded after import = 1
========================================================================
Received Import Request.
  Time since last request: 0.000018 seconds.
  path: Assets/Brick Project Studio/Apartment Kit/Common/Scripts & Animation/Slide/opencloseSlide.cs
  artifactKey: Guid(770aee30421368f4899e57b35481b2f8) Importer(2089858483,0ecaa5967403d082aa24f35e1b516d23)
Start importing Assets/Brick Project Studio/Apartment Kit/Common/Scripts & Animation/Slide/opencloseSlide.cs using Guid(770aee30421368f4899e57b35481b2f8) Importer(2089858483,0ecaa5967403d082aa24f35e1b516d23) Generated GUIDs only implemented for interfaces!
 -> (artifact id: '8e626fab8322a71ec8b6a27b10e03808') in 0.014266 seconds
Number of updated asset objects reloaded before import = 0
Number of asset objects unloaded after import = 1
========================================================================
Received Import Request.
  Time since last request: 0.000080 seconds.
  path: Assets/Brick Project Studio/Apartment Kit/Common/Materials/Interior Exterior/Int_Apt_01.mat
  artifactKey: Guid(e5edd18648b6fe340941b7f67c9a2996) Importer(2089858483,0ecaa5967403d082aa24f35e1b516d23)
Start importing Assets/Brick Project Studio/Apartment Kit/Common/Materials/Interior Exterior/Int_Apt_01.mat using Guid(e5edd18648b6fe340941b7f67c9a2996) Importer(2089858483,0ecaa5967403d082aa24f35e1b516d23) Generated GUIDs only implemented for interfaces!
 -> (artifact id: 'a62b3bb1a0ea85579f1f5a84b1ae96ea') in 0.029522 seconds
Number of updated asset objects reloaded before import = 0
Number of asset objects unloaded after import = 4
========================================================================
Received Import Request.
  Time since last request: 0.000023 seconds.
  path: Assets/Brick Project Studio/Apartment Kit/_Prefabs/Props/Bathroom/BathroomMat_01.prefab
  artifactKey: Guid(c39a7487ae8768f46b4f6344ce704453) Importer(2089858483,0ecaa5967403d082aa24f35e1b516d23)
Start importing Assets/Brick Project Studio/Apartment Kit/_Prefabs/Props/Bathroom/BathroomMat_01.prefab using Guid(c39a7487ae8768f46b4f6344ce704453) Importer(2089858483,0ecaa5967403d082aa24f35e1b516d23) Generated GUIDs only implemented for interfaces!
 -> (artifact id: '1ab591167809c26979455bbb53d80b0c') in 0.018596 seconds
Number of updated asset objects reloaded before import = 0
Number of asset objects unloaded after import = 8
========================================================================
Received Import Request.
  Time since last request: 0.000022 seconds.
  path: Assets/Brick Project Studio/Apartment Kit/_Prefabs/Props/Art/Canvas_Painting_02.prefab
  artifactKey: Guid(00c4356a751fbc5439abb629f6dc361e) Importer(2089858483,0ecaa5967403d082aa24f35e1b516d23)
Start importing Assets/Brick Project Studio/Apartment Kit/_Prefabs/Props/Art/Canvas_Painting_02.prefab using Guid(00c4356a751fbc5439abb629f6dc361e) Importer(2089858483,0ecaa5967403d082aa24f35e1b516d23) Generated GUIDs only implemented for interfaces!
 -> (artifact id: '1fd6a651b007e255ed37f6e899cece0b') in 0.019478 seconds
Number of updated asset objects reloaded before import = 0
Number of asset objects unloaded after import = 8
========================================================================
Received Import Request.
  Time since last request: 0.000019 seconds.
  path: Assets/Brick Project Studio/Apartment Kit/_Prefabs/Props/Art/Canvas_Nat_03.prefab
  artifactKey: Guid(340937d0c3254e04b821007b8536c465) Importer(2089858483,0ecaa5967403d082aa24f35e1b516d23)
Start importing Assets/Brick Project Studio/Apartment Kit/_Prefabs/Props/Art/Canvas_Nat_03.prefab using Guid(340937d0c3254e04b821007b8536c465) Importer(2089858483,0ecaa5967403d082aa24f35e1b516d23) Generated GUIDs only implemented for interfaces!
 -> (artifact id: 'e169897d97539bf852d510b55e2388a8') in 0.019825 seconds
Number of updated asset objects reloaded before import = 0
Number of asset objects unloaded after import = 8
========================================================================
Received Import Request.
  Time since last request: 0.000028 seconds.
  path: Assets/Brick Project Studio/Apartment Kit/_Prefabs/Props/Art/Canvas_Painting_03.prefab
  artifactKey: Guid(4f9e8d17d08a3d346909d5dc0f404d80) Importer(2089858483,0ecaa5967403d082aa24f35e1b516d23)
Start importing Assets/Brick Project Studio/Apartment Kit/_Prefabs/Props/Art/Canvas_Painting_03.prefab using Guid(4f9e8d17d08a3d346909d5dc0f404d80) Importer(2089858483,0ecaa5967403d082aa24f35e1b516d23) Generated GUIDs only implemented for interfaces!
 -> (artifact id: '8e598748889c2f46ddaed1ea37a68a1b') in 0.016871 seconds
Number of updated asset objects reloaded before import = 0
Number of asset objects unloaded after import = 8
========================================================================
Received Import Request.
  Time since last request: 0.000020 seconds.
  path: Assets/Brick Project Studio/Apartment Kit/_Prefabs/Furniture/Wine Cabinet/BarCabinet_Apt_02_CenterTower.prefab
  artifactKey: Guid(f0f8347ddc1d5ed4bb8d2379f9008300) Importer(2089858483,0ecaa5967403d082aa24f35e1b516d23)
Start importing Assets/Brick Project Studio/Apartment Kit/_Prefabs/Furniture/Wine Cabinet/BarCabinet_Apt_02_CenterTower.prefab using Guid(f0f8347ddc1d5ed4bb8d2379f9008300) Importer(2089858483,0ecaa5967403d082aa24f35e1b516d23) Generated GUIDs only implemented for interfaces!
 -> (artifact id: 'f3ddd4605a53b8e2ea888be63ef7741a') in 0.019857 seconds
Number of updated asset objects reloaded before import = 0
Number of asset objects unloaded after import = 98
========================================================================
Received Import Request.
  Time since last request: 0.000018 seconds.
  path: Assets/Brick Project Studio/Apartment Kit/_Prefabs/Furniture/Wine Cabinet/BarCabinet_Apt_02_CenterBase.prefab
  artifactKey: Guid(4c9bf42b955bc1a4b83f6740aea218cb) Importer(2089858483,0ecaa5967403d082aa24f35e1b516d23)
Start importing Assets/Brick Project Studio/Apartment Kit/_Prefabs/Furniture/Wine Cabinet/BarCabinet_Apt_02_CenterBase.prefab using Guid(4c9bf42b955bc1a4b83f6740aea218cb) Importer(2089858483,0ecaa5967403d082aa24f35e1b516d23) Generated GUIDs only implemented for interfaces!
 -> (artifact id: 'dca76199dcdf86e847ab40e91c705633') in 0.022323 seconds
Number of updated asset objects reloaded before import = 0
Number of asset objects unloaded after import = 115
========================================================================
Received Import Request.
  Time since last request: 0.000020 seconds.
  path: Assets/Brick Project Studio/Apartment Kit/_Prefabs/Props/Art/Canvas_Nat_01.prefab
  artifactKey: Guid(ce0bc08e90169b64a82b286ba042f677) Importer(2089858483,0ecaa5967403d082aa24f35e1b516d23)
Start importing Assets/Brick Project Studio/Apartment Kit/_Prefabs/Props/Art/Canvas_Nat_01.prefab using Guid(ce0bc08e90169b64a82b286ba042f677) Importer(2089858483,0ecaa5967403d082aa24f35e1b516d23) Generated GUIDs only implemented for interfaces!
 -> (artifact id: '2c418ce8d685620cf141d1de20c547eb') in 0.021116 seconds
Number of updated asset objects reloaded before import = 0
Number of asset objects unloaded after import = 8
========================================================================
Received Import Request.
  Time since last request: 0.000020 seconds.
  path: Assets/Brick Project Studio/Apartment Kit/_Prefabs/Props/Art/Canvas_Nat_07.prefab
  artifactKey: Guid(c5077b26080c7034cb161dfdaaf22c87) Importer(2089858483,0ecaa5967403d082aa24f35e1b516d23)
Start importing Assets/Brick Project Studio/Apartment Kit/_Prefabs/Props/Art/Canvas_Nat_07.prefab using Guid(c5077b26080c7034cb161dfdaaf22c87) Importer(2089858483,0ecaa5967403d082aa24f35e1b516d23) Generated GUIDs only implemented for interfaces!
 -> (artifact id: '8d55adfce1662009e7f3c3596362a565') in 0.018345 seconds
Number of updated asset objects reloaded before import = 0
Number of asset objects unloaded after import = 8
========================================================================
Received Import Request.
  Time since last request: 0.000016 seconds.
  path: Assets/Brick Project Studio/Apartment Kit/_Prefabs/Furniture/Wine Cabinet/BarCabinet_Apt_02_Side.prefab
  artifactKey: Guid(6b094143198273d43b21bd5b1dd0b3c3) Importer(2089858483,0ecaa5967403d082aa24f35e1b516d23)
Start importing Assets/Brick Project Studio/Apartment Kit/_Prefabs/Furniture/Wine Cabinet/BarCabinet_Apt_02_Side.prefab using Guid(6b094143198273d43b21bd5b1dd0b3c3) Importer(2089858483,0ecaa5967403d082aa24f35e1b516d23) Generated GUIDs only implemented for interfaces!
 -> (artifact id: '5af88fc6d803d501fef8c3dee67247a6') in 0.018212 seconds
Number of updated asset objects reloaded before import = 0
Number of asset objects unloaded after import = 13
========================================================================
Received Import Request.
  Time since last request: 0.000028 seconds.
  path: Assets/Brick Project Studio/Apartment Kit/_Prefabs/Furniture/Wine Cabinet/BarCabinet_Apt_02_Center.prefab
  artifactKey: Guid(8915be8858dae144eb1415e1fada3eda) Importer(2089858483,0ecaa5967403d082aa24f35e1b516d23)
Start importing Assets/Brick Project Studio/Apartment Kit/_Prefabs/Furniture/Wine Cabinet/BarCabinet_Apt_02_Center.prefab using Guid(8915be8858dae144eb1415e1fada3eda) Importer(2089858483,0ecaa5967403d082aa24f35e1b516d23) Generated GUIDs only implemented for interfaces!
 -> (artifact id: 'b1c9b6d34779543405c54fda49a32097') in 0.024858 seconds
Number of updated asset objects reloaded before import = 0
Number of asset objects unloaded after import = 54
========================================================================
Received Import Request.
  Time since last request: 0.000023 seconds.
  path: Assets/Brick Project Studio/Apartment Kit/_Prefabs/Props/Art/WallArt_Apt_03.prefab
  artifactKey: Guid(28452da629c654043bf2718da2d8add6) Importer(2089858483,0ecaa5967403d082aa24f35e1b516d23)
Start importing Assets/Brick Project Studio/Apartment Kit/_Prefabs/Props/Art/WallArt_Apt_03.prefab using Guid(28452da629c654043bf2718da2d8add6) Importer(2089858483,0ecaa5967403d082aa24f35e1b516d23) Generated GUIDs only implemented for interfaces!
 -> (artifact id: '39c640a4325120c70bc1adf4e0519408') in 0.018719 seconds
Number of updated asset objects reloaded before import = 0
Number of asset objects unloaded after import = 17
========================================================================
Received Import Request.
  Time since last request: 0.000016 seconds.
  path: Assets/Brick Project Studio/Apartment Kit/_Prefabs/Props/Art/WallArt_Apt_02.prefab
  artifactKey: Guid(0d7e3cbd2cdf2e7428aa62ff7966b1ba) Importer(2089858483,0ecaa5967403d082aa24f35e1b516d23)
Start importing Assets/Brick Project Studio/Apartment Kit/_Prefabs/Props/Art/WallArt_Apt_02.prefab using Guid(0d7e3cbd2cdf2e7428aa62ff7966b1ba) Importer(2089858483,0ecaa5967403d082aa24f35e1b516d23) Generated GUIDs only implemented for interfaces!
 -> (artifact id: 'c6ba3631f5e0edd363c32fe133f2ad48') in 0.018063 seconds
Number of updated asset objects reloaded before import = 0
Number of asset objects unloaded after import = 17
========================================================================
Received Import Request.
  Time since last request: 0.000017 seconds.
  path: Assets/Brick Project Studio/Apartment Kit/_Prefabs/Props/Art/Canvas_Painting_01.prefab
  artifactKey: Guid(034a790e51efb8c42af98f9b7728dfe6) Importer(2089858483,0ecaa5967403d082aa24f35e1b516d23)
Start importing Assets/Brick Project Studio/Apartment Kit/_Prefabs/Props/Art/Canvas_Painting_01.prefab using Guid(034a790e51efb8c42af98f9b7728dfe6) Importer(2089858483,0ecaa5967403d082aa24f35e1b516d23) Generated GUIDs only implemented for interfaces!
 -> (artifact id: '79b2df6a0c409301aba9461f8c4b431f') in 0.019077 seconds
Number of updated asset objects reloaded before import = 0
Number of asset objects unloaded after import = 8
========================================================================
Received Import Request.
  Time since last request: 0.000023 seconds.
  path: Assets/Brick Project Studio/Apartment Kit/_Prefabs/Props/Bathroom/Shower_Handel_01.prefab
  artifactKey: Guid(2c53d7677acbaf34b81c7da75f0544ff) Importer(2089858483,0ecaa5967403d082aa24f35e1b516d23)
Start importing Assets/Brick Project Studio/Apartment Kit/_Prefabs/Props/Bathroom/Shower_Handel_01.prefab using Guid(2c53d7677acbaf34b81c7da75f0544ff) Importer(2089858483,0ecaa5967403d082aa24f35e1b516d23) Generated GUIDs only implemented for interfaces!
 -> (artifact id: 'f229e7b37bf153e5b0f7dfd60815bd2a') in 0.018374 seconds
Number of updated asset objects reloaded before import = 0
Number of asset objects unloaded after import = 13
========================================================================
Received Import Request.
  Time since last request: 0.000025 seconds.
  path: Assets/Brick Project Studio/Apartment Kit/_Prefabs/Props/Art/Rug_Apt_01.prefab
  artifactKey: Guid(7b8d9613223ef1f448bbe8fc90d8a85d) Importer(2089858483,0ecaa5967403d082aa24f35e1b516d23)
Start importing Assets/Brick Project Studio/Apartment Kit/_Prefabs/Props/Art/Rug_Apt_01.prefab using Guid(7b8d9613223ef1f448bbe8fc90d8a85d) Importer(2089858483,0ecaa5967403d082aa24f35e1b516d23) Generated GUIDs only implemented for interfaces!
 -> (artifact id: 'c00e7cf5f3ba6685fcdab29ad204ebb0') in 0.017714 seconds
Number of updated asset objects reloaded before import = 0
Number of asset objects unloaded after import = 8
========================================================================
Received Import Request.
  Time since last request: 0.000017 seconds.
  path: Assets/Brick Project Studio/Apartment Kit/_Prefabs/Furniture/Bathroom/BathTub_Base_01.prefab
  artifactKey: Guid(cb533d6f7329a744fb5c0396de1b8b4b) Importer(2089858483,0ecaa5967403d082aa24f35e1b516d23)
Start importing Assets/Brick Project Studio/Apartment Kit/_Prefabs/Furniture/Bathroom/BathTub_Base_01.prefab using Guid(cb533d6f7329a744fb5c0396de1b8b4b) Importer(2089858483,0ecaa5967403d082aa24f35e1b516d23) Generated GUIDs only implemented for interfaces!
 -> (artifact id: '431cd01c56ea7689d3712d4ad6d13739') in 0.021560 seconds
Number of updated asset objects reloaded before import = 0
Number of asset objects unloaded after import = 43
========================================================================
Received Import Request.
  Time since last request: 0.000018 seconds.
  path: Assets/Brick Project Studio/Apartment Kit/Common/Textures/Surface/Marble_Dark_01_N.png
  artifactKey: Guid(46992959d77f88c4783fc144795e2ba4) Importer(2089858483,0ecaa5967403d082aa24f35e1b516d23)
Start importing Assets/Brick Project Studio/Apartment Kit/Common/Textures/Surface/Marble_Dark_01_N.png using Guid(46992959d77f88c4783fc144795e2ba4) Importer(2089858483,0ecaa5967403d082aa24f35e1b516d23) Generated GUIDs only implemented for interfaces!
 -> (artifact id: '77cd0f44f8e93cbfbd4beda405a79960') in 0.042047 seconds
Number of updated asset objects reloaded before import = 0
Number of asset objects unloaded after import = 1
========================================================================
Received Import Request.
  Time since last request: 0.000059 seconds.
  path: Assets/Brick Project Studio/Apartment Kit/Common/Materials/Surface/BathroomMat_01.mat
  artifactKey: Guid(5eb7a5a1792bf624eb105fb759006553) Importer(2089858483,0ecaa5967403d082aa24f35e1b516d23)
Start importing Assets/Brick Project Studio/Apartment Kit/Common/Materials/Surface/BathroomMat_01.mat using Guid(5eb7a5a1792bf624eb105fb759006553) Importer(2089858483,0ecaa5967403d082aa24f35e1b516d23) Generated GUIDs only implemented for interfaces!
 -> (artifact id: '8fc01875aa0bb814ab951b80482c3e19') in 0.022849 seconds
Number of updated asset objects reloaded before import = 0
Number of asset objects unloaded after import = 2
========================================================================
Received Import Request.
  Time since last request: 0.000027 seconds.
  path: Assets/Brick Project Studio/Apartment Kit/Common/Scripts & Animation/Z Axis -1/openpullopp.anim
  artifactKey: Guid(56d5b9ef4dbead44d812cf0faa71ed4a) Importer(2089858483,0ecaa5967403d082aa24f35e1b516d23)
Start importing Assets/Brick Project Studio/Apartment Kit/Common/Scripts & Animation/Z Axis -1/openpullopp.anim using Guid(56d5b9ef4dbead44d812cf0faa71ed4a) Importer(2089858483,0ecaa5967403d082aa24f35e1b516d23) Generated GUIDs only implemented for interfaces!
 -> (artifact id: '0ee59633a54d34534e722a9689cf1240') in 0.016327 seconds
Number of updated asset objects reloaded before import = 0
Number of asset objects unloaded after import = 1
========================================================================
Received Import Request.
  Time since last request: 0.000063 seconds.
  path: Assets/Brick Project Studio/Apartment Kit/Common/Models/Apt_Props_02.fbx
  artifactKey: Guid(18a06f327a98b134b82b2c13d6c3a3c0) Importer(2089858483,0ecaa5967403d082aa24f35e1b516d23)
Start importing Assets/Brick Project Studio/Apartment Kit/Common/Models/Apt_Props_02.fbx using Guid(18a06f327a98b134b82b2c13d6c3a3c0) Importer(2089858483,0ecaa5967403d082aa24f35e1b516d23) Generated GUIDs only implemented for interfaces!
 -> (artifact id: 'b1f54f334d7ee620e3bc51bcb85b002c') in 0.041031 seconds
Number of updated asset objects reloaded before import = 0
Number of asset objects unloaded after import = 59
========================================================================
Received Import Request.
  Time since last request: 0.000019 seconds.
  path: Assets/Brick Project Studio/Apartment Kit/Common/Materials/Surface/Mesh_Black.mat
  artifactKey: Guid(c8a87a4e32c07864dabf944c9797ff12) Importer(2089858483,0ecaa5967403d082aa24f35e1b516d23)
Start importing Assets/Brick Project Studio/Apartment Kit/Common/Materials/Surface/Mesh_Black.mat using Guid(c8a87a4e32c07864dabf944c9797ff12) Importer(2089858483,0ecaa5967403d082aa24f35e1b516d23) Generated GUIDs only implemented for interfaces!
 -> (artifact id: '53523f968ea592c0d681eae0a53b29a0') in 0.019911 seconds
Number of updated asset objects reloaded before import = 0
Number of asset objects unloaded after import = 3
========================================================================
Received Import Request.
  Time since last request: 0.000019 seconds.
  path: Assets/Brick Project Studio/Apartment Kit/_Prefabs/Props/Electronics/GameController_Apt_01_01.prefab
  artifactKey: Guid(94e4c3350f88fe94ba5e156103abcf1c) Importer(2089858483,0ecaa5967403d082aa24f35e1b516d23)
Start importing Assets/Brick Project Studio/Apartment Kit/_Prefabs/Props/Electronics/GameController_Apt_01_01.prefab using Guid(94e4c3350f88fe94ba5e156103abcf1c) Importer(2089858483,0ecaa5967403d082aa24f35e1b516d23) Generated GUIDs only implemented for interfaces!
 -> (artifact id: '2c912c21c07bc0ee221fcb60fa898f08') in 0.022124 seconds
Number of updated asset objects reloaded before import = 0
Number of asset objects unloaded after import = 65
========================================================================
Received Import Request.
  Time since last request: 0.000022 seconds.
  path: Assets/Brick Project Studio/Apartment Kit/_Prefabs/Props/Electronics/GameController_Apt_01_02.prefab
  artifactKey: Guid(f3421f20f5f724a4fab68ce9de3753e8) Importer(2089858483,0ecaa5967403d082aa24f35e1b516d23)
Start importing Assets/Brick Project Studio/Apartment Kit/_Prefabs/Props/Electronics/GameController_Apt_01_02.prefab using Guid(f3421f20f5f724a4fab68ce9de3753e8) Importer(2089858483,0ecaa5967403d082aa24f35e1b516d23) Generated GUIDs only implemented for interfaces!
 -> (artifact id: '0c3ac66a6a57f2fd900a648cec342562') in 0.024843 seconds
Number of updated asset objects reloaded before import = 0
Number of asset objects unloaded after import = 65
========================================================================
Received Import Request.
  Time since last request: 0.000028 seconds.
  path: Assets/Brick Project Studio/Apartment Kit/_Prefabs/Props/Bathroom/TowelRack_Apt_01.prefab
  artifactKey: Guid(0c194d566209b524bb98efa3b5f1563e) Importer(2089858483,0ecaa5967403d082aa24f35e1b516d23)
Start importing Assets/Brick Project Studio/Apartment Kit/_Prefabs/Props/Bathroom/TowelRack_Apt_01.prefab using Guid(0c194d566209b524bb98efa3b5f1563e) Importer(2089858483,0ecaa5967403d082aa24f35e1b516d23) Generated GUIDs only implemented for interfaces!
 -> (artifact id: '4d70e01692434fba91d106a3e3f9cd4a') in 0.019762 seconds
Number of updated asset objects reloaded before import = 0
Number of asset objects unloaded after import = 8
========================================================================
Received Import Request.
  Time since last request: 0.000018 seconds.
  path: Assets/Brick Project Studio/Apartment Kit/_Prefabs/Props/Lighting/Lamp_Floor_Apt_02.prefab
  artifactKey: Guid(b762b04c7fe35704cbdbf1806a638bf1) Importer(2089858483,0ecaa5967403d082aa24f35e1b516d23)
Start importing Assets/Brick Project Studio/Apartment Kit/_Prefabs/Props/Lighting/Lamp_Floor_Apt_02.prefab using Guid(b762b04c7fe35704cbdbf1806a638bf1) Importer(2089858483,0ecaa5967403d082aa24f35e1b516d23) Generated GUIDs only implemented for interfaces!
 -> (artifact id: '0c2c9e64c1bab746a0dc22bd65bfbaa8') in 0.019821 seconds
Number of updated asset objects reloaded before import = 0
Number of asset objects unloaded after import = 23
========================================================================
Received Import Request.
  Time since last request: 0.000017 seconds.
  path: Assets/Brick Project Studio/Apartment Kit/_Prefabs/Props/Bathroom/Toothbrush_02.prefab
  artifactKey: Guid(3af3788489468634ca8551e4f49d373f) Importer(2089858483,0ecaa5967403d082aa24f35e1b516d23)
Start importing Assets/Brick Project Studio/Apartment Kit/_Prefabs/Props/Bathroom/Toothbrush_02.prefab using Guid(3af3788489468634ca8551e4f49d373f) Importer(2089858483,0ecaa5967403d082aa24f35e1b516d23) Generated GUIDs only implemented for interfaces!
 -> (artifact id: '808b34029c410309c6afce75b0386de8') in 0.019717 seconds
Number of updated asset objects reloaded before import = 0
Number of asset objects unloaded after import = 8
========================================================================
Received Import Request.
  Time since last request: 0.000016 seconds.
  path: Assets/Brick Project Studio/Apartment Kit/_Prefabs/Props/Bathroom/Toothbrush_03.prefab
  artifactKey: Guid(6a38eedbc13730a4e83af50d68894995) Importer(2089858483,0ecaa5967403d082aa24f35e1b516d23)
Start importing Assets/Brick Project Studio/Apartment Kit/_Prefabs/Props/Bathroom/Toothbrush_03.prefab using Guid(6a38eedbc13730a4e83af50d68894995) Importer(2089858483,0ecaa5967403d082aa24f35e1b516d23) Generated GUIDs only implemented for interfaces!
 -> (artifact id: 'ea5f19cd656c8014fca2765a5e790a16') in 0.019323 seconds
Number of updated asset objects reloaded before import = 0
Number of asset objects unloaded after import = 8
========================================================================
Received Import Request.
  Time since last request: 0.000019 seconds.
  path: Assets/Brick Project Studio/Apartment Kit/_Prefabs/Props/Kitchen/Toaster_Apt_01.prefab
  artifactKey: Guid(a104be747e53b0c4f875ab61494ff9f2) Importer(2089858483,0ecaa5967403d082aa24f35e1b516d23)
Start importing Assets/Brick Project Studio/Apartment Kit/_Prefabs/Props/Kitchen/Toaster_Apt_01.prefab using Guid(a104be747e53b0c4f875ab61494ff9f2) Importer(2089858483,0ecaa5967403d082aa24f35e1b516d23) Generated GUIDs only implemented for interfaces!
 -> (artifact id: '361cf6cbbb3a2aebb595f6734ce95d0e') in 0.023154 seconds
Number of updated asset objects reloaded before import = 0
Number of asset objects unloaded after import = 24
========================================================================
Received Import Request.
  Time since last request: 0.000016 seconds.
  path: Assets/Brick Project Studio/Apartment Kit/_Prefabs/Props/Lighting/Lamp_Table_Apt_01.prefab
  artifactKey: Guid(3e7be61a66e072c44bc2cc6bbee79f45) Importer(2089858483,0ecaa5967403d082aa24f35e1b516d23)
Start importing Assets/Brick Project Studio/Apartment Kit/_Prefabs/Props/Lighting/Lamp_Table_Apt_01.prefab using Guid(3e7be61a66e072c44bc2cc6bbee79f45) Importer(2089858483,0ecaa5967403d082aa24f35e1b516d23) Generated GUIDs only implemented for interfaces!
 -> (artifact id: 'dbf148d6870cb6e8ff6fd29ab33b9f70') in 0.021816 seconds
Number of updated asset objects reloaded before import = 0
Number of asset objects unloaded after import = 28
========================================================================
Received Import Request.
  Time since last request: 0.000015 seconds.
  path: Assets/Brick Project Studio/Apartment Kit/_Prefabs/Props/Lighting/Lamp_Ceiling_Apt_05.prefab
  artifactKey: Guid(36dee4e097ce701479331df2321c1de3) Importer(2089858483,0ecaa5967403d082aa24f35e1b516d23)
Start importing Assets/Brick Project Studio/Apartment Kit/_Prefabs/Props/Lighting/Lamp_Ceiling_Apt_05.prefab using Guid(36dee4e097ce701479331df2321c1de3) Importer(2089858483,0ecaa5967403d082aa24f35e1b516d23) Generated GUIDs only implemented for interfaces!
 -> (artifact id: '4d5f14dcfa80a50ad2b32f0f89439119') in 0.023607 seconds
Number of updated asset objects reloaded before import = 0
Number of asset objects unloaded after import = 12
========================================================================
Received Import Request.
  Time since last request: 0.000022 seconds.
  path: Assets/Brick Project Studio/Apartment Kit/_Prefabs/Props/Lighting/Lamp_Floor_Apt_01.prefab
  artifactKey: Guid(4850c514825283749bdc56155d7559a9) Importer(2089858483,0ecaa5967403d082aa24f35e1b516d23)
Start importing Assets/Brick Project Studio/Apartment Kit/_Prefabs/Props/Lighting/Lamp_Floor_Apt_01.prefab using Guid(4850c514825283749bdc56155d7559a9) Importer(2089858483,0ecaa5967403d082aa24f35e1b516d23) Generated GUIDs only implemented for interfaces!
 -> (artifact id: 'f9eacbf9e21ee125d972be89e7b21516') in 0.021520 seconds
Number of updated asset objects reloaded before import = 0
Number of asset objects unloaded after import = 13
========================================================================
Received Import Request.
  Time since last request: 0.000148 seconds.
  path: Assets/Brick Project Studio/Apartment Kit/_Prefabs/Props/Lighting/Lamp_Ceiling_Apt_03.prefab
  artifactKey: Guid(f920163421f537643a94fbbfe25244f9) Importer(2089858483,0ecaa5967403d082aa24f35e1b516d23)
Start importing Assets/Brick Project Studio/Apartment Kit/_Prefabs/Props/Lighting/Lamp_Ceiling_Apt_03.prefab using Guid(f920163421f537643a94fbbfe25244f9) Importer(2089858483,0ecaa5967403d082aa24f35e1b516d23) Generated GUIDs only implemented for interfaces!
 -> (artifact id: 'bcdf2a9937f39bd8692a6c7f36ac66cc') in 0.025427 seconds
Number of updated asset objects reloaded before import = 0
Number of asset objects unloaded after import = 13
========================================================================
Received Import Request.
  Time since last request: 0.000017 seconds.
  path: Assets/Brick Project Studio/Apartment Kit/_Prefabs/Props/Kitchen/Bowl_Apt_01.prefab
  artifactKey: Guid(9aac42a3890e27b479a5c73e54179197) Importer(2089858483,0ecaa5967403d082aa24f35e1b516d23)
Start importing Assets/Brick Project Studio/Apartment Kit/_Prefabs/Props/Kitchen/Bowl_Apt_01.prefab using Guid(9aac42a3890e27b479a5c73e54179197) Importer(2089858483,0ecaa5967403d082aa24f35e1b516d23) Generated GUIDs only implemented for interfaces!
 -> (artifact id: '26a355128ab9c99412ee6bb11bc1317d') in 0.019861 seconds
Number of updated asset objects reloaded before import = 0
Number of asset objects unloaded after import = 8
========================================================================
Received Import Request.
  Time since last request: 0.000022 seconds.
  path: Assets/Brick Project Studio/Apartment Kit/_Prefabs/Props/Electronics/SS_01.prefab
  artifactKey: Guid(f91743800f2ab3740ac9db4eedb46f2d) Importer(2089858483,0ecaa5967403d082aa24f35e1b516d23)
Start importing Assets/Brick Project Studio/Apartment Kit/_Prefabs/Props/Electronics/SS_01.prefab using Guid(f91743800f2ab3740ac9db4eedb46f2d) Importer(2089858483,0ecaa5967403d082aa24f35e1b516d23) Generated GUIDs only implemented for interfaces!
 -> (artifact id: '6a8c0d8f78a62ca2659eb4f40038f635') in 0.023578 seconds
Number of updated asset objects reloaded before import = 0
Number of asset objects unloaded after import = 18
========================================================================
Received Import Request.
  Time since last request: 0.000048 seconds.
  path: Assets/Brick Project Studio/Apartment Kit/_Prefabs/Props/Kitchen/Blender_Apt_01.prefab
  artifactKey: Guid(8b726a9375ea2e442aa068972abf0c08) Importer(2089858483,0ecaa5967403d082aa24f35e1b516d23)
Start importing Assets/Brick Project Studio/Apartment Kit/_Prefabs/Props/Kitchen/Blender_Apt_01.prefab using Guid(8b726a9375ea2e442aa068972abf0c08) Importer(2089858483,0ecaa5967403d082aa24f35e1b516d23) Generated GUIDs only implemented for interfaces!
 -> (artifact id: '0f4e1df3384557034622b77f273e2439') in 0.027377 seconds
Number of updated asset objects reloaded before import = 0
Number of asset objects unloaded after import = 33
========================================================================
Received Import Request.
  Time since last request: 0.000017 seconds.
  path: Assets/Brick Project Studio/Apartment Kit/_Prefabs/Props/Electronics/Monitor_Apt_01.prefab
  artifactKey: Guid(1091ee0a141f2ba429668a6cc5a0f03e) Importer(2089858483,0ecaa5967403d082aa24f35e1b516d23)
Start importing Assets/Brick Project Studio/Apartment Kit/_Prefabs/Props/Electronics/Monitor_Apt_01.prefab using Guid(1091ee0a141f2ba429668a6cc5a0f03e) Importer(2089858483,0ecaa5967403d082aa24f35e1b516d23) Generated GUIDs only implemented for interfaces!
 -> (artifact id: 'c6442c2c4a30bf5fee447d9dbe77df0b') in 0.023604 seconds
Number of updated asset objects reloaded before import = 0
Number of asset objects unloaded after import = 13
========================================================================
Received Import Request.
  Time since last request: 0.000016 seconds.
  path: Assets/Brick Project Studio/Apartment Kit/_Prefabs/Props/Lighting/Lamp_Ceiling_Apt_01.prefab
  artifactKey: Guid(09457ce18601f204cbd5799ff191ff9e) Importer(2089858483,0ecaa5967403d082aa24f35e1b516d23)
Start importing Assets/Brick Project Studio/Apartment Kit/_Prefabs/Props/Lighting/Lamp_Ceiling_Apt_01.prefab using Guid(09457ce18601f204cbd5799ff191ff9e) Importer(2089858483,0ecaa5967403d082aa24f35e1b516d23) Generated GUIDs only implemented for interfaces!
 -> (artifact id: '9f75a48b31d126ab80dd4f3ea68b4873') in 0.021927 seconds
Number of updated asset objects reloaded before import = 0
Number of asset objects unloaded after import = 53
========================================================================
Received Import Request.
  Time since last request: 0.000019 seconds.
  path: Assets/Brick Project Studio/Apartment Kit/_Prefabs/Props/Kitchen/Bowl_Apt_01_Stacked.prefab
  artifactKey: Guid(143623a82f19a9e49b450142a80c6d52) Importer(2089858483,0ecaa5967403d082aa24f35e1b516d23)
Start importing Assets/Brick Project Studio/Apartment Kit/_Prefabs/Props/Kitchen/Bowl_Apt_01_Stacked.prefab using Guid(143623a82f19a9e49b450142a80c6d52) Importer(2089858483,0ecaa5967403d082aa24f35e1b516d23) Generated GUIDs only implemented for interfaces!
 -> (artifact id: 'baa584cf84c8c7372b9387b015ac3f01') in 0.019185 seconds
Number of updated asset objects reloaded before import = 0
Number of asset objects unloaded after import = 8
========================================================================
Received Import Request.
  Time since last request: 0.000019 seconds.
  path: Assets/Brick Project Studio/Apartment Kit/_Prefabs/Props/Electronics/TV_Apt_01.prefab
  artifactKey: Guid(56a93cd127ed0184982c13ec0a61cfa5) Importer(2089858483,0ecaa5967403d082aa24f35e1b516d23)
Start importing Assets/Brick Project Studio/Apartment Kit/_Prefabs/Props/Electronics/TV_Apt_01.prefab using Guid(56a93cd127ed0184982c13ec0a61cfa5) Importer(2089858483,0ecaa5967403d082aa24f35e1b516d23) Generated GUIDs only implemented for interfaces!
 -> (artifact id: 'ff195e0e7475e4b3453b1e6280ad421e') in 0.021706 seconds
Number of updated asset objects reloaded before import = 0
Number of asset objects unloaded after import = 19
========================================================================
Received Import Request.
  Time since last request: 0.000021 seconds.
  path: Assets/Brick Project Studio/Apartment Kit/_Prefabs/Props/Lighting/Lamp_Ceiling_Apt_04.prefab
  artifactKey: Guid(d71bb9c3921c635468d23f6e8bd9c406) Importer(2089858483,0ecaa5967403d082aa24f35e1b516d23)
Start importing Assets/Brick Project Studio/Apartment Kit/_Prefabs/Props/Lighting/Lamp_Ceiling_Apt_04.prefab using Guid(d71bb9c3921c635468d23f6e8bd9c406) Importer(2089858483,0ecaa5967403d082aa24f35e1b516d23) Generated GUIDs only implemented for interfaces!
 -> (artifact id: '0f6092d78b1cdb758dbbf158a9294f24') in 0.020026 seconds
Number of updated asset objects reloaded before import = 0
Number of asset objects unloaded after import = 28
========================================================================
Received Import Request.
  Time since last request: 0.000021 seconds.
  path: Assets/Brick Project Studio/Apartment Kit/_Prefabs/Props/Kitchen/Plate_Apt_02_Stacked.prefab
  artifactKey: Guid(c442118e981d163429716195e7cade2f) Importer(2089858483,0ecaa5967403d082aa24f35e1b516d23)
Start importing Assets/Brick Project Studio/Apartment Kit/_Prefabs/Props/Kitchen/Plate_Apt_02_Stacked.prefab using Guid(c442118e981d163429716195e7cade2f) Importer(2089858483,0ecaa5967403d082aa24f35e1b516d23) Generated GUIDs only implemented for interfaces!
 -> (artifact id: 'd0a5f063e22cdb6257ad1d0260be766a') in 0.016620 seconds
Number of updated asset objects reloaded before import = 0
Number of asset objects unloaded after import = 8
========================================================================
Received Import Request.
  Time since last request: 0.000017 seconds.
  path: Assets/Brick Project Studio/Apartment Kit/_Prefabs/Props/Kitchen/Plate_Apt_01.prefab
  artifactKey: Guid(c155150d56fafb64ebab3a94b2cd86bf) Importer(2089858483,0ecaa5967403d082aa24f35e1b516d23)
Start importing Assets/Brick Project Studio/Apartment Kit/_Prefabs/Props/Kitchen/Plate_Apt_01.prefab using Guid(c155150d56fafb64ebab3a94b2cd86bf) Importer(2089858483,0ecaa5967403d082aa24f35e1b516d23) Generated GUIDs only implemented for interfaces!
 -> (artifact id: '4128f7a6be9718b940041bfb7d46f9d0') in 0.021086 seconds
Number of updated asset objects reloaded before import = 0
Number of asset objects unloaded after import = 8
========================================================================
Received Import Request.
  Time since last request: 0.000017 seconds.
  path: Assets/Brick Project Studio/Apartment Kit/_Prefabs/Props/Kitchen/Plate_Apt_02.prefab
  artifactKey: Guid(677e48bdd6cf48e42ac397a1a8a64075) Importer(2089858483,0ecaa5967403d082aa24f35e1b516d23)
Start importing Assets/Brick Project Studio/Apartment Kit/_Prefabs/Props/Kitchen/Plate_Apt_02.prefab using Guid(677e48bdd6cf48e42ac397a1a8a64075) Importer(2089858483,0ecaa5967403d082aa24f35e1b516d23) Generated GUIDs only implemented for interfaces!
 -> (artifact id: 'fc4f612d70b950f4623ce161ddff8c47') in 0.016432 seconds
Number of updated asset objects reloaded before import = 0
Number of asset objects unloaded after import = 8
========================================================================
Received Import Request.
  Time since last request: 0.000019 seconds.
  path: Assets/Brick Project Studio/Apartment Kit/Common/Materials/Interior Exterior/Ext_Apt_01.mat
  artifactKey: Guid(05ab6237a2436a34bb31bebcb35225c8) Importer(2089858483,0ecaa5967403d082aa24f35e1b516d23)
Start importing Assets/Brick Project Studio/Apartment Kit/Common/Materials/Interior Exterior/Ext_Apt_01.mat using Guid(05ab6237a2436a34bb31bebcb35225c8) Importer(2089858483,0ecaa5967403d082aa24f35e1b516d23) Generated GUIDs only implemented for interfaces!
 -> (artifact id: '48021457229ff12f573e3a86f5af2de8') in 0.073736 seconds
Number of updated asset objects reloaded before import = 0
Number of asset objects unloaded after import = 3
========================================================================
Received Import Request.
  Time since last request: 0.000031 seconds.
  path: Assets/Brick Project Studio/Apartment Kit/_Prefabs/Props/Wine Liquor Beer and Glassware - Sample/CorkScrew_02.prefab
  artifactKey: Guid(8a6b0935376d783439e952c404e2e666) Importer(2089858483,0ecaa5967403d082aa24f35e1b516d23)
Start importing Assets/Brick Project Studio/Apartment Kit/_Prefabs/Props/Wine Liquor Beer and Glassware - Sample/CorkScrew_02.prefab using Guid(8a6b0935376d783439e952c404e2e666) Importer(2089858483,0ecaa5967403d082aa24f35e1b516d23) Generated GUIDs only implemented for interfaces!
 -> (artifact id: 'e5e32003d913699f291a8a668c471fec') in 0.020917 seconds
Number of updated asset objects reloaded before import = 0
Number of asset objects unloaded after import = 13
========================================================================
Received Import Request.
  Time since last request: 0.000026 seconds.
  path: Assets/Brick Project Studio/Apartment Kit/_Prefabs/Props/Sculptures/Sculpture_apt_01_03.prefab
  artifactKey: Guid(f76f8084f4cb01349bb82ec41f49d28b) Importer(2089858483,0ecaa5967403d082aa24f35e1b516d23)
Start importing Assets/Brick Project Studio/Apartment Kit/_Prefabs/Props/Sculptures/Sculpture_apt_01_03.prefab using Guid(f76f8084f4cb01349bb82ec41f49d28b) Importer(2089858483,0ecaa5967403d082aa24f35e1b516d23) Generated GUIDs only implemented for interfaces!
 -> (artifact id: 'd3f39fc0fe43fb6c7f596b4cd6a30d32') in 0.023260 seconds
Number of updated asset objects reloaded before import = 0
Number of asset objects unloaded after import = 13
========================================================================
Received Import Request.
  Time since last request: 0.000015 seconds.
  path: Assets/Brick Project Studio/Apartment Kit/_Prefabs/Props/Wine Liquor Beer and Glassware - Sample/wine bottle 04_Low Poly.prefab
  artifactKey: Guid(e0f8fa703bcf04a419f5263f5020b059) Importer(2089858483,0ecaa5967403d082aa24f35e1b516d23)
Start importing Assets/Brick Project Studio/Apartment Kit/_Prefabs/Props/Wine Liquor Beer and Glassware - Sample/wine bottle 04_Low Poly.prefab using Guid(e0f8fa703bcf04a419f5263f5020b059) Importer(2089858483,0ecaa5967403d082aa24f35e1b516d23) Generated GUIDs only implemented for interfaces!
 -> (artifact id: '40e9469d928815f31c0f422acbb8770d') in 0.024647 seconds
Number of updated asset objects reloaded before import = 0
Number of asset objects unloaded after import = 18
========================================================================
Received Import Request.
  Time since last request: 0.000019 seconds.
  path: Assets/Brick Project Studio/_BPS Basic Assets/Common/Materials/Basic Assets/BA_Mirror.mat
  artifactKey: Guid(97cb562e985012a4f8db1dfe9f95115b) Importer(2089858483,0ecaa5967403d082aa24f35e1b516d23)
Start importing Assets/Brick Project Studio/_BPS Basic Assets/Common/Materials/Basic Assets/BA_Mirror.mat using Guid(97cb562e985012a4f8db1dfe9f95115b) Importer(2089858483,0ecaa5967403d082aa24f35e1b516d23) Generated GUIDs only implemented for interfaces!
 -> (artifact id: '9c4feb324a4631bcf1d5a78b23b45021') in 0.021536 seconds
Number of updated asset objects reloaded before import = 0
Number of asset objects unloaded after import = 1
========================================================================
Received Import Request.
  Time since last request: 0.000019 seconds.
  path: Assets/Brick Project Studio/_BPS Basic Assets/Common/Materials/Basic Assets/BA_Concrete_01.mat
  artifactKey: Guid(1e98ebe0ed4d9894d9610d836de5f478) Importer(2089858483,0ecaa5967403d082aa24f35e1b516d23)
Start importing Assets/Brick Project Studio/_BPS Basic Assets/Common/Materials/Basic Assets/BA_Concrete_01.mat using Guid(1e98ebe0ed4d9894d9610d836de5f478) Importer(2089858483,0ecaa5967403d082aa24f35e1b516d23) Generated GUIDs only implemented for interfaces!
 -> (artifact id: '4bdf572a342382c75a2590c6cac0a259') in 0.023178 seconds
Number of updated asset objects reloaded before import = 0
Number of asset objects unloaded after import = 3
========================================================================
Received Import Request.
  Time since last request: 0.000015 seconds.
  path: Assets/Brick Project Studio/Apartment Kit/_Prefabs/Props/Misc/Vase_Apt_01.prefab
  artifactKey: Guid(eeba5b089ee3b4a4cbe7167afae0e4e1) Importer(2089858483,0ecaa5967403d082aa24f35e1b516d23)
Start importing Assets/Brick Project Studio/Apartment Kit/_Prefabs/Props/Misc/Vase_Apt_01.prefab using Guid(eeba5b089ee3b4a4cbe7167afae0e4e1) Importer(2089858483,0ecaa5967403d082aa24f35e1b516d23) Generated GUIDs only implemented for interfaces!
 -> (artifact id: 'e1d63fbf87698ad89fba98f03cc9bdc2') in 0.018366 seconds
Number of updated asset objects reloaded before import = 0
Number of asset objects unloaded after import = 8
========================================================================
Received Import Request.
  Time since last request: 0.000017 seconds.
  path: Assets/Brick Project Studio/_BPS Basic Assets/Common/Materials/Basic Assets/BA_Texture_Map_SE.mat
  artifactKey: Guid(5f01895f1ecb58445b3aa62be24d6bca) Importer(2089858483,0ecaa5967403d082aa24f35e1b516d23)
Start importing Assets/Brick Project Studio/_BPS Basic Assets/Common/Materials/Basic Assets/BA_Texture_Map_SE.mat using Guid(5f01895f1ecb58445b3aa62be24d6bca) Importer(2089858483,0ecaa5967403d082aa24f35e1b516d23) Generated GUIDs only implemented for interfaces!
 -> (artifact id: '91fea6503e0edcde87a221a41ba17dfb') in 0.017707 seconds
Number of updated asset objects reloaded before import = 0
Number of asset objects unloaded after import = 2
========================================================================
Received Import Request.
  Time since last request: 0.000016 seconds.
  path: Assets/Brick Project Studio/Apartment Kit/_Prefabs/Props/Sculptures/Sculpture_apt_01_01.prefab
  artifactKey: Guid(6d99fe7157190374995611275c238de8) Importer(2089858483,0ecaa5967403d082aa24f35e1b516d23)
Start importing Assets/Brick Project Studio/Apartment Kit/_Prefabs/Props/Sculptures/Sculpture_apt_01_01.prefab using Guid(6d99fe7157190374995611275c238de8) Importer(2089858483,0ecaa5967403d082aa24f35e1b516d23) Generated GUIDs only implemented for interfaces!
 -> (artifact id: '07f6f0e0f535d154a05ba13d92fa613b') in 0.023148 seconds
Number of updated asset objects reloaded before import = 0
Number of asset objects unloaded after import = 13
========================================================================
Received Import Request.
  Time since last request: 0.000016 seconds.
  path: Assets/Brick Project Studio/_BPS Basic Assets/Common/Materials/Basic Assets/BA_Glass_01.mat
  artifactKey: Guid(88b88f875cf0af442996954ba27bdf64) Importer(2089858483,0ecaa5967403d082aa24f35e1b516d23)
Start importing Assets/Brick Project Studio/_BPS Basic Assets/Common/Materials/Basic Assets/BA_Glass_01.mat using Guid(88b88f875cf0af442996954ba27bdf64) Importer(2089858483,0ecaa5967403d082aa24f35e1b516d23) Generated GUIDs only implemented for interfaces!
 -> (artifact id: '5fbb7c452c975eb2b74b33141b323441') in 0.017257 seconds
Number of updated asset objects reloaded before import = 0
Number of asset objects unloaded after import = 1
========================================================================
Received Import Request.
  Time since last request: 0.000036 seconds.
  path: Assets/Brick Project Studio/Apartment Kit/_Prefabs/Props/Wine Liquor Beer and Glassware - Sample/CorkScrew_01.prefab
  artifactKey: Guid(22294fbb399136745912705cd64924db) Importer(2089858483,0ecaa5967403d082aa24f35e1b516d23)
Start importing Assets/Brick Project Studio/Apartment Kit/_Prefabs/Props/Wine Liquor Beer and Glassware - Sample/CorkScrew_01.prefab using Guid(22294fbb399136745912705cd64924db) Importer(2089858483,0ecaa5967403d082aa24f35e1b516d23) Generated GUIDs only implemented for interfaces!
 -> (artifact id: 'dc011b410bab88aa4068ce8bb7db1221') in 0.022525 seconds
Number of updated asset objects reloaded before import = 0
Number of asset objects unloaded after import = 23
========================================================================
Received Import Request.
  Time since last request: 0.000019 seconds.
  path: Assets/Brick Project Studio/_BPS Basic Assets/Common/Materials/Basic Assets/BA_Wood 02.mat
  artifactKey: Guid(26f1b36be16f30d409f9ab1a7d20a8a5) Importer(2089858483,0ecaa5967403d082aa24f35e1b516d23)
Start importing Assets/Brick Project Studio/_BPS Basic Assets/Common/Materials/Basic Assets/BA_Wood 02.mat using Guid(26f1b36be16f30d409f9ab1a7d20a8a5) Importer(2089858483,0ecaa5967403d082aa24f35e1b516d23) Generated GUIDs only implemented for interfaces!
 -> (artifact id: '045fc2fa5ab87bb7fe8c6e50d9b409fb') in 0.022080 seconds
Number of updated asset objects reloaded before import = 0
Number of asset objects unloaded after import = 3
========================================================================
Received Import Request.
  Time since last request: 0.000022 seconds.
  path: Assets/Brick Project Studio/_BPS Basic Assets/Common/Materials/Basic Assets/BA_Glass_04.mat
  artifactKey: Guid(65d72af2f614466478d9d8d8d7593b95) Importer(2089858483,0ecaa5967403d082aa24f35e1b516d23)
Start importing Assets/Brick Project Studio/_BPS Basic Assets/Common/Materials/Basic Assets/BA_Glass_04.mat using Guid(65d72af2f614466478d9d8d8d7593b95) Importer(2089858483,0ecaa5967403d082aa24f35e1b516d23) Generated GUIDs only implemented for interfaces!
 -> (artifact id: '6174917ab45bf5de50cbb32fa8700428') in 0.017475 seconds
Number of updated asset objects reloaded before import = 0
Number of asset objects unloaded after import = 1
========================================================================
Received Import Request.
  Time since last request: 0.000026 seconds.
  path: Assets/Brick Project Studio/Apartment Kit/_Prefabs/Props/Sculptures/Sculpture_apt_02_02.prefab
  artifactKey: Guid(7148452916a07f34a8145e1d3f150b7d) Importer(2089858483,0ecaa5967403d082aa24f35e1b516d23)
Start importing Assets/Brick Project Studio/Apartment Kit/_Prefabs/Props/Sculptures/Sculpture_apt_02_02.prefab using Guid(7148452916a07f34a8145e1d3f150b7d) Importer(2089858483,0ecaa5967403d082aa24f35e1b516d23) Generated GUIDs only implemented for interfaces!
 -> (artifact id: '78d8b4688e227793064d4e9654925286') in 0.023274 seconds
Number of updated asset objects reloaded before import = 0
Number of asset objects unloaded after import = 8
========================================================================
Received Import Request.
  Time since last request: 0.000016 seconds.
  path: Assets/Brick Project Studio/Apartment Kit/_Prefabs/Props/Sculptures/Mech_apt_01.prefab
  artifactKey: Guid(2d6f3b929468cea46a733cd9fe79f4c9) Importer(2089858483,0ecaa5967403d082aa24f35e1b516d23)
Start importing Assets/Brick Project Studio/Apartment Kit/_Prefabs/Props/Sculptures/Mech_apt_01.prefab using Guid(2d6f3b929468cea46a733cd9fe79f4c9) Importer(2089858483,0ecaa5967403d082aa24f35e1b516d23) Generated GUIDs only implemented for interfaces!
 -> (artifact id: 'b9efb334d52180100e283f89dd3c9d89') in 0.029810 seconds
Number of updated asset objects reloaded before import = 0
Number of asset objects unloaded after import = 44
========================================================================
Received Import Request.
  Time since last request: 0.000016 seconds.
  path: Assets/Brick Project Studio/Apartment Kit/_Prefabs/Props/Sculptures/Sculpture_apt_01_05.prefab
  artifactKey: Guid(98d3eb0b3a4e0684ea38b5d3fe1c5fd6) Importer(2089858483,0ecaa5967403d082aa24f35e1b516d23)
Start importing Assets/Brick Project Studio/Apartment Kit/_Prefabs/Props/Sculptures/Sculpture_apt_01_05.prefab using Guid(98d3eb0b3a4e0684ea38b5d3fe1c5fd6) Importer(2089858483,0ecaa5967403d082aa24f35e1b516d23) Generated GUIDs only implemented for interfaces!
 -> (artifact id: '126187fdafeb6957f6dcde2d1932076a') in 0.017699 seconds
Number of updated asset objects reloaded before import = 0
Number of asset objects unloaded after import = 13
========================================================================
Received Import Request.
  Time since last request: 0.000020 seconds.
  path: Assets/Brick Project Studio/Apartment Kit/_Prefabs/Props/Sculptures/Sculpture_apt_01_02.prefab
  artifactKey: Guid(93aca5305e2fdde45bd10238f67be364) Importer(2089858483,0ecaa5967403d082aa24f35e1b516d23)
Start importing Assets/Brick Project Studio/Apartment Kit/_Prefabs/Props/Sculptures/Sculpture_apt_01_02.prefab using Guid(93aca5305e2fdde45bd10238f67be364) Importer(2089858483,0ecaa5967403d082aa24f35e1b516d23) Generated GUIDs only implemented for interfaces!
 -> (artifact id: '959308edb534512bd2c81fbcfa5e61b9') in 0.019344 seconds
Number of updated asset objects reloaded before import = 0
Number of asset objects unloaded after import = 13
========================================================================
Received Import Request.
  Time since last request: 0.000020 seconds.
  path: Assets/Brick Project Studio/Apartment Kit/_Prefabs/Props/Misc/Wall_Mirror_01.prefab
  artifactKey: Guid(22a931750861f724a854421dccfa17e0) Importer(2089858483,0ecaa5967403d082aa24f35e1b516d23)
Start importing Assets/Brick Project Studio/Apartment Kit/_Prefabs/Props/Misc/Wall_Mirror_01.prefab using Guid(22a931750861f724a854421dccfa17e0) Importer(2089858483,0ecaa5967403d082aa24f35e1b516d23) Generated GUIDs only implemented for interfaces!
 -> (artifact id: 'b41213fc2565b95ec4d7ace486be6907') in 0.021889 seconds
Number of updated asset objects reloaded before import = 0
Number of asset objects unloaded after import = 13
========================================================================
Received Import Request.
  Time since last request: 0.000016 seconds.
  path: Assets/Brick Project Studio/_BPS Basic Assets/Common/Materials/Basic Assets/BA_Color_Black_01.mat
  artifactKey: Guid(4cd790ac0d37bdc46970f6688c6b5070) Importer(2089858483,0ecaa5967403d082aa24f35e1b516d23)
Start importing Assets/Brick Project Studio/_BPS Basic Assets/Common/Materials/Basic Assets/BA_Color_Black_01.mat using Guid(4cd790ac0d37bdc46970f6688c6b5070) Importer(2089858483,0ecaa5967403d082aa24f35e1b516d23) Generated GUIDs only implemented for interfaces!
 -> (artifact id: 'abd8d11da6b919c5cd98ce56b588d5c9') in 0.014201 seconds
Number of updated asset objects reloaded before import = 0
Number of asset objects unloaded after import = 1
========================================================================
Received Import Request.
  Time since last request: 0.000021 seconds.
  path: Assets/Brick Project Studio/Apartment Kit/_Prefabs/Props/Misc/Trash_apt_01.prefab
  artifactKey: Guid(cd4ca976dbf626549971e19d7ef53367) Importer(2089858483,0ecaa5967403d082aa24f35e1b516d23)
Start importing Assets/Brick Project Studio/Apartment Kit/_Prefabs/Props/Misc/Trash_apt_01.prefab using Guid(cd4ca976dbf626549971e19d7ef53367) Importer(2089858483,0ecaa5967403d082aa24f35e1b516d23) Generated GUIDs only implemented for interfaces!
 -> (artifact id: '05bd10bb3fb7c04bb0c4bd303b953115') in 0.024285 seconds
Number of updated asset objects reloaded before import = 0
Number of asset objects unloaded after import = 8
========================================================================
Received Import Request.
  Time since last request: 0.000021 seconds.
  path: Assets/Brick Project Studio/_BPS Basic Assets/Common/Materials/Basic Assets/Ext_SS_01.mat
  artifactKey: Guid(82ab0cdd78fe56340a768888a061f55c) Importer(2089858483,0ecaa5967403d082aa24f35e1b516d23)
Start importing Assets/Brick Project Studio/_BPS Basic Assets/Common/Materials/Basic Assets/Ext_SS_01.mat using Guid(82ab0cdd78fe56340a768888a061f55c) Importer(2089858483,0ecaa5967403d082aa24f35e1b516d23) Generated GUIDs only implemented for interfaces!
 -> (artifact id: '4bf76a384e4d2e2d4dab5866dbe2b9dd') in 0.033467 seconds
Number of updated asset objects reloaded before import = 0
Number of asset objects unloaded after import = 2
========================================================================
Received Import Request.
  Time since last request: 0.000020 seconds.
  path: Assets/Brick Project Studio/_BPS Basic Assets/Common/Materials/Basic Assets/BA_Leather_01.mat
  artifactKey: Guid(0656c89128e147645951f2c0649b10f9) Importer(2089858483,0ecaa5967403d082aa24f35e1b516d23)
Start importing Assets/Brick Project Studio/_BPS Basic Assets/Common/Materials/Basic Assets/BA_Leather_01.mat using Guid(0656c89128e147645951f2c0649b10f9) Importer(2089858483,0ecaa5967403d082aa24f35e1b516d23) Generated GUIDs only implemented for interfaces!
 -> (artifact id: 'a25ae42aeafd95e99945ae54ff0b5f08') in 0.022688 seconds
Number of updated asset objects reloaded before import = 0
Number of asset objects unloaded after import = 3
========================================================================
Received Import Request.
  Time since last request: 0.000018 seconds.
  path: Assets/Brick Project Studio/_BPS Basic Assets/Common/Materials/Legacy/Brushed Chrome.mat
  artifactKey: Guid(403f7691aae4323499829c9fc28c7c6e) Importer(2089858483,0ecaa5967403d082aa24f35e1b516d23)
Start importing Assets/Brick Project Studio/_BPS Basic Assets/Common/Materials/Legacy/Brushed Chrome.mat using Guid(403f7691aae4323499829c9fc28c7c6e) Importer(2089858483,0ecaa5967403d082aa24f35e1b516d23) Generated GUIDs only implemented for interfaces!
 -> (artifact id: '849e6deea9d25d93c5d9e8cf0b0c3e87') in 0.014516 seconds
Number of updated asset objects reloaded before import = 0
Number of asset objects unloaded after import = 1
========================================================================
Received Import Request.
  Time since last request: 0.000023 seconds.
  path: Assets/Brick Project Studio/_BPS Basic Assets/Common/Models/Build Kits/Build Kit Exterior.fbx
  artifactKey: Guid(1e4c9d0deb3bcc144ae6e91318e143a7) Importer(2089858483,0ecaa5967403d082aa24f35e1b516d23)
Start importing Assets/Brick Project Studio/_BPS Basic Assets/Common/Models/Build Kits/Build Kit Exterior.fbx using Guid(1e4c9d0deb3bcc144ae6e91318e143a7) Importer(2089858483,0ecaa5967403d082aa24f35e1b516d23) Generated GUIDs only implemented for interfaces!
 -> (artifact id: 'e2d20269b8865f16396257d2b41352f9') in 0.044168 seconds
Number of updated asset objects reloaded before import = 0
Number of asset objects unloaded after import = 50
========================================================================
Received Import Request.
  Time since last request: 0.000019 seconds.
  path: Assets/Brick Project Studio/_BPS Basic Assets/Common/Materials/Legacy/Building Floor Tile.mat
  artifactKey: Guid(b65d6f1427086d84f91a3153f6f82ffc) Importer(2089858483,0ecaa5967403d082aa24f35e1b516d23)
Start importing Assets/Brick Project Studio/_BPS Basic Assets/Common/Materials/Legacy/Building Floor Tile.mat using Guid(b65d6f1427086d84f91a3153f6f82ffc) Importer(2089858483,0ecaa5967403d082aa24f35e1b516d23) Generated GUIDs only implemented for interfaces!
 -> (artifact id: '7c9493b11ac1e5ad0f731ee3d0e6e87c') in 0.025050 seconds
Number of updated asset objects reloaded before import = 0
Number of asset objects unloaded after import = 3
========================================================================
Received Import Request.
  Time since last request: 0.000022 seconds.
  path: Assets/Brick Project Studio/_BPS Basic Assets/Common/Models/Build Kits/Build Kit Exterior_03.fbx
  artifactKey: Guid(39d59b6b89252814494c963f97ed892f) Importer(2089858483,0ecaa5967403d082aa24f35e1b516d23)
Start importing Assets/Brick Project Studio/_BPS Basic Assets/Common/Models/Build Kits/Build Kit Exterior_03.fbx using Guid(39d59b6b89252814494c963f97ed892f) Importer(2089858483,0ecaa5967403d082aa24f35e1b516d23) Generated GUIDs only implemented for interfaces!
 -> (artifact id: '6a2308ceaf2d04ab19a05e9ffdfad452') in 0.032351 seconds
Number of updated asset objects reloaded before import = 0
Number of asset objects unloaded after import = 19
========================================================================
Received Import Request.
  Time since last request: 0.000020 seconds.
  path: Assets/Brick Project Studio/_BPS Basic Assets/Common/Materials/Legacy/Brick 02.mat
  artifactKey: Guid(3d1a06be464c4f34a858b507405a7bb5) Importer(2089858483,0ecaa5967403d082aa24f35e1b516d23)
Start importing Assets/Brick Project Studio/_BPS Basic Assets/Common/Materials/Legacy/Brick 02.mat using Guid(3d1a06be464c4f34a858b507405a7bb5) Importer(2089858483,0ecaa5967403d082aa24f35e1b516d23) Generated GUIDs only implemented for interfaces!
 -> (artifact id: '3235c9d7d33ecd29bc5b160508aba072') in 0.059748 seconds
Number of updated asset objects reloaded before import = 0
Number of asset objects unloaded after import = 4
========================================================================
Received Import Request.
  Time since last request: 0.000019 seconds.
  path: Assets/Brick Project Studio/_BPS Basic Assets/Common/Materials/Restroom/RR_Restroom_Sign.mat
  artifactKey: Guid(5b7c74c7b0bc859459d4dd7b7f164fb2) Importer(2089858483,0ecaa5967403d082aa24f35e1b516d23)
Start importing Assets/Brick Project Studio/_BPS Basic Assets/Common/Materials/Restroom/RR_Restroom_Sign.mat using Guid(5b7c74c7b0bc859459d4dd7b7f164fb2) Importer(2089858483,0ecaa5967403d082aa24f35e1b516d23) Generated GUIDs only implemented for interfaces!
 -> (artifact id: 'd2e526f578e51f7c8dae68a6b68f57b5') in 0.017465 seconds
Number of updated asset objects reloaded before import = 0
Number of asset objects unloaded after import = 2
========================================================================
Received Import Request.
  Time since last request: 0.000023 seconds.
  path: Assets/Brick Project Studio/_BPS Basic Assets/Common/Models/Build Kits/Build Kit BA_01.fbx
  artifactKey: Guid(65c4e0d1191656a43a436373673c91f7) Importer(2089858483,0ecaa5967403d082aa24f35e1b516d23)
Start importing Assets/Brick Project Studio/_BPS Basic Assets/Common/Models/Build Kits/Build Kit BA_01.fbx using Guid(65c4e0d1191656a43a436373673c91f7) Importer(2089858483,0ecaa5967403d082aa24f35e1b516d23) Generated GUIDs only implemented for interfaces!
 -> (artifact id: '7bffad51c30871d86bd313b0a642e552') in 0.045725 seconds
Number of updated asset objects reloaded before import = 0
Number of asset objects unloaded after import = 65
========================================================================
Received Import Request.
  Time since last request: 0.000018 seconds.
  path: Assets/Brick Project Studio/Apartment Kit/Common/Materials/Surface/Adler Dark Wood.mat
  artifactKey: Guid(2149baccf21e31043a0e66c87a72bfcd) Importer(2089858483,0ecaa5967403d082aa24f35e1b516d23)
Start importing Assets/Brick Project Studio/Apartment Kit/Common/Materials/Surface/Adler Dark Wood.mat using Guid(2149baccf21e31043a0e66c87a72bfcd) Importer(2089858483,0ecaa5967403d082aa24f35e1b516d23) Generated GUIDs only implemented for interfaces!
 -> (artifact id: '2011803dd7bde5ecc33d1861d413ac30') in 0.023522 seconds
Number of updated asset objects reloaded before import = 0
Number of asset objects unloaded after import = 3
========================================================================
Received Import Request.
  Time since last request: 0.000031 seconds.
  path: Assets/Brick Project Studio/_BPS Basic Assets/Common/Models/BPS_Chair_01.fbx
  artifactKey: Guid(b06a7002771176e48b2aaba873e28341) Importer(2089858483,0ecaa5967403d082aa24f35e1b516d23)
Start importing Assets/Brick Project Studio/_BPS Basic Assets/Common/Models/BPS_Chair_01.fbx using Guid(b06a7002771176e48b2aaba873e28341) Importer(2089858483,0ecaa5967403d082aa24f35e1b516d23) Generated GUIDs only implemented for interfaces!
 -> (artifact id: 'dd91379618a6327d9752e9ecac320867') in 0.043110 seconds
Number of updated asset objects reloaded before import = 0
Number of asset objects unloaded after import = 72
========================================================================
Received Import Request.
  Time since last request: 0.000018 seconds.
  path: Assets/Brick Project Studio/Apartment Kit/Common/Textures/Surface/BrushedMetal_N.png
  artifactKey: Guid(9c068687252a67747a8ff9e098cbf47b) Importer(2089858483,0ecaa5967403d082aa24f35e1b516d23)
Start importing Assets/Brick Project Studio/Apartment Kit/Common/Textures/Surface/BrushedMetal_N.png using Guid(9c068687252a67747a8ff9e098cbf47b) Importer(2089858483,0ecaa5967403d082aa24f35e1b516d23) Generated GUIDs only implemented for interfaces!
 -> (artifact id: 'a4fb9d7f81eb5bf310c4dfd9e8590322') in 0.041253 seconds
Number of updated asset objects reloaded before import = 0
Number of asset objects unloaded after import = 1
========================================================================
Received Import Request.
  Time since last request: 0.000033 seconds.
  path: Assets/Brick Project Studio/Apartment Kit/Common/Materials/Surface/Ebony Wood.mat
  artifactKey: Guid(5af27c19293d0ff4cb00b35cc2189634) Importer(2089858483,0ecaa5967403d082aa24f35e1b516d23)
Start importing Assets/Brick Project Studio/Apartment Kit/Common/Materials/Surface/Ebony Wood.mat using Guid(5af27c19293d0ff4cb00b35cc2189634) Importer(2089858483,0ecaa5967403d082aa24f35e1b516d23) Generated GUIDs only implemented for interfaces!
 -> (artifact id: 'c8e28da60d08eef2ff7d7b55215714ed') in 0.023457 seconds
Number of updated asset objects reloaded before import = 0
Number of asset objects unloaded after import = 4
========================================================================
Received Import Request.
  Time since last request: 0.000017 seconds.
  path: Assets/Brick Project Studio/_BPS Basic Assets/_Prefabs/Legacy/Buliding FloorPlane.prefab
  artifactKey: Guid(fc813e1d3f19bfc449ee6e7a5d8e579a) Importer(2089858483,0ecaa5967403d082aa24f35e1b516d23)
Start importing Assets/Brick Project Studio/_BPS Basic Assets/_Prefabs/Legacy/Buliding FloorPlane.prefab using Guid(fc813e1d3f19bfc449ee6e7a5d8e579a) Importer(2089858483,0ecaa5967403d082aa24f35e1b516d23) Generated GUIDs only implemented for interfaces!
 -> (artifact id: 'e763990feb3f42369c010c5461e6cc0c') in 0.018815 seconds
Number of updated asset objects reloaded before import = 0
Number of asset objects unloaded after import = 7
========================================================================
Received Import Request.
  Time since last request: 0.000020 seconds.
  path: Assets/Brick Project Studio/Apartment Kit/Common/Materials/Misc/GameConsole_01.mat
  artifactKey: Guid(cd2528b4c58decf4fa93cbcfc4c870ee) Importer(2089858483,0ecaa5967403d082aa24f35e1b516d23)
Start importing Assets/Brick Project Studio/Apartment Kit/Common/Materials/Misc/GameConsole_01.mat using Guid(cd2528b4c58decf4fa93cbcfc4c870ee) Importer(2089858483,0ecaa5967403d082aa24f35e1b516d23) Generated GUIDs only implemented for interfaces!
 -> (artifact id: '51be45bc006694b341903764f618bfe2') in 0.020202 seconds
Number of updated asset objects reloaded before import = 0
Number of asset objects unloaded after import = 2
========================================================================
Received Import Request.
  Time since last request: 0.000018 seconds.
  path: Assets/Brick Project Studio/Apartment Kit/Common/Textures/Surface/CT_Marble_01_N.png
  artifactKey: Guid(c17c63007b0781242b9a53c53f5a2102) Importer(2089858483,0ecaa5967403d082aa24f35e1b516d23)
Start importing Assets/Brick Project Studio/Apartment Kit/Common/Textures/Surface/CT_Marble_01_N.png using Guid(c17c63007b0781242b9a53c53f5a2102) Importer(2089858483,0ecaa5967403d082aa24f35e1b516d23) Generated GUIDs only implemented for interfaces!
 -> (artifact id: 'c15a8b19f8a86040879a5d52522e119c') in 0.041357 seconds
Number of updated asset objects reloaded before import = 0
Number of asset objects unloaded after import = 1
========================================================================
Received Import Request.
  Time since last request: 0.000051 seconds.
  path: Assets/Brick Project Studio/Apartment Kit/Common/Models/Bathroom_apt_02.fbx
  artifactKey: Guid(e9aeceee86b8ae7408c09bcee860a520) Importer(2089858483,0ecaa5967403d082aa24f35e1b516d23)
Start importing Assets/Brick Project Studio/Apartment Kit/Common/Models/Bathroom_apt_02.fbx using Guid(e9aeceee86b8ae7408c09bcee860a520) Importer(2089858483,0ecaa5967403d082aa24f35e1b516d23) Generated GUIDs only implemented for interfaces!
 -> (artifact id: '987e315b9d310b62f22203c43940edac') in 0.031854 seconds
Number of updated asset objects reloaded before import = 0
Number of asset objects unloaded after import = 27
========================================================================
Received Import Request.
  Time since last request: 0.000022 seconds.
  path: Assets/Brick Project Studio/_BPS Basic Assets/Common/Scripts and Animations/Windows/Closingwindow.anim
  artifactKey: Guid(7f8076bce6c4fc64dbaab62c05311db1) Importer(2089858483,0ecaa5967403d082aa24f35e1b516d23)
Start importing Assets/Brick Project Studio/_BPS Basic Assets/Common/Scripts and Animations/Windows/Closingwindow.anim using Guid(7f8076bce6c4fc64dbaab62c05311db1) Importer(2089858483,0ecaa5967403d082aa24f35e1b516d23) Generated GUIDs only implemented for interfaces!
 -> (artifact id: '51cfebb27a8069dd17738fe0f97a8c86') in 0.017994 seconds
Number of updated asset objects reloaded before import = 0
Number of asset objects unloaded after import = 1
========================================================================
Received Import Request.
  Time since last request: 0.000032 seconds.
  path: Assets/Brick Project Studio/_BPS Basic Assets/Common/Scripts and Animations/Windows/opencloseWindow.cs
  artifactKey: Guid(817d7f89b6e10ed4d804fa09670bf2ea) Importer(2089858483,0ecaa5967403d082aa24f35e1b516d23)
Start importing Assets/Brick Project Studio/_BPS Basic Assets/Common/Scripts and Animations/Windows/opencloseWindow.cs using Guid(817d7f89b6e10ed4d804fa09670bf2ea) Importer(2089858483,0ecaa5967403d082aa24f35e1b516d23) Generated GUIDs only implemented for interfaces!
 -> (artifact id: '2f8c2d91e0dd55c171348d96519285c7') in 0.014251 seconds
Number of updated asset objects reloaded before import = 0
Number of asset objects unloaded after import = 1
========================================================================
Received Import Request.
  Time since last request: 0.000076 seconds.
  path: Assets/Brick Project Studio/_BPS Basic Assets/Common/Textures/Basic Asset/BA_knob and key_A.png
  artifactKey: Guid(7a68073835939764bbb1c74b48466e00) Importer(2089858483,0ecaa5967403d082aa24f35e1b516d23)
Start importing Assets/Brick Project Studio/_BPS Basic Assets/Common/Textures/Basic Asset/BA_knob and key_A.png using Guid(7a68073835939764bbb1c74b48466e00) Importer(2089858483,0ecaa5967403d082aa24f35e1b516d23) Generated GUIDs only implemented for interfaces!
 -> (artifact id: 'ca8b1965603748e10697c58c4e1a53e7') in 0.042975 seconds
Number of updated asset objects reloaded before import = 0
Number of asset objects unloaded after import = 1
========================================================================
Received Import Request.
  Time since last request: 0.000070 seconds.
  path: Assets/Brick Project Studio/_BPS Basic Assets/Common/Textures/Basic Asset/BA_Metal_Brushed_01_A.png
  artifactKey: Guid(5f5dd08795363b04f8b9c1c6f2ca0ade) Importer(2089858483,0ecaa5967403d082aa24f35e1b516d23)
Start importing Assets/Brick Project Studio/_BPS Basic Assets/Common/Textures/Basic Asset/BA_Metal_Brushed_01_A.png using Guid(5f5dd08795363b04f8b9c1c6f2ca0ade) Importer(2089858483,0ecaa5967403d082aa24f35e1b516d23) Generated GUIDs only implemented for interfaces!
 -> (artifact id: '9233ccf7ef35b17b4dc9b58023ac1d78') in 0.036893 seconds
Number of updated asset objects reloaded before import = 0
Number of asset objects unloaded after import = 1
========================================================================
Received Import Request.
  Time since last request: 0.000020 seconds.
  path: Assets/Brick Project Studio/_BPS Basic Assets/Common/Textures/Basic Asset/Int_BA_02.png
  artifactKey: Guid(a7d954ba596ba994bbcc72a405b61589) Importer(2089858483,0ecaa5967403d082aa24f35e1b516d23)
Start importing Assets/Brick Project Studio/_BPS Basic Assets/Common/Textures/Basic Asset/Int_BA_02.png using Guid(a7d954ba596ba994bbcc72a405b61589) Importer(2089858483,0ecaa5967403d082aa24f35e1b516d23) Generated GUIDs only implemented for interfaces!
 -> (artifact id: 'e6cd1bcb9556d0ac5e44e6fc1f0dfef7') in 0.044194 seconds
Number of updated asset objects reloaded before import = 0
Number of asset objects unloaded after import = 1
========================================================================
Received Import Request.
  Time since last request: 0.000101 seconds.
  path: Assets/Brick Project Studio/_BPS Basic Assets/Common/Textures/Basic Asset/Int_BA_01.png
  artifactKey: Guid(81996dc1d41eda84f9d6b55c50adea82) Importer(2089858483,0ecaa5967403d082aa24f35e1b516d23)
Start importing Assets/Brick Project Studio/_BPS Basic Assets/Common/Textures/Basic Asset/Int_BA_01.png using Guid(81996dc1d41eda84f9d6b55c50adea82) Importer(2089858483,0ecaa5967403d082aa24f35e1b516d23) Generated GUIDs only implemented for interfaces!
 -> (artifact id: 'a1ea7a894a36a1990e1e12316d9cafb4') in 0.044060 seconds
Number of updated asset objects reloaded before import = 0
Number of asset objects unloaded after import = 1
========================================================================
Received Import Request.
  Time since last request: 0.000032 seconds.
  path: Assets/Brick Project Studio/_BPS Basic Assets/Common/Scripts and Animations/Doors/Closing.anim
  artifactKey: Guid(107c03b19248aa740b48b8e3714d20ec) Importer(2089858483,0ecaa5967403d082aa24f35e1b516d23)
Start importing Assets/Brick Project Studio/_BPS Basic Assets/Common/Scripts and Animations/Doors/Closing.anim using Guid(107c03b19248aa740b48b8e3714d20ec) Importer(2089858483,0ecaa5967403d082aa24f35e1b516d23) Generated GUIDs only implemented for interfaces!
 -> (artifact id: '149deead8831a66210fba4f3e239b2e2') in 0.016094 seconds
Number of updated asset objects reloaded before import = 0
Number of asset objects unloaded after import = 1
========================================================================
Received Import Request.
  Time since last request: 0.000017 seconds.
  path: Assets/Brick Project Studio/Apartment Kit/Common/Models/Bathroom_Corner_Tiles.fbx
  artifactKey: Guid(d265ac661f1c8d64386d043a4b4b8f9c) Importer(2089858483,0ecaa5967403d082aa24f35e1b516d23)
Start importing Assets/Brick Project Studio/Apartment Kit/Common/Models/Bathroom_Corner_Tiles.fbx using Guid(d265ac661f1c8d64386d043a4b4b8f9c) Importer(2089858483,0ecaa5967403d082aa24f35e1b516d23) Generated GUIDs only implemented for interfaces!
 -> (artifact id: '037e3c129d793cbc1d8dcfdbd5461bf3') in 0.032263 seconds
Number of updated asset objects reloaded before import = 0
Number of asset objects unloaded after import = 15
========================================================================
Received Import Request.
  Time since last request: 0.000023 seconds.
  path: Assets/Brick Project Studio/Apartment Kit/Common/Materials/Misc/Toothbrush_01.mat
  artifactKey: Guid(ff18b0d4ff41ef34faf22d93e7d8b8ed) Importer(2089858483,0ecaa5967403d082aa24f35e1b516d23)
Start importing Assets/Brick Project Studio/Apartment Kit/Common/Materials/Misc/Toothbrush_01.mat using Guid(ff18b0d4ff41ef34faf22d93e7d8b8ed) Importer(2089858483,0ecaa5967403d082aa24f35e1b516d23) Generated GUIDs only implemented for interfaces!
 -> (artifact id: '3c756c38e0aa9699a01d909b2d925ac3') in 0.019563 seconds
Number of updated asset objects reloaded before import = 0
Number of asset objects unloaded after import = 2
========================================================================
Received Import Request.
  Time since last request: 0.000031 seconds.
  path: Assets/Brick Project Studio/Apartment Kit/Common/Scripts & Animation/Windows/openandclosewindow.controller
  artifactKey: Guid(cee913081722036408a297a363171970) Importer(2089858483,0ecaa5967403d082aa24f35e1b516d23)
Start importing Assets/Brick Project Studio/Apartment Kit/Common/Scripts & Animation/Windows/openandclosewindow.controller using Guid(cee913081722036408a297a363171970) Importer(2089858483,0ecaa5967403d082aa24f35e1b516d23) Generated GUIDs only implemented for interfaces!
 -> (artifact id: '2ef8a8ed090fd4c9501450809d6abc5b') in 0.015303 seconds
Number of updated asset objects reloaded before import = 0
Number of asset objects unloaded after import = 7
========================================================================
Received Import Request.
  Time since last request: 0.000021 seconds.
  path: Assets/Brick Project Studio/Apartment Kit/Common/Materials/Misc/Int_Apt_MarbleWall_01.mat
  artifactKey: Guid(14caf24636c53854ea2f3f8ca2dd0fc1) Importer(2089858483,0ecaa5967403d082aa24f35e1b516d23)
Start importing Assets/Brick Project Studio/Apartment Kit/Common/Materials/Misc/Int_Apt_MarbleWall_01.mat using Guid(14caf24636c53854ea2f3f8ca2dd0fc1) Importer(2089858483,0ecaa5967403d082aa24f35e1b516d23) Generated GUIDs only implemented for interfaces!
 -> (artifact id: '6d7eee03913f6ed4816b2b3631d7f336') in 0.016568 seconds
Number of updated asset objects reloaded before import = 0
Number of asset objects unloaded after import = 2
========================================================================
Received Import Request.
  Time since last request: 0.000021 seconds.
  path: Assets/Brick Project Studio/Apartment Kit/_Prefabs/Apt Build Kit/Int into Ext/IntExt_apt_DoorFrame_02_01.prefab
  artifactKey: Guid(eca1c14fa4f815e4d96961d241f47cfd) Importer(2089858483,0ecaa5967403d082aa24f35e1b516d23)
Start importing Assets/Brick Project Studio/Apartment Kit/_Prefabs/Apt Build Kit/Int into Ext/IntExt_apt_DoorFrame_02_01.prefab using Guid(eca1c14fa4f815e4d96961d241f47cfd) Importer(2089858483,0ecaa5967403d082aa24f35e1b516d23) Generated GUIDs only implemented for interfaces!
 -> (artifact id: '8c937519b6c584258e8edbab3f255397') in 0.021645 seconds
Number of updated asset objects reloaded before import = 0
Number of asset objects unloaded after import = 20
========================================================================
Received Import Request.
  Time since last request: 0.000017 seconds.
  path: Assets/Brick Project Studio/Apartment Kit/_Prefabs/Furniture/Wine Cabinet/BarCabinet_Apt_01_Filled Variant.prefab
  artifactKey: Guid(16309159579d34a4c92f5e68f4824d8b) Importer(2089858483,0ecaa5967403d082aa24f35e1b516d23)
Start importing Assets/Brick Project Studio/Apartment Kit/_Prefabs/Furniture/Wine Cabinet/BarCabinet_Apt_01_Filled Variant.prefab using Guid(16309159579d34a4c92f5e68f4824d8b) Importer(2089858483,0ecaa5967403d082aa24f35e1b516d23) Generated GUIDs only implemented for interfaces!
 -> (artifact id: '15847a7839b090b409443aab7ae7eb20') in 0.029401 seconds
Number of updated asset objects reloaded before import = 0
Number of asset objects unloaded after import = 195
========================================================================
Received Import Request.
  Time since last request: 0.000032 seconds.
  path: Assets/Brick Project Studio/Apartment Kit/Common/Textures/Surface/FabricShadeGlow_N.png
  artifactKey: Guid(3589673dae3d8704aac5304d2d3dcf2f) Importer(2089858483,0ecaa5967403d082aa24f35e1b516d23)
Start importing Assets/Brick Project Studio/Apartment Kit/Common/Textures/Surface/FabricShadeGlow_N.png using Guid(3589673dae3d8704aac5304d2d3dcf2f) Importer(2089858483,0ecaa5967403d082aa24f35e1b516d23) Generated GUIDs only implemented for interfaces!
 -> (artifact id: 'df88fa4481fbb6fd8a38977765688684') in 0.035907 seconds
Number of updated asset objects reloaded before import = 0
Number of asset objects unloaded after import = 1
========================================================================
Received Import Request.
  Time since last request: 0.000091 seconds.
  path: Assets/Brick Project Studio/Apartment Kit/Common/Scripts & Animation/Closet/ClosetClosing.anim
  artifactKey: Guid(e0b788da15cf52845935b78a74246255) Importer(2089858483,0ecaa5967403d082aa24f35e1b516d23)
Start importing Assets/Brick Project Studio/Apartment Kit/Common/Scripts & Animation/Closet/ClosetClosing.anim using Guid(e0b788da15cf52845935b78a74246255) Importer(2089858483,0ecaa5967403d082aa24f35e1b516d23) Generated GUIDs only implemented for interfaces!
 -> (artifact id: 'eee834b02874dcb2e0c597722ef43afd') in 0.021385 seconds
Number of updated asset objects reloaded before import = 0
Number of asset objects unloaded after import = 1
========================================================================
Received Import Request.
  Time since last request: 0.000020 seconds.
  path: Assets/Brick Project Studio/Apartment Kit/_Prefabs/Furniture/Wine Cabinet/BarCabinet_Apt_04_Filled.prefab
  artifactKey: Guid(2e2398df6726e164fb29cbffecf878a0) Importer(2089858483,0ecaa5967403d082aa24f35e1b516d23)
Start importing Assets/Brick Project Studio/Apartment Kit/_Prefabs/Furniture/Wine Cabinet/BarCabinet_Apt_04_Filled.prefab using Guid(2e2398df6726e164fb29cbffecf878a0) Importer(2089858483,0ecaa5967403d082aa24f35e1b516d23) Generated GUIDs only implemented for interfaces!
 -> (artifact id: '791debe223b7cc7053cbf68e891283f2') in 0.029818 seconds
Number of updated asset objects reloaded before import = 0
Number of asset objects unloaded after import = 178
========================================================================
Received Import Request.
  Time since last request: 0.000022 seconds.
  path: Assets/Brick Project Studio/Apartment Kit/Common/Textures/Misc/Lamp 02 Standing.png
  artifactKey: Guid(55dfb52b333416b4580cd9cd619b1904) Importer(2089858483,0ecaa5967403d082aa24f35e1b516d23)
Start importing Assets/Brick Project Studio/Apartment Kit/Common/Textures/Misc/Lamp 02 Standing.png using Guid(55dfb52b333416b4580cd9cd619b1904) Importer(2089858483,0ecaa5967403d082aa24f35e1b516d23) Generated GUIDs only implemented for interfaces!
 -> (artifact id: '9d08dfb9de08c536b5a6739704965cac') in 0.041033 seconds
Number of updated asset objects reloaded before import = 0
Number of asset objects unloaded after import = 1
========================================================================
Received Import Request.
  Time since last request: 0.000051 seconds.
  path: Assets/Brick Project Studio/_BPS Basic Assets/Common/Materials/Fire/Fire_Glow_01.mat
  artifactKey: Guid(9a0e2afa4dfa26744be17b68a3e1b98d) Importer(2089858483,0ecaa5967403d082aa24f35e1b516d23)
Start importing Assets/Brick Project Studio/_BPS Basic Assets/Common/Materials/Fire/Fire_Glow_01.mat using Guid(9a0e2afa4dfa26744be17b68a3e1b98d) Importer(2089858483,0ecaa5967403d082aa24f35e1b516d23) Generated GUIDs only implemented for interfaces!
 -> (artifact id: '96b81150d717cdb41b1dd81a53bac72f') in 0.018387 seconds
Number of updated asset objects reloaded before import = 0
Number of asset objects unloaded after import = 1
========================================================================
Received Import Request.
  Time since last request: 0.000018 seconds.
  path: Assets/Brick Project Studio/_BPS Basic Assets/Common/Textures/Legacy/Floor.png
  artifactKey: Guid(ca6c7e19f0ffcd348961b68ecb61461c) Importer(2089858483,0ecaa5967403d082aa24f35e1b516d23)
Start importing Assets/Brick Project Studio/_BPS Basic Assets/Common/Textures/Legacy/Floor.png using Guid(ca6c7e19f0ffcd348961b68ecb61461c) Importer(2089858483,0ecaa5967403d082aa24f35e1b516d23) Generated GUIDs only implemented for interfaces!
 -> (artifact id: 'f8d214c13b47af5c695538dd5fb87c8b') in 0.042424 seconds
Number of updated asset objects reloaded before import = 0
Number of asset objects unloaded after import = 1
========================================================================
Received Import Request.
  Time since last request: 0.000020 seconds.
  path: Assets/Brick Project Studio/_BPS Basic Assets/_Prefabs/Restroom/Fixtures/RR_SoapDispenser_01.prefab
  artifactKey: Guid(912b5bb11c24b3842b28157f23895c1e) Importer(2089858483,0ecaa5967403d082aa24f35e1b516d23)
Start importing Assets/Brick Project Studio/_BPS Basic Assets/_Prefabs/Restroom/Fixtures/RR_SoapDispenser_01.prefab using Guid(912b5bb11c24b3842b28157f23895c1e) Importer(2089858483,0ecaa5967403d082aa24f35e1b516d23) Generated GUIDs only implemented for interfaces!
 -> (artifact id: 'aa1cc3683ce24ccba2c647dc28afff5a') in 0.024799 seconds
Number of updated asset objects reloaded before import = 0
Number of asset objects unloaded after import = 23
========================================================================
Received Import Request.
  Time since last request: 0.000022 seconds.
  path: Assets/Brick Project Studio/_BPS Basic Assets/_Prefabs/Restroom/Fixtures/RR_Sink_01.prefab
  artifactKey: Guid(29ca7f8f26bee5640b6fc390d6bc4e74) Importer(2089858483,0ecaa5967403d082aa24f35e1b516d23)
Start importing Assets/Brick Project Studio/_BPS Basic Assets/_Prefabs/Restroom/Fixtures/RR_Sink_01.prefab using Guid(29ca7f8f26bee5640b6fc390d6bc4e74) Importer(2089858483,0ecaa5967403d082aa24f35e1b516d23) Generated GUIDs only implemented for interfaces!
 -> (artifact id: '72fd1abe75cd560b9647a5d143536646') in 0.034816 seconds
Number of updated asset objects reloaded before import = 0
Number of asset objects unloaded after import = 23
========================================================================
Received Import Request.
  Time since last request: 0.000018 seconds.
  path: Assets/Brick Project Studio/_BPS Basic Assets/_Prefabs/Basic Asset/Furniture_Props/BPS_Chair_01.prefab
  artifactKey: Guid(cd8fcc5431d7f7e46be3c7c12ed32513) Importer(2089858483,0ecaa5967403d082aa24f35e1b516d23)
Start importing Assets/Brick Project Studio/_BPS Basic Assets/_Prefabs/Basic Asset/Furniture_Props/BPS_Chair_01.prefab using Guid(cd8fcc5431d7f7e46be3c7c12ed32513) Importer(2089858483,0ecaa5967403d082aa24f35e1b516d23) Generated GUIDs only implemented for interfaces!
 -> (artifact id: '889101b2b0de3a9fa665aec71f8ba5f4') in 0.026045 seconds
Number of updated asset objects reloaded before import = 0
Number of asset objects unloaded after import = 74
========================================================================
Received Import Request.
  Time since last request: 0.000029 seconds.
  path: Assets/Brick Project Studio/_BPS Basic Assets/Common/Textures/Restroom/RR_Soap.png
  artifactKey: Guid(50db091480042264c8a7037d6712c054) Importer(2089858483,0ecaa5967403d082aa24f35e1b516d23)
Start importing Assets/Brick Project Studio/_BPS Basic Assets/Common/Textures/Restroom/RR_Soap.png using Guid(50db091480042264c8a7037d6712c054) Importer(2089858483,0ecaa5967403d082aa24f35e1b516d23) Generated GUIDs only implemented for interfaces!
 -> (artifact id: '619c9f1167b2c2cbb0324755f3c726cf') in 0.038219 seconds
Number of updated asset objects reloaded before import = 0
Number of asset objects unloaded after import = 1
========================================================================
Received Import Request.
  Time since last request: 0.000020 seconds.
  path: Assets/Brick Project Studio/_BPS Basic Assets/Common/Textures/Legacy/Wood Floor 01.png
  artifactKey: Guid(ab709a2e76552b840b33c13d39165fc6) Importer(2089858483,0ecaa5967403d082aa24f35e1b516d23)
Start importing Assets/Brick Project Studio/_BPS Basic Assets/Common/Textures/Legacy/Wood Floor 01.png using Guid(ab709a2e76552b840b33c13d39165fc6) Importer(2089858483,0ecaa5967403d082aa24f35e1b516d23) Generated GUIDs only implemented for interfaces!
 -> (artifact id: 'f1f1fd984159d736e505823d221d44fd') in 0.043594 seconds
Number of updated asset objects reloaded before import = 0
Number of asset objects unloaded after import = 1
========================================================================
Received Import Request.
  Time since last request: 0.000038 seconds.
  path: Assets/Brick Project Studio/Apartment Kit/_Prefabs/Apt Build Kit/Exteriors/Ext_Apt_01/Ext_Apt_01_Pillar_2x2.prefab
  artifactKey: Guid(26ae75b7e5c390d4f8755cadf4903875) Importer(2089858483,0ecaa5967403d082aa24f35e1b516d23)
Start importing Assets/Brick Project Studio/Apartment Kit/_Prefabs/Apt Build Kit/Exteriors/Ext_Apt_01/Ext_Apt_01_Pillar_2x2.prefab using Guid(26ae75b7e5c390d4f8755cadf4903875) Importer(2089858483,0ecaa5967403d082aa24f35e1b516d23) Generated GUIDs only implemented for interfaces!
 -> (artifact id: '7b5e3ee7f4b615ee091a7f8e772d24fa') in 0.016237 seconds
Number of updated asset objects reloaded before import = 0
Number of asset objects unloaded after import = 8
========================================================================
Received Import Request.
  Time since last request: 0.000034 seconds.
  path: Assets/Brick Project Studio/_BPS Basic Assets/_Prefabs/Restroom/Fixtures/RR_HandDryer_01.prefab
  artifactKey: Guid(a1a5c6c9007efa348b1c7dd3e3039972) Importer(2089858483,0ecaa5967403d082aa24f35e1b516d23)
Start importing Assets/Brick Project Studio/_BPS Basic Assets/_Prefabs/Restroom/Fixtures/RR_HandDryer_01.prefab using Guid(a1a5c6c9007efa348b1c7dd3e3039972) Importer(2089858483,0ecaa5967403d082aa24f35e1b516d23) Generated GUIDs only implemented for interfaces!
 -> (artifact id: 'e8d6184c5888f3426a4e28c1f869b0f9') in 0.022217 seconds
Number of updated asset objects reloaded before import = 0
Number of asset objects unloaded after import = 8
========================================================================
Received Import Request.
  Time since last request: 0.000020 seconds.
  path: Assets/Brick Project Studio/_BPS Basic Assets/Common/Scripts and Animations/Windows/Openingwindow 1.anim
  artifactKey: Guid(2c99a5e23d89e6d4f9019650e3b3776a) Importer(2089858483,0ecaa5967403d082aa24f35e1b516d23)
Start importing Assets/Brick Project Studio/_BPS Basic Assets/Common/Scripts and Animations/Windows/Openingwindow 1.anim using Guid(2c99a5e23d89e6d4f9019650e3b3776a) Importer(2089858483,0ecaa5967403d082aa24f35e1b516d23) Generated GUIDs only implemented for interfaces!
 -> (artifact id: 'a869999be1deae5127d6e535bb8583b6') in 0.017294 seconds
Number of updated asset objects reloaded before import = 0
Number of asset objects unloaded after import = 1
========================================================================
Received Import Request.
  Time since last request: 0.000024 seconds.
  path: Assets/Brick Project Studio/_BPS Basic Assets/Common/Scripts and Animations/Doors/opencloseDoor.cs
  artifactKey: Guid(1e8192f35a44301488ec0f072d9a16fe) Importer(2089858483,0ecaa5967403d082aa24f35e1b516d23)
Start importing Assets/Brick Project Studio/_BPS Basic Assets/Common/Scripts and Animations/Doors/opencloseDoor.cs using Guid(1e8192f35a44301488ec0f072d9a16fe) Importer(2089858483,0ecaa5967403d082aa24f35e1b516d23) Generated GUIDs only implemented for interfaces!
 -> (artifact id: '33218d9caece246b32297814066f79e2') in 0.016625 seconds
Number of updated asset objects reloaded before import = 0
Number of asset objects unloaded after import = 1
========================================================================
Received Import Request.
  Time since last request: 0.000060 seconds.
  path: Assets/Brick Project Studio/Apartment Kit/_Prefabs/Apt Build Kit/Exteriors/Ext_Apt_01/Ext_Apt_01_Corner_01.prefab
  artifactKey: Guid(bd7983b1a49044746ab3ec58a61d0c4a) Importer(2089858483,0ecaa5967403d082aa24f35e1b516d23)
Start importing Assets/Brick Project Studio/Apartment Kit/_Prefabs/Apt Build Kit/Exteriors/Ext_Apt_01/Ext_Apt_01_Corner_01.prefab using Guid(bd7983b1a49044746ab3ec58a61d0c4a) Importer(2089858483,0ecaa5967403d082aa24f35e1b516d23) Generated GUIDs only implemented for interfaces!
 -> (artifact id: '40409363b41f37d94b2aadc1968b3c61') in 0.019715 seconds
Number of updated asset objects reloaded before import = 0
Number of asset objects unloaded after import = 8
========================================================================
Received Import Request.
  Time since last request: 0.000016 seconds.
  path: Assets/Brick Project Studio/_BPS Basic Assets/Common/Scripts and Animations/Windows/Closingwindow 1.anim
  artifactKey: Guid(58b3370ea2243b7438a41900e6cd12e8) Importer(2089858483,0ecaa5967403d082aa24f35e1b516d23)
Start importing Assets/Brick Project Studio/_BPS Basic Assets/Common/Scripts and Animations/Windows/Closingwindow 1.anim using Guid(58b3370ea2243b7438a41900e6cd12e8) Importer(2089858483,0ecaa5967403d082aa24f35e1b516d23) Generated GUIDs only implemented for interfaces!
 -> (artifact id: 'c501e4d9f5bf4d7fd6ffc70a141cf012') in 0.015902 seconds
Number of updated asset objects reloaded before import = 0
Number of asset objects unloaded after import = 1
========================================================================
Received Import Request.
  Time since last request: 0.000055 seconds.
  path: Assets/Brick Project Studio/_BPS Basic Assets/Common/Materials/Fire/Fire_Add_02.mat
  artifactKey: Guid(0fdd751cd86106446afa0dc09e0eeb8e) Importer(2089858483,0ecaa5967403d082aa24f35e1b516d23)
Start importing Assets/Brick Project Studio/_BPS Basic Assets/Common/Materials/Fire/Fire_Add_02.mat using Guid(0fdd751cd86106446afa0dc09e0eeb8e) Importer(2089858483,0ecaa5967403d082aa24f35e1b516d23) Generated GUIDs only implemented for interfaces!
 -> (artifact id: '1db37b9d80e415556af4b99af6a2e0f3') in 0.016935 seconds
Number of updated asset objects reloaded before import = 0
Number of asset objects unloaded after import = 2
========================================================================
Received Import Request.
  Time since last request: 0.000019 seconds.
  path: Assets/Brick Project Studio/_BPS Basic Assets/_Prefabs/Restroom/Fixtures/RR_ToiletPaperDispenser.prefab
  artifactKey: Guid(c78bc6eecce41e24ea169a70169c6508) Importer(2089858483,0ecaa5967403d082aa24f35e1b516d23)
Start importing Assets/Brick Project Studio/_BPS Basic Assets/_Prefabs/Restroom/Fixtures/RR_ToiletPaperDispenser.prefab using Guid(c78bc6eecce41e24ea169a70169c6508) Importer(2089858483,0ecaa5967403d082aa24f35e1b516d23) Generated GUIDs only implemented for interfaces!
 -> (artifact id: '5b842192f172bc02b50d03d6806d283d') in 0.019492 seconds
Number of updated asset objects reloaded before import = 0
Number of asset objects unloaded after import = 13
========================================================================
Received Import Request.
  Time since last request: 0.000015 seconds.
  path: Assets/Brick Project Studio/_BPS Basic Assets/Common/Textures/Basic Asset/BA_Concrete_N.png
  artifactKey: Guid(5ef54bc528dd11344b45f3c8a9aed64b) Importer(2089858483,0ecaa5967403d082aa24f35e1b516d23)
Start importing Assets/Brick Project Studio/_BPS Basic Assets/Common/Textures/Basic Asset/BA_Concrete_N.png using Guid(5ef54bc528dd11344b45f3c8a9aed64b) Importer(2089858483,0ecaa5967403d082aa24f35e1b516d23) Generated GUIDs only implemented for interfaces!
 -> (artifact id: '2c019e2caebbb7a56a2a197c4d63f49d') in 0.041370 seconds
Number of updated asset objects reloaded before import = 0
Number of asset objects unloaded after import = 1
========================================================================
Received Import Request.
  Time since last request: 0.000071 seconds.
  path: Assets/Brick Project Studio/_BPS Basic Assets/Common/Materials/Restroom/RR_BathroomPaper.mat
  artifactKey: Guid(59f4361ca0482dc47b43305e31892b29) Importer(2089858483,0ecaa5967403d082aa24f35e1b516d23)
Start importing Assets/Brick Project Studio/_BPS Basic Assets/Common/Materials/Restroom/RR_BathroomPaper.mat using Guid(59f4361ca0482dc47b43305e31892b29) Importer(2089858483,0ecaa5967403d082aa24f35e1b516d23) Generated GUIDs only implemented for interfaces!
 -> (artifact id: 'b8b8ad50b0d57dc7ad15c41258f679b3') in 0.022575 seconds
Number of updated asset objects reloaded before import = 0
Number of asset objects unloaded after import = 3
========================================================================
Received Import Request.
  Time since last request: 0.000018 seconds.
  path: Assets/Brick Project Studio/_BPS Basic Assets/Common/Materials/Legacy/Brick mute 02.mat
  artifactKey: Guid(099e69089d2c47044b06273bff53533d) Importer(2089858483,0ecaa5967403d082aa24f35e1b516d23)
Start importing Assets/Brick Project Studio/_BPS Basic Assets/Common/Materials/Legacy/Brick mute 02.mat using Guid(099e69089d2c47044b06273bff53533d) Importer(2089858483,0ecaa5967403d082aa24f35e1b516d23) Generated GUIDs only implemented for interfaces!
 -> (artifact id: 'bfa6ec70eac24fa50a59e00b619a6354') in 0.018939 seconds
Number of updated asset objects reloaded before import = 0
Number of asset objects unloaded after import = 4
========================================================================
Received Import Request.
  Time since last request: 0.000020 seconds.
  path: Assets/Brick Project Studio/_BPS Basic Assets/Common/Scripts and Animations/Doors/Opening.anim
  artifactKey: Guid(346d4004c3a668e4d8afa4a40d47416d) Importer(2089858483,0ecaa5967403d082aa24f35e1b516d23)
Start importing Assets/Brick Project Studio/_BPS Basic Assets/Common/Scripts and Animations/Doors/Opening.anim using Guid(346d4004c3a668e4d8afa4a40d47416d) Importer(2089858483,0ecaa5967403d082aa24f35e1b516d23) Generated GUIDs only implemented for interfaces!
 -> (artifact id: '3714b1c08b49187a3771e21191ac23c5') in 0.017534 seconds
Number of updated asset objects reloaded before import = 0
Number of asset objects unloaded after import = 1
========================================================================
Received Import Request.
  Time since last request: 0.000031 seconds.
  path: Assets/Brick Project Studio/_BPS Basic Assets/Common/Textures/Basic Asset/BA_leather_A.png
  artifactKey: Guid(0c1ee1d71026ae54bbf4ce91fbd6a87a) Importer(2089858483,0ecaa5967403d082aa24f35e1b516d23)
Start importing Assets/Brick Project Studio/_BPS Basic Assets/Common/Textures/Basic Asset/BA_leather_A.png using Guid(0c1ee1d71026ae54bbf4ce91fbd6a87a) Importer(2089858483,0ecaa5967403d082aa24f35e1b516d23) Generated GUIDs only implemented for interfaces!
 -> (artifact id: '0083f6081473b589a0399d191a587c10') in 0.039230 seconds
Number of updated asset objects reloaded before import = 0
Number of asset objects unloaded after import = 1
========================================================================
Received Import Request.
  Time since last request: 0.000060 seconds.
  path: Assets/Brick Project Studio/Apartment Kit/_Prefabs/Apt Build Kit/Interiors/Frames Windows Stairs & Doors/Frame_Apt_02.prefab
  artifactKey: Guid(339af60aba47cba459f763bee7ddb43f) Importer(2089858483,0ecaa5967403d082aa24f35e1b516d23)
Start importing Assets/Brick Project Studio/Apartment Kit/_Prefabs/Apt Build Kit/Interiors/Frames Windows Stairs & Doors/Frame_Apt_02.prefab using Guid(339af60aba47cba459f763bee7ddb43f) Importer(2089858483,0ecaa5967403d082aa24f35e1b516d23) Generated GUIDs only implemented for interfaces!
 -> (artifact id: 'b56a53be232211548b3e92ee5c2c90f5') in 0.018472 seconds
Number of updated asset objects reloaded before import = 0
Number of asset objects unloaded after import = 7
========================================================================
Received Import Request.
  Time since last request: 0.000023 seconds.
  path: Assets/Brick Project Studio/Apartment Kit/_Prefabs/Apt Build Kit/Interiors/Flooring & Ceilings/Int_apt_03_Floor_02.prefab
  artifactKey: Guid(a210596d183602d4f9abc956ba791b9e) Importer(2089858483,0ecaa5967403d082aa24f35e1b516d23)
Start importing Assets/Brick Project Studio/Apartment Kit/_Prefabs/Apt Build Kit/Interiors/Flooring & Ceilings/Int_apt_03_Floor_02.prefab using Guid(a210596d183602d4f9abc956ba791b9e) Importer(2089858483,0ecaa5967403d082aa24f35e1b516d23) Generated GUIDs only implemented for interfaces!
 -> (artifact id: '1100bf23ee3dfefb128b79a634ac1077') in 0.021199 seconds
Number of updated asset objects reloaded before import = 0
Number of asset objects unloaded after import = 8
========================================================================
Received Import Request.
  Time since last request: 0.000022 seconds.
  path: Assets/Brick Project Studio/Apartment Kit/_Prefabs/Apt Build Kit/Interiors/Frames Windows Stairs & Doors/Staricases_01_Setup.prefab
  artifactKey: Guid(50ce1d3cebd78214e839f75e8796a39b) Importer(2089858483,0ecaa5967403d082aa24f35e1b516d23)
Start importing Assets/Brick Project Studio/Apartment Kit/_Prefabs/Apt Build Kit/Interiors/Frames Windows Stairs & Doors/Staricases_01_Setup.prefab using Guid(50ce1d3cebd78214e839f75e8796a39b) Importer(2089858483,0ecaa5967403d082aa24f35e1b516d23) Generated GUIDs only implemented for interfaces!
 -> (artifact id: 'e875677af3fc354aaeb727d7753b52ab') in 0.022988 seconds
Number of updated asset objects reloaded before import = 0
Number of asset objects unloaded after import = 288
========================================================================
Received Import Request.
  Time since last request: 0.000020 seconds.
  path: Assets/Brick Project Studio/Apartment Kit/_Prefabs/Apt Build Kit/Exteriors/Ext_Apt_01/Ext_Apt_01_Roof_Mid_01.prefab
  artifactKey: Guid(5a8c5bdb2890760419fa0ba36befc73e) Importer(2089858483,0ecaa5967403d082aa24f35e1b516d23)
Start importing Assets/Brick Project Studio/Apartment Kit/_Prefabs/Apt Build Kit/Exteriors/Ext_Apt_01/Ext_Apt_01_Roof_Mid_01.prefab using Guid(5a8c5bdb2890760419fa0ba36befc73e) Importer(2089858483,0ecaa5967403d082aa24f35e1b516d23) Generated GUIDs only implemented for interfaces!
 -> (artifact id: 'fd7f8c25e91c7af442984a9bcc53cb65') in 0.017515 seconds
Number of updated asset objects reloaded before import = 0
Number of asset objects unloaded after import = 8
========================================================================
Received Import Request.
  Time since last request: 0.000021 seconds.
  path: Assets/Brick Project Studio/Apartment Kit/_Prefabs/Apt Build Kit/Exteriors/Ext_Apt_01/Ext_Apt_01_Wall_Window_01.prefab
  artifactKey: Guid(4a111030cf811f542a01c361f491a2b1) Importer(2089858483,0ecaa5967403d082aa24f35e1b516d23)
Start importing Assets/Brick Project Studio/Apartment Kit/_Prefabs/Apt Build Kit/Exteriors/Ext_Apt_01/Ext_Apt_01_Wall_Window_01.prefab using Guid(4a111030cf811f542a01c361f491a2b1) Importer(2089858483,0ecaa5967403d082aa24f35e1b516d23) Generated GUIDs only implemented for interfaces!
 -> (artifact id: '830607ed3afde35a0689a7e9a5237851') in 0.019850 seconds
Number of updated asset objects reloaded before import = 0
Number of asset objects unloaded after import = 8
========================================================================
Received Import Request.
  Time since last request: 0.000021 seconds.
  path: Assets/Brick Project Studio/Apartment Kit/_Prefabs/Apt Build Kit/Interiors/Frames Windows Stairs & Doors/Frame_Apt_01.prefab
  artifactKey: Guid(509ac6312e62e5743ae96298947599f7) Importer(2089858483,0ecaa5967403d082aa24f35e1b516d23)
Start importing Assets/Brick Project Studio/Apartment Kit/_Prefabs/Apt Build Kit/Interiors/Frames Windows Stairs & Doors/Frame_Apt_01.prefab using Guid(509ac6312e62e5743ae96298947599f7) Importer(2089858483,0ecaa5967403d082aa24f35e1b516d23) Generated GUIDs only implemented for interfaces!
 -> (artifact id: 'e37262fb1d13fd854f654ffa32930c91') in 0.020924 seconds
Number of updated asset objects reloaded before import = 0
Number of asset objects unloaded after import = 7
========================================================================
Received Import Request.
  Time since last request: 0.000021 seconds.
  path: Assets/Brick Project Studio/Apartment Kit/_Prefabs/Apt Build Kit/Exteriors/Ext_Apt_01/Ext_Apt_01_Wall_01.prefab
  artifactKey: Guid(edb02028d59ccac4ca6641a183fa7346) Importer(2089858483,0ecaa5967403d082aa24f35e1b516d23)
Start importing Assets/Brick Project Studio/Apartment Kit/_Prefabs/Apt Build Kit/Exteriors/Ext_Apt_01/Ext_Apt_01_Wall_01.prefab using Guid(edb02028d59ccac4ca6641a183fa7346) Importer(2089858483,0ecaa5967403d082aa24f35e1b516d23) Generated GUIDs only implemented for interfaces!
 -> (artifact id: '75e09ab15350f306db3f7f8edadb4823') in 0.020509 seconds
Number of updated asset objects reloaded before import = 0
Number of asset objects unloaded after import = 8
========================================================================
Received Import Request.
  Time since last request: 0.000020 seconds.
  path: Assets/Brick Project Studio/Apartment Kit/_Prefabs/Furniture/Kitchen/Appliances/Range_Hood.prefab
  artifactKey: Guid(add8565ea42029f4abfaa37c7dbe2abf) Importer(2089858483,0ecaa5967403d082aa24f35e1b516d23)
Start importing Assets/Brick Project Studio/Apartment Kit/_Prefabs/Furniture/Kitchen/Appliances/Range_Hood.prefab using Guid(add8565ea42029f4abfaa37c7dbe2abf) Importer(2089858483,0ecaa5967403d082aa24f35e1b516d23) Generated GUIDs only implemented for interfaces!
 -> (artifact id: '81a3bd25846b6c8cb28a6f348912de60') in 0.017287 seconds
Number of updated asset objects reloaded before import = 0
Number of asset objects unloaded after import = 23
========================================================================
Received Import Request.
  Time since last request: 0.000021 seconds.
  path: Assets/Brick Project Studio/Apartment Kit/_Prefabs/Apt Build Kit/Interiors/Frames Windows Stairs & Doors/DoorFrame_Apt_01.prefab
  artifactKey: Guid(e9a47cdb5968d66499f6b4ee53467cd4) Importer(2089858483,0ecaa5967403d082aa24f35e1b516d23)
Start importing Assets/Brick Project Studio/Apartment Kit/_Prefabs/Apt Build Kit/Interiors/Frames Windows Stairs & Doors/DoorFrame_Apt_01.prefab using Guid(e9a47cdb5968d66499f6b4ee53467cd4) Importer(2089858483,0ecaa5967403d082aa24f35e1b516d23) Generated GUIDs only implemented for interfaces!
 -> (artifact id: 'ab7734ab6056d27666a778f50bba0f78') in 0.020047 seconds
Number of updated asset objects reloaded before import = 0
Number of asset objects unloaded after import = 20
========================================================================
Received Import Request.
  Time since last request: 0.000029 seconds.
  path: Assets/Brick Project Studio/Apartment Kit/_Prefabs/Apt Build Kit/Interiors/Flooring & Ceilings/Int_apt_01_Ceiling_01.prefab
  artifactKey: Guid(3106a6f3c2fc2a547b55f8f47ff2e09c) Importer(2089858483,0ecaa5967403d082aa24f35e1b516d23)
Start importing Assets/Brick Project Studio/Apartment Kit/_Prefabs/Apt Build Kit/Interiors/Flooring & Ceilings/Int_apt_01_Ceiling_01.prefab using Guid(3106a6f3c2fc2a547b55f8f47ff2e09c) Importer(2089858483,0ecaa5967403d082aa24f35e1b516d23) Generated GUIDs only implemented for interfaces!
 -> (artifact id: '93593c45df1175fd9e863509b4cc6502') in 0.018752 seconds
Number of updated asset objects reloaded before import = 0
Number of asset objects unloaded after import = 8
========================================================================
Received Import Request.
  Time since last request: 0.000018 seconds.
  path: Assets/Brick Project Studio/Apartment Kit/_Prefabs/Furniture/Kitchen/Cabinets/Cabinet_Base_DD_01.prefab
  artifactKey: Guid(226aa234041d2be48881aab9632ea78e) Importer(2089858483,0ecaa5967403d082aa24f35e1b516d23)
Start importing Assets/Brick Project Studio/Apartment Kit/_Prefabs/Furniture/Kitchen/Cabinets/Cabinet_Base_DD_01.prefab using Guid(226aa234041d2be48881aab9632ea78e) Importer(2089858483,0ecaa5967403d082aa24f35e1b516d23) Generated GUIDs only implemented for interfaces!
 -> (artifact id: '7cf4ba9782798c2874c2fe156954c9e7') in 0.022809 seconds
Number of updated asset objects reloaded before import = 0
Number of asset objects unloaded after import = 55
========================================================================
Received Import Request.
  Time since last request: 0.000017 seconds.
  path: Assets/Brick Project Studio/_BPS Basic Assets/Common/Scripts and Animations/First Person Player/SceneSwitchGen.cs
  artifactKey: Guid(d4189f6b82d537b45b085891d0ec97f4) Importer(2089858483,0ecaa5967403d082aa24f35e1b516d23)
Start importing Assets/Brick Project Studio/_BPS Basic Assets/Common/Scripts and Animations/First Person Player/SceneSwitchGen.cs using Guid(d4189f6b82d537b45b085891d0ec97f4) Importer(2089858483,0ecaa5967403d082aa24f35e1b516d23) Generated GUIDs only implemented for interfaces!
 -> (artifact id: '6fc83ba2cc00ba6a2d2aaa396d215ec8') in 0.014058 seconds
Number of updated asset objects reloaded before import = 0
Number of asset objects unloaded after import = 1
========================================================================
Received Import Request.
  Time since last request: 0.000096 seconds.
  path: Assets/Brick Project Studio/_BPS Basic Assets/Common/Textures/Legacy/Building Floor Tile - 01.png
  artifactKey: Guid(ad19f5ff4e0a2814ebd9b97d269bcf06) Importer(2089858483,0ecaa5967403d082aa24f35e1b516d23)
Start importing Assets/Brick Project Studio/_BPS Basic Assets/Common/Textures/Legacy/Building Floor Tile - 01.png using Guid(ad19f5ff4e0a2814ebd9b97d269bcf06) Importer(2089858483,0ecaa5967403d082aa24f35e1b516d23) Generated GUIDs only implemented for interfaces!
 -> (artifact id: 'a2e375cd45b5c0fba7bed0ab614f40b4') in 0.041362 seconds
Number of updated asset objects reloaded before import = 0
Number of asset objects unloaded after import = 1
========================================================================
Received Import Request.
  Time since last request: 0.000067 seconds.
  path: Assets/Brick Project Studio/Apartment Kit/_Prefabs/Apt Build Kit/Exteriors/Ext_Apt_01/Ext_Apt_01_Roof_03.prefab
  artifactKey: Guid(c544bc53359f3e941aed74ee827feff3) Importer(2089858483,0ecaa5967403d082aa24f35e1b516d23)
Start importing Assets/Brick Project Studio/Apartment Kit/_Prefabs/Apt Build Kit/Exteriors/Ext_Apt_01/Ext_Apt_01_Roof_03.prefab using Guid(c544bc53359f3e941aed74ee827feff3) Importer(2089858483,0ecaa5967403d082aa24f35e1b516d23) Generated GUIDs only implemented for interfaces!
 -> (artifact id: '49e00047dee7f2b12a9ab92c6d62fe5a') in 0.021837 seconds
Number of updated asset objects reloaded before import = 0
Number of asset objects unloaded after import = 8
========================================================================
Received Import Request.
  Time since last request: 0.000021 seconds.
  path: Assets/Brick Project Studio/_BPS Basic Assets/_Prefabs/Restroom/Fixtures/RR_MirrorFrame_01.prefab
  artifactKey: Guid(252461d3f6f63ab4893c8eb882ee2be0) Importer(2089858483,0ecaa5967403d082aa24f35e1b516d23)
Start importing Assets/Brick Project Studio/_BPS Basic Assets/_Prefabs/Restroom/Fixtures/RR_MirrorFrame_01.prefab using Guid(252461d3f6f63ab4893c8eb882ee2be0) Importer(2089858483,0ecaa5967403d082aa24f35e1b516d23) Generated GUIDs only implemented for interfaces!
 -> (artifact id: 'fbe3dd011679a7f6a22c8f06623a239f') in 0.023985 seconds
Number of updated asset objects reloaded before import = 0
Number of asset objects unloaded after import = 13
========================================================================
Received Import Request.
  Time since last request: 0.000016 seconds.
  path: Assets/Brick Project Studio/_BPS Basic Assets/Common/Textures/Restroom/RR_RestroomPaper_A.png
  artifactKey: Guid(00368d3a4678ecd4cb2b95551bfe744e) Importer(2089858483,0ecaa5967403d082aa24f35e1b516d23)
Start importing Assets/Brick Project Studio/_BPS Basic Assets/Common/Textures/Restroom/RR_RestroomPaper_A.png using Guid(00368d3a4678ecd4cb2b95551bfe744e) Importer(2089858483,0ecaa5967403d082aa24f35e1b516d23) Generated GUIDs only implemented for interfaces!
 -> (artifact id: '1630a4aa1785264d5f3ca2d4e9a27bd0') in 0.038286 seconds
Number of updated asset objects reloaded before import = 0
Number of asset objects unloaded after import = 1
========================================================================
Received Import Request.
  Time since last request: 0.000021 seconds.
  path: Assets/Brick Project Studio/_BPS Basic Assets/Common/Materials/Legacy/Antique.mat
  artifactKey: Guid(4a3c4e9ae9b122e449659fdb803fb1dc) Importer(2089858483,0ecaa5967403d082aa24f35e1b516d23)
Start importing Assets/Brick Project Studio/_BPS Basic Assets/Common/Materials/Legacy/Antique.mat using Guid(4a3c4e9ae9b122e449659fdb803fb1dc) Importer(2089858483,0ecaa5967403d082aa24f35e1b516d23) Generated GUIDs only implemented for interfaces!
 -> (artifact id: '3058050f580e45f905377d983070c8e9') in 0.016984 seconds
Number of updated asset objects reloaded before import = 0
Number of asset objects unloaded after import = 1
========================================================================
Received Import Request.
  Time since last request: 0.000019 seconds.
  path: Assets/Brick Project Studio/_BPS Basic Assets/Common/Textures/Legacy/Brick 02 normal.png
  artifactKey: Guid(0542ca3276b27f0458ecca022955e656) Importer(2089858483,0ecaa5967403d082aa24f35e1b516d23)
Start importing Assets/Brick Project Studio/_BPS Basic Assets/Common/Textures/Legacy/Brick 02 normal.png using Guid(0542ca3276b27f0458ecca022955e656) Importer(2089858483,0ecaa5967403d082aa24f35e1b516d23) Generated GUIDs only implemented for interfaces!
 -> (artifact id: '7563cb187c8db09a4019f210c73779c9') in 0.038794 seconds
Number of updated asset objects reloaded before import = 0
Number of asset objects unloaded after import = 1
========================================================================
Received Import Request.
  Time since last request: 0.000026 seconds.
  path: Assets/Brick Project Studio/_BPS Basic Assets/Common/Textures/Basic Asset/BA_leather_N.png
  artifactKey: Guid(bba906a60a6f55441b3ab8088f837cf7) Importer(2089858483,0ecaa5967403d082aa24f35e1b516d23)
Start importing Assets/Brick Project Studio/_BPS Basic Assets/Common/Textures/Basic Asset/BA_leather_N.png using Guid(bba906a60a6f55441b3ab8088f837cf7) Importer(2089858483,0ecaa5967403d082aa24f35e1b516d23) Generated GUIDs only implemented for interfaces!
 -> (artifact id: '1db6feb7a2941bbcd57e5cc8b5600108') in 0.042218 seconds
Number of updated asset objects reloaded before import = 0
Number of asset objects unloaded after import = 1
========================================================================
Received Import Request.
  Time since last request: 0.000038 seconds.
  path: Assets/Brick Project Studio/Apartment Kit/_Prefabs/Apt Build Kit/Exteriors/Ext_Apt_01/Ext_Apt_01_Pillar_1x1.prefab
  artifactKey: Guid(68a3631d9068c5246954790f8f2e4708) Importer(2089858483,0ecaa5967403d082aa24f35e1b516d23)
Start importing Assets/Brick Project Studio/Apartment Kit/_Prefabs/Apt Build Kit/Exteriors/Ext_Apt_01/Ext_Apt_01_Pillar_1x1.prefab using Guid(68a3631d9068c5246954790f8f2e4708) Importer(2089858483,0ecaa5967403d082aa24f35e1b516d23) Generated GUIDs only implemented for interfaces!
 -> (artifact id: '1ac56e994de3f5d57fb465047600fc3b') in 0.017676 seconds
Number of updated asset objects reloaded before import = 0
Number of asset objects unloaded after import = 8
========================================================================
Received Import Request.
  Time since last request: 0.000016 seconds.
  path: Assets/Brick Project Studio/_BPS Basic Assets/_Prefabs/Restroom/RR Build Kit/Stall/RR_Stall_01_DoorFrame.prefab
  artifactKey: Guid(d94ca8c0c973920499d3cb52238af9b8) Importer(2089858483,0ecaa5967403d082aa24f35e1b516d23)
Start importing Assets/Brick Project Studio/_BPS Basic Assets/_Prefabs/Restroom/RR Build Kit/Stall/RR_Stall_01_DoorFrame.prefab using Guid(d94ca8c0c973920499d3cb52238af9b8) Importer(2089858483,0ecaa5967403d082aa24f35e1b516d23) Generated GUIDs only implemented for interfaces!
 -> (artifact id: '3cb806a26229c89b3c9412b1f670bc3b') in 0.023797 seconds
Number of updated asset objects reloaded before import = 0
Number of asset objects unloaded after import = 26
========================================================================
Received Import Request.
  Time since last request: 0.000018 seconds.
  path: Assets/Brick Project Studio/Apartment Kit/_Prefabs/Furniture/Kitchen/Cabinets/Cabinet_Wall_DD_03.prefab
  artifactKey: Guid(4c6a5e5423a8c2a41ac136b50710c436) Importer(2089858483,0ecaa5967403d082aa24f35e1b516d23)
Start importing Assets/Brick Project Studio/Apartment Kit/_Prefabs/Furniture/Kitchen/Cabinets/Cabinet_Wall_DD_03.prefab using Guid(4c6a5e5423a8c2a41ac136b50710c436) Importer(2089858483,0ecaa5967403d082aa24f35e1b516d23) Generated GUIDs only implemented for interfaces!
 -> (artifact id: 'd14fbef6bb6c9c9e908976cab73cd195') in 0.023094 seconds
Number of updated asset objects reloaded before import = 0
Number of asset objects unloaded after import = 28
========================================================================
Received Import Request.
  Time since last request: 0.000018 seconds.
  path: Assets/Brick Project Studio/_BPS Basic Assets/_Prefabs/Basic Asset/BA Build Kit/Exterior/Ext_BA_Roof_01.prefab
  artifactKey: Guid(75c16d4794f25e84ea8d82ee45dd1937) Importer(2089858483,0ecaa5967403d082aa24f35e1b516d23)
Start importing Assets/Brick Project Studio/_BPS Basic Assets/_Prefabs/Basic Asset/BA Build Kit/Exterior/Ext_BA_Roof_01.prefab using Guid(75c16d4794f25e84ea8d82ee45dd1937) Importer(2089858483,0ecaa5967403d082aa24f35e1b516d23) Generated GUIDs only implemented for interfaces!
 -> (artifact id: 'fd71ebf5d86aae0cddb2215be9c2bd55') in 0.021731 seconds
Number of updated asset objects reloaded before import = 0
Number of asset objects unloaded after import = 8
========================================================================
Received Import Request.
  Time since last request: 0.000022 seconds.
  path: Assets/Brick Project Studio/_BPS Basic Assets/_Prefabs/Restroom/RR Build Kit/Floors Ceilings/Int_RR_01_Floor_01.prefab
  artifactKey: Guid(e30496263f7ba54488d5cb051756f667) Importer(2089858483,0ecaa5967403d082aa24f35e1b516d23)
Start importing Assets/Brick Project Studio/_BPS Basic Assets/_Prefabs/Restroom/RR Build Kit/Floors Ceilings/Int_RR_01_Floor_01.prefab using Guid(e30496263f7ba54488d5cb051756f667) Importer(2089858483,0ecaa5967403d082aa24f35e1b516d23) Generated GUIDs only implemented for interfaces!
 -> (artifact id: '09af1f81ca172b977139e4511d934a5f') in 0.022225 seconds
Number of updated asset objects reloaded before import = 0
Number of asset objects unloaded after import = 8
========================================================================
Received Import Request.
  Time since last request: 0.000023 seconds.
  path: Assets/Brick Project Studio/Apartment Kit/_Prefabs/Furniture/Kitchen/Cabinets/Cabinet_Shelf_01.prefab
  artifactKey: Guid(798cab9a237d184479fa2e6d3e55fb57) Importer(2089858483,0ecaa5967403d082aa24f35e1b516d23)
Start importing Assets/Brick Project Studio/Apartment Kit/_Prefabs/Furniture/Kitchen/Cabinets/Cabinet_Shelf_01.prefab using Guid(798cab9a237d184479fa2e6d3e55fb57) Importer(2089858483,0ecaa5967403d082aa24f35e1b516d23) Generated GUIDs only implemented for interfaces!
 -> (artifact id: '4a9d2f697da30a6b1c72fcef5a027302') in 0.021301 seconds
Number of updated asset objects reloaded before import = 0
Number of asset objects unloaded after import = 8
========================================================================
Received Import Request.
  Time since last request: 0.000017 seconds.
  path: Assets/Brick Project Studio/_BPS Basic Assets/_Prefabs/Basic Asset/BA Build Kit/Exterior/Ext_BA_01_Wall_02.prefab
  artifactKey: Guid(ec38c489fc871fc46b0e0e40ea13a84c) Importer(2089858483,0ecaa5967403d082aa24f35e1b516d23)
Start importing Assets/Brick Project Studio/_BPS Basic Assets/_Prefabs/Basic Asset/BA Build Kit/Exterior/Ext_BA_01_Wall_02.prefab using Guid(ec38c489fc871fc46b0e0e40ea13a84c) Importer(2089858483,0ecaa5967403d082aa24f35e1b516d23) Generated GUIDs only implemented for interfaces!
 -> (artifact id: 'd1b63cc88431af4a71aa86df58bf31b1') in 0.023212 seconds
Number of updated asset objects reloaded before import = 0
Number of asset objects unloaded after import = 8
========================================================================
Received Import Request.
  Time since last request: 0.000019 seconds.
  path: Assets/Brick Project Studio/_BPS Basic Assets/Common/Scripts and Animations/Drawer/X Axis/openpull_01.anim
  artifactKey: Guid(fe28aa381f926cb479632188f023be93) Importer(2089858483,0ecaa5967403d082aa24f35e1b516d23)
Start importing Assets/Brick Project Studio/_BPS Basic Assets/Common/Scripts and Animations/Drawer/X Axis/openpull_01.anim using Guid(fe28aa381f926cb479632188f023be93) Importer(2089858483,0ecaa5967403d082aa24f35e1b516d23) Generated GUIDs only implemented for interfaces!
 -> (artifact id: 'c0bd7706710958a88b9d51b855de741a') in 0.014953 seconds
Number of updated asset objects reloaded before import = 0
Number of asset objects unloaded after import = 1
========================================================================
Received Import Request.
  Time since last request: 0.000031 seconds.
  path: Assets/Brick Project Studio/_BPS Basic Assets/_Prefabs/Basic Asset/BA Build Kit/IntExt/IntExt_BA_GlassFrame_02.prefab
  artifactKey: Guid(8e3b94d51cc83074abb1a25bf3535c60) Importer(2089858483,0ecaa5967403d082aa24f35e1b516d23)
Start importing Assets/Brick Project Studio/_BPS Basic Assets/_Prefabs/Basic Asset/BA Build Kit/IntExt/IntExt_BA_GlassFrame_02.prefab using Guid(8e3b94d51cc83074abb1a25bf3535c60) Importer(2089858483,0ecaa5967403d082aa24f35e1b516d23) Generated GUIDs only implemented for interfaces!
 -> (artifact id: '7b732eddecff7723e5ed7bb122fc8031') in 0.022936 seconds
Number of updated asset objects reloaded before import = 0
Number of asset objects unloaded after import = 13
========================================================================
Received Import Request.
  Time since last request: 0.000021 seconds.
  path: Assets/Brick Project Studio/_BPS Basic Assets/Common/Scripts and Animations/Drawer/X Axis/Drawer_Pull_X.cs
  artifactKey: Guid(e0d5557a01f4e0740bd53d6ed2ab7327) Importer(2089858483,0ecaa5967403d082aa24f35e1b516d23)
Start importing Assets/Brick Project Studio/_BPS Basic Assets/Common/Scripts and Animations/Drawer/X Axis/Drawer_Pull_X.cs using Guid(e0d5557a01f4e0740bd53d6ed2ab7327) Importer(2089858483,0ecaa5967403d082aa24f35e1b516d23) Generated GUIDs only implemented for interfaces!
 -> (artifact id: 'd21297133750d35d82ba6fde3ff8ae73') in 0.014933 seconds
Number of updated asset objects reloaded before import = 0
Number of asset objects unloaded after import = 1
========================================================================
Received Import Request.
  Time since last request: 0.000032 seconds.
  path: Assets/Brick Project Studio/_BPS Basic Assets/_Prefabs/Restroom/RR Build Kit/Stall/RR_Stall_01_L.prefab
  artifactKey: Guid(6ae782b263dc9c548a46ef8ff80f34d8) Importer(2089858483,0ecaa5967403d082aa24f35e1b516d23)
Start importing Assets/Brick Project Studio/_BPS Basic Assets/_Prefabs/Restroom/RR Build Kit/Stall/RR_Stall_01_L.prefab using Guid(6ae782b263dc9c548a46ef8ff80f34d8) Importer(2089858483,0ecaa5967403d082aa24f35e1b516d23) Generated GUIDs only implemented for interfaces!
 -> (artifact id: '6d52ef19e412ea83ab09a4ea4c7da8ca') in 0.021770 seconds
Number of updated asset objects reloaded before import = 0
Number of asset objects unloaded after import = 13
========================================================================
Received Import Request.
  Time since last request: 0.000024 seconds.
  path: Assets/Brick Project Studio/_BPS Basic Assets/_Prefabs/Restroom/RR Build Kit/Walls/Int_RR_01_Corner_01.prefab
  artifactKey: Guid(9fab82907283f784f961207d664b2625) Importer(2089858483,0ecaa5967403d082aa24f35e1b516d23)
Start importing Assets/Brick Project Studio/_BPS Basic Assets/_Prefabs/Restroom/RR Build Kit/Walls/Int_RR_01_Corner_01.prefab using Guid(9fab82907283f784f961207d664b2625) Importer(2089858483,0ecaa5967403d082aa24f35e1b516d23) Generated GUIDs only implemented for interfaces!
 -> (artifact id: '03de10b6806df63c0a0014b47da923a2') in 0.021085 seconds
Number of updated asset objects reloaded before import = 0
Number of asset objects unloaded after import = 8
========================================================================
Received Import Request.
  Time since last request: 0.000021 seconds.
  path: Assets/Brick Project Studio/_BPS Basic Assets/_Prefabs/Basic Asset/BA Build Kit/IntExt/IntExt_BA_GlassFrameDoor_01.prefab
  artifactKey: Guid(eaaaafd5975a5d544a3d11507b3670ec) Importer(2089858483,0ecaa5967403d082aa24f35e1b516d23)
Start importing Assets/Brick Project Studio/_BPS Basic Assets/_Prefabs/Basic Asset/BA Build Kit/IntExt/IntExt_BA_GlassFrameDoor_01.prefab using Guid(eaaaafd5975a5d544a3d11507b3670ec) Importer(2089858483,0ecaa5967403d082aa24f35e1b516d23) Generated GUIDs only implemented for interfaces!
 -> (artifact id: '4fd2caf496e83a8c5117ca86ae1e93c5') in 0.025805 seconds
Number of updated asset objects reloaded before import = 0
Number of asset objects unloaded after import = 50
========================================================================
Received Import Request.
  Time since last request: 0.000024 seconds.
  path: Assets/Brick Project Studio/Apartment Kit/_Prefabs/Furniture/Kitchen/Cabinets/Cabinet_Wall_DD_02.prefab
  artifactKey: Guid(af872b04269986143906a126ca9ff444) Importer(2089858483,0ecaa5967403d082aa24f35e1b516d23)
Start importing Assets/Brick Project Studio/Apartment Kit/_Prefabs/Furniture/Kitchen/Cabinets/Cabinet_Wall_DD_02.prefab using Guid(af872b04269986143906a126ca9ff444) Importer(2089858483,0ecaa5967403d082aa24f35e1b516d23) Generated GUIDs only implemented for interfaces!
 -> (artifact id: '67130b6b7ff560a0c4c254a7cd935c80') in 0.023153 seconds
Number of updated asset objects reloaded before import = 0
Number of asset objects unloaded after import = 34
========================================================================
Received Import Request.
  Time since last request: 0.000021 seconds.
  path: Assets/Brick Project Studio/_BPS Basic Assets/Common/Scripts and Animations/Drawer/Z Axis/closepush.anim
  artifactKey: Guid(39cb1cbad0ccff047b57918d45dc6917) Importer(2089858483,0ecaa5967403d082aa24f35e1b516d23)
Start importing Assets/Brick Project Studio/_BPS Basic Assets/Common/Scripts and Animations/Drawer/Z Axis/closepush.anim using Guid(39cb1cbad0ccff047b57918d45dc6917) Importer(2089858483,0ecaa5967403d082aa24f35e1b516d23) Generated GUIDs only implemented for interfaces!
 -> (artifact id: 'f689be4c6bd012c39f13fc4d2b8d0234') in 0.019645 seconds
Number of updated asset objects reloaded before import = 0
Number of asset objects unloaded after import = 1
========================================================================
Received Import Request.
  Time since last request: 0.000019 seconds.
  path: Assets/Brick Project Studio/Apartment Kit/_Prefabs/Furniture/Kitchen/Cabinets/Cabinet_Tall_DD_01.prefab
  artifactKey: Guid(48e9669af95ae5746aa4ad24d893f391) Importer(2089858483,0ecaa5967403d082aa24f35e1b516d23)
Start importing Assets/Brick Project Studio/Apartment Kit/_Prefabs/Furniture/Kitchen/Cabinets/Cabinet_Tall_DD_01.prefab using Guid(48e9669af95ae5746aa4ad24d893f391) Importer(2089858483,0ecaa5967403d082aa24f35e1b516d23) Generated GUIDs only implemented for interfaces!
 -> (artifact id: '2a08110c2e5a860ce09c9a45a9a3bb4d') in 0.023410 seconds
Number of updated asset objects reloaded before import = 0
Number of asset objects unloaded after import = 34
========================================================================
Received Import Request.
  Time since last request: 0.000017 seconds.
  path: Assets/Brick Project Studio/_BPS Basic Assets/Common/Models/Build Kits/Build Kit Interior Updated_01.fbx
  artifactKey: Guid(013043932069e224e90b516d38cdab48) Importer(2089858483,0ecaa5967403d082aa24f35e1b516d23)
Start importing Assets/Brick Project Studio/_BPS Basic Assets/Common/Models/Build Kits/Build Kit Interior Updated_01.fbx using Guid(013043932069e224e90b516d38cdab48) Importer(2089858483,0ecaa5967403d082aa24f35e1b516d23) Generated GUIDs only implemented for interfaces!
 -> (artifact id: '376244623cc57949d8b8594bbffb5efe') in 0.046224 seconds
Number of updated asset objects reloaded before import = 0
Number of asset objects unloaded after import = 50
========================================================================
Received Import Request.
  Time since last request: 0.000022 seconds.
  path: Assets/Brick Project Studio/_BPS Basic Assets/Common/Scripts and Animations/Doors/opencloseStallDoor.cs
  artifactKey: Guid(b697b9be3c8d9534ebd171d2b41d6f4f) Importer(2089858483,0ecaa5967403d082aa24f35e1b516d23)
Start importing Assets/Brick Project Studio/_BPS Basic Assets/Common/Scripts and Animations/Doors/opencloseStallDoor.cs using Guid(b697b9be3c8d9534ebd171d2b41d6f4f) Importer(2089858483,0ecaa5967403d082aa24f35e1b516d23) Generated GUIDs only implemented for interfaces!
 -> (artifact id: '282b17041a8451aea1653af30432d2fc') in 0.016192 seconds
Number of updated asset objects reloaded before import = 0
Number of asset objects unloaded after import = 1
========================================================================
Received Import Request.
  Time since last request: 0.000031 seconds.
  path: Assets/Brick Project Studio/_BPS Basic Assets/Common/Textures/Basic Asset/BA_Concrete_A.png
  artifactKey: Guid(04bdf3eac1ea0c04ebb541a4883a827f) Importer(2089858483,0ecaa5967403d082aa24f35e1b516d23)
Start importing Assets/Brick Project Studio/_BPS Basic Assets/Common/Textures/Basic Asset/BA_Concrete_A.png using Guid(04bdf3eac1ea0c04ebb541a4883a827f) Importer(2089858483,0ecaa5967403d082aa24f35e1b516d23) Generated GUIDs only implemented for interfaces!
 -> (artifact id: '9eb7b549bcd26f2f9c2e3e4b022464c7') in 0.038534 seconds
Number of updated asset objects reloaded before import = 0
Number of asset objects unloaded after import = 1
========================================================================
Received Import Request.
  Time since last request: 0.000073 seconds.
  path: Assets/Brick Project Studio/_BPS Basic Assets/Common/Materials/Fire/Fire_Add_01.mat
  artifactKey: Guid(4791bf36c2e577a4a9e789b580579636) Importer(2089858483,0ecaa5967403d082aa24f35e1b516d23)
Start importing Assets/Brick Project Studio/_BPS Basic Assets/Common/Materials/Fire/Fire_Add_01.mat using Guid(4791bf36c2e577a4a9e789b580579636) Importer(2089858483,0ecaa5967403d082aa24f35e1b516d23) Generated GUIDs only implemented for interfaces!
 -> (artifact id: 'f645da9cef7fc8db6c90c0436732dd42') in 0.017625 seconds
Number of updated asset objects reloaded before import = 0
Number of asset objects unloaded after import = 2
========================================================================
Received Import Request.
  Time since last request: 0.000017 seconds.
  path: Assets/Brick Project Studio/_BPS Basic Assets/Common/Textures/Legacy/Concrete-texture.png
  artifactKey: Guid(07abea599341a1742aa622a72461e995) Importer(2089858483,0ecaa5967403d082aa24f35e1b516d23)
Start importing Assets/Brick Project Studio/_BPS Basic Assets/Common/Textures/Legacy/Concrete-texture.png using Guid(07abea599341a1742aa622a72461e995) Importer(2089858483,0ecaa5967403d082aa24f35e1b516d23) Generated GUIDs only implemented for interfaces!
 -> (artifact id: 'abf0dfdc372227f0614a8520ccfea9e9') in 0.035285 seconds
Number of updated asset objects reloaded before import = 0
Number of asset objects unloaded after import = 1
========================================================================
Received Import Request.
  Time since last request: 0.000075 seconds.
  path: Assets/Brick Project Studio/_BPS Basic Assets/Common/Scripts and Animations/Drawer/Z Axis/openpull.anim
  artifactKey: Guid(fcf0213085e88bd4d80d1d47f3cd2174) Importer(2089858483,0ecaa5967403d082aa24f35e1b516d23)
Start importing Assets/Brick Project Studio/_BPS Basic Assets/Common/Scripts and Animations/Drawer/Z Axis/openpull.anim using Guid(fcf0213085e88bd4d80d1d47f3cd2174) Importer(2089858483,0ecaa5967403d082aa24f35e1b516d23) Generated GUIDs only implemented for interfaces!
 -> (artifact id: '473b155f1318b38074280d1519eaf408') in 0.017418 seconds
Number of updated asset objects reloaded before import = 0
Number of asset objects unloaded after import = 1
========================================================================
Received Import Request.
  Time since last request: 0.000015 seconds.
  path: Assets/Brick Project Studio/Apartment Kit/_Prefabs/Apt Build Kit/Interiors/Special/Wall Modern/Int_WallExtrude_02_01.prefab
  artifactKey: Guid(ee40b11b251097744b0b6775756b2dbf) Importer(2089858483,0ecaa5967403d082aa24f35e1b516d23)
Start importing Assets/Brick Project Studio/Apartment Kit/_Prefabs/Apt Build Kit/Interiors/Special/Wall Modern/Int_WallExtrude_02_01.prefab using Guid(ee40b11b251097744b0b6775756b2dbf) Importer(2089858483,0ecaa5967403d082aa24f35e1b516d23) Generated GUIDs only implemented for interfaces!
 -> (artifact id: '7f091d1dc5e854320a8f7a5f1b99e0d6') in 0.019144 seconds
Number of updated asset objects reloaded before import = 0
Number of asset objects unloaded after import = 8
========================================================================
Received Import Request.
  Time since last request: 0.000040 seconds.
  path: Assets/Brick Project Studio/Apartment Kit/_Prefabs/Apt Build Kit/Interiors/Special/Wall Tiles/BR_Tile_APT_01_02.prefab
  artifactKey: Guid(3a840935b4015fb44b4d247b6f257006) Importer(2089858483,0ecaa5967403d082aa24f35e1b516d23)
Start importing Assets/Brick Project Studio/Apartment Kit/_Prefabs/Apt Build Kit/Interiors/Special/Wall Tiles/BR_Tile_APT_01_02.prefab using Guid(3a840935b4015fb44b4d247b6f257006) Importer(2089858483,0ecaa5967403d082aa24f35e1b516d23) Generated GUIDs only implemented for interfaces!
 -> (artifact id: 'fb38ee8e416be2f371890c88344b8da2') in 0.017984 seconds
Number of updated asset objects reloaded before import = 0
Number of asset objects unloaded after import = 8
========================================================================
Received Import Request.
  Time since last request: 0.000016 seconds.
  path: Assets/Brick Project Studio/Apartment Kit/_Prefabs/Apt Build Kit/Interiors/Walls Frames & Doors/Apt_01/Int_Apt_01_Wall_04.prefab
  artifactKey: Guid(e4a073a915d15da469c414beeb6fef2b) Importer(2089858483,0ecaa5967403d082aa24f35e1b516d23)
Start importing Assets/Brick Project Studio/Apartment Kit/_Prefabs/Apt Build Kit/Interiors/Walls Frames & Doors/Apt_01/Int_Apt_01_Wall_04.prefab using Guid(e4a073a915d15da469c414beeb6fef2b) Importer(2089858483,0ecaa5967403d082aa24f35e1b516d23) Generated GUIDs only implemented for interfaces!
 -> (artifact id: 'f739b6176c80671170846c48d9d2d337') in 0.017341 seconds
Number of updated asset objects reloaded before import = 0
Number of asset objects unloaded after import = 8
========================================================================
Received Import Request.
  Time since last request: 0.000017 seconds.
  path: Assets/Brick Project Studio/Apartment Kit/_Prefabs/Apt Build Kit/Interiors/Special/Molding/Int_Molding_Base_Apt_05.prefab
  artifactKey: Guid(d0dd1661cea607a40945f6bc3f0870fb) Importer(2089858483,0ecaa5967403d082aa24f35e1b516d23)
Start importing Assets/Brick Project Studio/Apartment Kit/_Prefabs/Apt Build Kit/Interiors/Special/Molding/Int_Molding_Base_Apt_05.prefab using Guid(d0dd1661cea607a40945f6bc3f0870fb) Importer(2089858483,0ecaa5967403d082aa24f35e1b516d23) Generated GUIDs only implemented for interfaces!
 -> (artifact id: '77572ed2045614b5ba45546db45faae9') in 0.018742 seconds
Number of updated asset objects reloaded before import = 0
Number of asset objects unloaded after import = 7
========================================================================
Received Import Request.
  Time since last request: 0.000022 seconds.
  path: Assets/Brick Project Studio/Apartment Kit/_Prefabs/Apt Build Kit/Interiors/Walls Frames & Doors/Apt_02/Int_Apt_02_Pillar_2x2.prefab
  artifactKey: Guid(2cf7605246c1a3c4a8bff50e0beb194b) Importer(2089858483,0ecaa5967403d082aa24f35e1b516d23)
Start importing Assets/Brick Project Studio/Apartment Kit/_Prefabs/Apt Build Kit/Interiors/Walls Frames & Doors/Apt_02/Int_Apt_02_Pillar_2x2.prefab using Guid(2cf7605246c1a3c4a8bff50e0beb194b) Importer(2089858483,0ecaa5967403d082aa24f35e1b516d23) Generated GUIDs only implemented for interfaces!
 -> (artifact id: '6cb428950ec1d13bf35a2f53016a3804') in 0.020458 seconds
Number of updated asset objects reloaded before import = 0
Number of asset objects unloaded after import = 8
========================================================================
Received Import Request.
  Time since last request: 0.000021 seconds.
  path: Assets/Brick Project Studio/Apartment Kit/_Prefabs/Apt Build Kit/Interiors/Special/Wall Tiles/BR_Tile_APT_01_03.prefab
  artifactKey: Guid(06c413b29e11397438e5dd264e7ebe34) Importer(2089858483,0ecaa5967403d082aa24f35e1b516d23)
Start importing Assets/Brick Project Studio/Apartment Kit/_Prefabs/Apt Build Kit/Interiors/Special/Wall Tiles/BR_Tile_APT_01_03.prefab using Guid(06c413b29e11397438e5dd264e7ebe34) Importer(2089858483,0ecaa5967403d082aa24f35e1b516d23) Generated GUIDs only implemented for interfaces!
 -> (artifact id: 'ba49e9d538533c8099f1fa200f5b24ce') in 0.018114 seconds
Number of updated asset objects reloaded before import = 0
Number of asset objects unloaded after import = 8
========================================================================
Received Import Request.
  Time since last request: 0.000031 seconds.
  path: Assets/Brick Project Studio/Apartment Kit/_Prefabs/Apt Build Kit/Interiors/Walls Frames & Doors/Apt_02/Int_Apt_02_Pillar_4x4.prefab
  artifactKey: Guid(b6eb91e203f46fb4c8f3ae98b953a325) Importer(2089858483,0ecaa5967403d082aa24f35e1b516d23)
Start importing Assets/Brick Project Studio/Apartment Kit/_Prefabs/Apt Build Kit/Interiors/Walls Frames & Doors/Apt_02/Int_Apt_02_Pillar_4x4.prefab using Guid(b6eb91e203f46fb4c8f3ae98b953a325) Importer(2089858483,0ecaa5967403d082aa24f35e1b516d23) Generated GUIDs only implemented for interfaces!
 -> (artifact id: '619c9fe20a87414479b38a1adfd3d6e5') in 0.020125 seconds
Number of updated asset objects reloaded before import = 0
Number of asset objects unloaded after import = 8
========================================================================
Received Import Request.
  Time since last request: 0.000022 seconds.
  path: Assets/Brick Project Studio/Apartment Kit/_Prefabs/Apt Build Kit/Interiors/Walls Frames & Doors/Apt_01/Int_Apt_01_Pillar_1x1.prefab
  artifactKey: Guid(aa2fa323615b3744ca21435299b7e85a) Importer(2089858483,0ecaa5967403d082aa24f35e1b516d23)
Start importing Assets/Brick Project Studio/Apartment Kit/_Prefabs/Apt Build Kit/Interiors/Walls Frames & Doors/Apt_01/Int_Apt_01_Pillar_1x1.prefab using Guid(aa2fa323615b3744ca21435299b7e85a) Importer(2089858483,0ecaa5967403d082aa24f35e1b516d23) Generated GUIDs only implemented for interfaces!
 -> (artifact id: '9bdd032185808e09187cf4e17a6d6d50') in 0.019481 seconds
Number of updated asset objects reloaded before import = 0
Number of asset objects unloaded after import = 8
========================================================================
Received Import Request.
  Time since last request: 0.000017 seconds.
  path: Assets/Brick Project Studio/Apartment Kit/_Prefabs/Apt Build Kit/Interiors/Walls Frames & Doors/Apt_02/Int_Apt_02_Corner_01.prefab
  artifactKey: Guid(5751082ea532e49478e631f5ff9a1cfa) Importer(2089858483,0ecaa5967403d082aa24f35e1b516d23)
Start importing Assets/Brick Project Studio/Apartment Kit/_Prefabs/Apt Build Kit/Interiors/Walls Frames & Doors/Apt_02/Int_Apt_02_Corner_01.prefab using Guid(5751082ea532e49478e631f5ff9a1cfa) Importer(2089858483,0ecaa5967403d082aa24f35e1b516d23) Generated GUIDs only implemented for interfaces!
 -> (artifact id: '525cf4650c84bec4631bf0a9720d0c3c') in 0.022573 seconds
Number of updated asset objects reloaded before import = 0
Number of asset objects unloaded after import = 8
========================================================================
Received Import Request.
  Time since last request: 0.000013 seconds.
  path: Assets/Brick Project Studio/Apartment Kit/_Prefabs/Apt Build Kit/Interiors/Special/Molding/Int_Molding_Base_Apt_04.prefab
  artifactKey: Guid(53415a18e4cbb7e4cb88b0f113ee915b) Importer(2089858483,0ecaa5967403d082aa24f35e1b516d23)
Start importing Assets/Brick Project Studio/Apartment Kit/_Prefabs/Apt Build Kit/Interiors/Special/Molding/Int_Molding_Base_Apt_04.prefab using Guid(53415a18e4cbb7e4cb88b0f113ee915b) Importer(2089858483,0ecaa5967403d082aa24f35e1b516d23) Generated GUIDs only implemented for interfaces!
 -> (artifact id: 'b263dddfec7c34907eebc7dae2301d04') in 0.017446 seconds
Number of updated asset objects reloaded before import = 0
Number of asset objects unloaded after import = 7
========================================================================
Received Import Request.
  Time since last request: 0.000022 seconds.
  path: Assets/Brick Project Studio/Apartment Kit/_Prefabs/Apt Build Kit/Interiors/Special/Wall Tiles/BR_Tile_APT_01_01.prefab
  artifactKey: Guid(9e5c2bb5031891140882f5e81a01c0c7) Importer(2089858483,0ecaa5967403d082aa24f35e1b516d23)
Start importing Assets/Brick Project Studio/Apartment Kit/_Prefabs/Apt Build Kit/Interiors/Special/Wall Tiles/BR_Tile_APT_01_01.prefab using Guid(9e5c2bb5031891140882f5e81a01c0c7) Importer(2089858483,0ecaa5967403d082aa24f35e1b516d23) Generated GUIDs only implemented for interfaces!
 -> (artifact id: '5e634f276cbef4c51ee4e5866790566b') in 0.019387 seconds
Number of updated asset objects reloaded before import = 0
Number of asset objects unloaded after import = 8
========================================================================
Received Import Request.
  Time since last request: 0.000017 seconds.
  path: Assets/Brick Project Studio/Apartment Kit/_Prefabs/Apt Build Kit/Interiors/Walls Frames & Doors/Apt_01/Int_Apt_01_Pillar_3x3.prefab
  artifactKey: Guid(867f5b00c17d4de4db8a0cb3f519283b) Importer(2089858483,0ecaa5967403d082aa24f35e1b516d23)
Start importing Assets/Brick Project Studio/Apartment Kit/_Prefabs/Apt Build Kit/Interiors/Walls Frames & Doors/Apt_01/Int_Apt_01_Pillar_3x3.prefab using Guid(867f5b00c17d4de4db8a0cb3f519283b) Importer(2089858483,0ecaa5967403d082aa24f35e1b516d23) Generated GUIDs only implemented for interfaces!
 -> (artifact id: 'ac1dee6e7d9ffd9d39f0ab302d8c502b') in 0.018013 seconds
Number of updated asset objects reloaded before import = 0
Number of asset objects unloaded after import = 8
========================================================================
Received Import Request.
  Time since last request: 0.000017 seconds.
  path: Assets/Brick Project Studio/Apartment Kit/_Prefabs/Apt Build Kit/Interiors/Special/Molding/Int_Molding_Base_Apt_03.prefab
  artifactKey: Guid(b864c417db32982428d6e52b690ffc78) Importer(2089858483,0ecaa5967403d082aa24f35e1b516d23)
Start importing Assets/Brick Project Studio/Apartment Kit/_Prefabs/Apt Build Kit/Interiors/Special/Molding/Int_Molding_Base_Apt_03.prefab using Guid(b864c417db32982428d6e52b690ffc78) Importer(2089858483,0ecaa5967403d082aa24f35e1b516d23) Generated GUIDs only implemented for interfaces!
 -> (artifact id: 'ce3004d27cb0b9a4c98e8dc2421fc7af') in 0.018865 seconds
Number of updated asset objects reloaded before import = 0
Number of asset objects unloaded after import = 7
========================================================================
Received Import Request.
  Time since last request: 0.000015 seconds.
  path: Assets/Brick Project Studio/Apartment Kit/_Prefabs/Apt Build Kit/Interiors/Special/Molding/Int_Molding_Base_Apt_01.prefab
  artifactKey: Guid(f5711794550f9dc49ba65d9b63963e1c) Importer(2089858483,0ecaa5967403d082aa24f35e1b516d23)
Start importing Assets/Brick Project Studio/Apartment Kit/_Prefabs/Apt Build Kit/Interiors/Special/Molding/Int_Molding_Base_Apt_01.prefab using Guid(f5711794550f9dc49ba65d9b63963e1c) Importer(2089858483,0ecaa5967403d082aa24f35e1b516d23) Generated GUIDs only implemented for interfaces!
 -> (artifact id: '4653c35a0f06e74ec80582d0cf169ee0') in 0.022638 seconds
Number of updated asset objects reloaded before import = 0
Number of asset objects unloaded after import = 7
========================================================================
Received Import Request.
  Time since last request: 0.000022 seconds.
  path: Assets/Brick Project Studio/Apartment Kit/_Prefabs/Apt Build Kit/Interiors/Walls Frames & Doors/Apt_02/Int_Apt_02_Pillar_3x3.prefab
  artifactKey: Guid(a8128beaec68e3a4194a48ac20aafc9a) Importer(2089858483,0ecaa5967403d082aa24f35e1b516d23)
Start importing Assets/Brick Project Studio/Apartment Kit/_Prefabs/Apt Build Kit/Interiors/Walls Frames & Doors/Apt_02/Int_Apt_02_Pillar_3x3.prefab using Guid(a8128beaec68e3a4194a48ac20aafc9a) Importer(2089858483,0ecaa5967403d082aa24f35e1b516d23) Generated GUIDs only implemented for interfaces!
 -> (artifact id: 'bc0e8e90534d6f0bdff70ae1425a13ea') in 0.020004 seconds
Number of updated asset objects reloaded before import = 0
Number of asset objects unloaded after import = 8
========================================================================
Received Import Request.
  Time since last request: 0.000035 seconds.
  path: Assets/Brick Project Studio/Apartment Kit/_Prefabs/Apt Build Kit/Interiors/Walls Frames & Doors/Apt_01/Int_Apt_01_Pillar_2x2.prefab
  artifactKey: Guid(898817d0fbc7ec3448ce39efd8267ba2) Importer(2089858483,0ecaa5967403d082aa24f35e1b516d23)
Start importing Assets/Brick Project Studio/Apartment Kit/_Prefabs/Apt Build Kit/Interiors/Walls Frames & Doors/Apt_01/Int_Apt_01_Pillar_2x2.prefab using Guid(898817d0fbc7ec3448ce39efd8267ba2) Importer(2089858483,0ecaa5967403d082aa24f35e1b516d23) Generated GUIDs only implemented for interfaces!
 -> (artifact id: 'ccc522cc5372638d55f6b62bce4f87de') in 0.022188 seconds
Number of updated asset objects reloaded before import = 0
Number of asset objects unloaded after import = 8
========================================================================
Received Import Request.
  Time since last request: 0.000025 seconds.
  path: Assets/Brick Project Studio/Apartment Kit/_Prefabs/Apt Build Kit/Interiors/Special/Wall Tiles/BR_Tile_APT_02_02.prefab
  artifactKey: Guid(6ecb0bf6d9576ac4c9db5a24641bdf73) Importer(2089858483,0ecaa5967403d082aa24f35e1b516d23)
Start importing Assets/Brick Project Studio/Apartment Kit/_Prefabs/Apt Build Kit/Interiors/Special/Wall Tiles/BR_Tile_APT_02_02.prefab using Guid(6ecb0bf6d9576ac4c9db5a24641bdf73) Importer(2089858483,0ecaa5967403d082aa24f35e1b516d23) Generated GUIDs only implemented for interfaces!
 -> (artifact id: 'cc6510449ff9864b31020a7dbea07b92') in 0.017743 seconds
Number of updated asset objects reloaded before import = 0
Number of asset objects unloaded after import = 8
========================================================================
Received Import Request.
  Time since last request: 0.000031 seconds.
  path: Assets/Brick Project Studio/Apartment Kit/_Prefabs/Apt Build Kit/Interiors/Special/Wall Tiles/BR_Tile_APT_01_06.prefab
  artifactKey: Guid(6fa91d521b4ccab46aeeac4c0eec4749) Importer(2089858483,0ecaa5967403d082aa24f35e1b516d23)
Start importing Assets/Brick Project Studio/Apartment Kit/_Prefabs/Apt Build Kit/Interiors/Special/Wall Tiles/BR_Tile_APT_01_06.prefab using Guid(6fa91d521b4ccab46aeeac4c0eec4749) Importer(2089858483,0ecaa5967403d082aa24f35e1b516d23) Generated GUIDs only implemented for interfaces!
 -> (artifact id: '7cde8d2ab5d1dd0500fad67774e200ca') in 0.019169 seconds
Number of updated asset objects reloaded before import = 0
Number of asset objects unloaded after import = 8
========================================================================
Received Import Request.
  Time since last request: 0.000021 seconds.
  path: Assets/Brick Project Studio/Apartment Kit/_Prefabs/Apt Build Kit/Interiors/Walls Frames & Doors/Apt_02/Int_Apt_02_Pillar_1x1.prefab
  artifactKey: Guid(b5b612cc5cb971b459b8c21f79f75715) Importer(2089858483,0ecaa5967403d082aa24f35e1b516d23)
Start importing Assets/Brick Project Studio/Apartment Kit/_Prefabs/Apt Build Kit/Interiors/Walls Frames & Doors/Apt_02/Int_Apt_02_Pillar_1x1.prefab using Guid(b5b612cc5cb971b459b8c21f79f75715) Importer(2089858483,0ecaa5967403d082aa24f35e1b516d23) Generated GUIDs only implemented for interfaces!
 -> (artifact id: '3b12c0791a7203e70f4fa3a31fdf7693') in 0.019542 seconds
Number of updated asset objects reloaded before import = 0
Number of asset objects unloaded after import = 8
========================================================================
Received Import Request.
  Time since last request: 0.000020 seconds.
  path: Assets/Brick Project Studio/_BPS Basic Assets/_Prefabs/Restroom/RR Build Kit/Walls/Int_RR_01_pillar_2x2.prefab
  artifactKey: Guid(b17effefd1c1da643888570fb5635416) Importer(2089858483,0ecaa5967403d082aa24f35e1b516d23)
Start importing Assets/Brick Project Studio/_BPS Basic Assets/_Prefabs/Restroom/RR Build Kit/Walls/Int_RR_01_pillar_2x2.prefab using Guid(b17effefd1c1da643888570fb5635416) Importer(2089858483,0ecaa5967403d082aa24f35e1b516d23) Generated GUIDs only implemented for interfaces!
 -> (artifact id: '59ecb802985ac7d3d28a2be7ba33a15f') in 0.017822 seconds
Number of updated asset objects reloaded before import = 0
Number of asset objects unloaded after import = 8
========================================================================
Received Import Request.
  Time since last request: 0.000019 seconds.
  path: Assets/Brick Project Studio/_BPS Basic Assets/_Prefabs/Basic Asset/BA Build Kit/Exterior/Ext_BA_01_Pillar_4x4.prefab
  artifactKey: Guid(94c14dfc6c607a44486aa4e3dbc3f125) Importer(2089858483,0ecaa5967403d082aa24f35e1b516d23)
Start importing Assets/Brick Project Studio/_BPS Basic Assets/_Prefabs/Basic Asset/BA Build Kit/Exterior/Ext_BA_01_Pillar_4x4.prefab using Guid(94c14dfc6c607a44486aa4e3dbc3f125) Importer(2089858483,0ecaa5967403d082aa24f35e1b516d23) Generated GUIDs only implemented for interfaces!
 -> (artifact id: '46deff565b96808b4cccec4047f73b11') in 0.018311 seconds
Number of updated asset objects reloaded before import = 0
Number of asset objects unloaded after import = 8
========================================================================
Received Import Request.
  Time since last request: 0.000022 seconds.
  path: Assets/Brick Project Studio/_BPS Basic Assets/Common/Scripts and Animations/Drawer/X Axis/closepush_01.anim
  artifactKey: Guid(7b9d5a8930e7cf4478b9e7be6ca056b3) Importer(2089858483,0ecaa5967403d082aa24f35e1b516d23)
Start importing Assets/Brick Project Studio/_BPS Basic Assets/Common/Scripts and Animations/Drawer/X Axis/closepush_01.anim using Guid(7b9d5a8930e7cf4478b9e7be6ca056b3) Importer(2089858483,0ecaa5967403d082aa24f35e1b516d23) Generated GUIDs only implemented for interfaces!
 -> (artifact id: '051c597db3b9d4e67dcbacbbb39903c6') in 0.018806 seconds
Number of updated asset objects reloaded before import = 0
Number of asset objects unloaded after import = 1
========================================================================
Received Import Request.
  Time since last request: 0.000038 seconds.
  path: Assets/Brick Project Studio/Apartment Kit/_Prefabs/Apt Build Kit/Interiors/Frames Windows Stairs & Doors/Int_apt_01_Staircase_01.prefab
  artifactKey: Guid(3cdb710f55b8ba342bfc746fcebede5b) Importer(2089858483,0ecaa5967403d082aa24f35e1b516d23)
Start importing Assets/Brick Project Studio/Apartment Kit/_Prefabs/Apt Build Kit/Interiors/Frames Windows Stairs & Doors/Int_apt_01_Staircase_01.prefab using Guid(3cdb710f55b8ba342bfc746fcebede5b) Importer(2089858483,0ecaa5967403d082aa24f35e1b516d23) Generated GUIDs only implemented for interfaces!
 -> (artifact id: 'fbbfcb2f2c1fb825f17fc5c1346a840c') in 0.021166 seconds
Number of updated asset objects reloaded before import = 0
Number of asset objects unloaded after import = 14
========================================================================
Received Import Request.
  Time since last request: 0.000020 seconds.
  path: Assets/Brick Project Studio/_BPS Basic Assets/Common/Scripts and Animations/Drawer/Z Axis/pull.controller
  artifactKey: Guid(e20d80aafd5329a4897333eebe043b04) Importer(2089858483,0ecaa5967403d082aa24f35e1b516d23)
Start importing Assets/Brick Project Studio/_BPS Basic Assets/Common/Scripts and Animations/Drawer/Z Axis/pull.controller using Guid(e20d80aafd5329a4897333eebe043b04) Importer(2089858483,0ecaa5967403d082aa24f35e1b516d23) Generated GUIDs only implemented for interfaces!
 -> (artifact id: 'b1d911aef04da6688d33026e4cc306bd') in 0.016777 seconds
Number of updated asset objects reloaded before import = 0
Number of asset objects unloaded after import = 8
========================================================================
Received Import Request.
  Time since last request: 0.000019 seconds.
  path: Assets/Brick Project Studio/_BPS Basic Assets/Common/Textures/Fire/Fire_Texture_02.tga
  artifactKey: Guid(c8b0b917072902c4f90273607a87d9b0) Importer(2089858483,0ecaa5967403d082aa24f35e1b516d23)
Start importing Assets/Brick Project Studio/_BPS Basic Assets/Common/Textures/Fire/Fire_Texture_02.tga using Guid(c8b0b917072902c4f90273607a87d9b0) Importer(2089858483,0ecaa5967403d082aa24f35e1b516d23) Generated GUIDs only implemented for interfaces!
 -> (artifact id: 'c06f04531b5c8036c88dac85a562c76a') in 0.078913 seconds
Number of updated asset objects reloaded before import = 0
Number of asset objects unloaded after import = 1
========================================================================
Received Import Request.
  Time since last request: 0.000114 seconds.
  path: Assets/Brick Project Studio/_BPS Basic Assets/_Prefabs/Basic Asset/BA Build Kit/Interior/Int_01/Int_BA_01_Filler_02.prefab
  artifactKey: Guid(586efc4ccee24ca4883a7542f1e326bb) Importer(2089858483,0ecaa5967403d082aa24f35e1b516d23)
Start importing Assets/Brick Project Studio/_BPS Basic Assets/_Prefabs/Basic Asset/BA Build Kit/Interior/Int_01/Int_BA_01_Filler_02.prefab using Guid(586efc4ccee24ca4883a7542f1e326bb) Importer(2089858483,0ecaa5967403d082aa24f35e1b516d23) Generated GUIDs only implemented for interfaces!
 -> (artifact id: '8d621311665176d8cf7f757278c0bd4e') in 0.027150 seconds
Number of updated asset objects reloaded before import = 0
Number of asset objects unloaded after import = 8
========================================================================
Received Import Request.
  Time since last request: 0.000018 seconds.
  path: Assets/Brick Project Studio/_BPS Basic Assets/_Prefabs/Basic Asset/BA Build Kit/Interior/Int_01/Int_BA_01_Wall_03.prefab
  artifactKey: Guid(2f0bc8ecefb88eb4481fa90771c8e7c6) Importer(2089858483,0ecaa5967403d082aa24f35e1b516d23)
Start importing Assets/Brick Project Studio/_BPS Basic Assets/_Prefabs/Basic Asset/BA Build Kit/Interior/Int_01/Int_BA_01_Wall_03.prefab using Guid(2f0bc8ecefb88eb4481fa90771c8e7c6) Importer(2089858483,0ecaa5967403d082aa24f35e1b516d23) Generated GUIDs only implemented for interfaces!
 -> (artifact id: 'a37cdebfd40c12b47d22dbc23ed3e3a7') in 0.023324 seconds
Number of updated asset objects reloaded before import = 0
Number of asset objects unloaded after import = 8
========================================================================
Received Import Request.
  Time since last request: 0.000021 seconds.
  path: Assets/Brick Project Studio/_BPS Basic Assets/_Prefabs/Basic Asset/BA Build Kit/Interior/Int_02/Int_BA_02_Pillar_3x3.prefab
  artifactKey: Guid(9068914faab841c49adc9e106827f827) Importer(2089858483,0ecaa5967403d082aa24f35e1b516d23)
Start importing Assets/Brick Project Studio/_BPS Basic Assets/_Prefabs/Basic Asset/BA Build Kit/Interior/Int_02/Int_BA_02_Pillar_3x3.prefab using Guid(9068914faab841c49adc9e106827f827) Importer(2089858483,0ecaa5967403d082aa24f35e1b516d23) Generated GUIDs only implemented for interfaces!
 -> (artifact id: '97262c5cd378c17aebae43b2455c855d') in 0.022148 seconds
Number of updated asset objects reloaded before import = 0
Number of asset objects unloaded after import = 8
========================================================================
Received Import Request.
  Time since last request: 0.000017 seconds.
  path: Assets/Brick Project Studio/Apartment Kit/_Prefabs/Apt Build Kit/Interiors/Walls Frames & Doors/Apt_02/Int_Apt_02_Wall_02.prefab
  artifactKey: Guid(30553bc0887e026448946afaa552d655) Importer(2089858483,0ecaa5967403d082aa24f35e1b516d23)
Start importing Assets/Brick Project Studio/Apartment Kit/_Prefabs/Apt Build Kit/Interiors/Walls Frames & Doors/Apt_02/Int_Apt_02_Wall_02.prefab using Guid(30553bc0887e026448946afaa552d655) Importer(2089858483,0ecaa5967403d082aa24f35e1b516d23) Generated GUIDs only implemented for interfaces!
 -> (artifact id: '65cf99889b7d6ad9d62c11de1b76efbe') in 0.020579 seconds
Number of updated asset objects reloaded before import = 0
Number of asset objects unloaded after import = 8
========================================================================
Received Import Request.
  Time since last request: 0.000027 seconds.
  path: Assets/Brick Project Studio/_BPS Basic Assets/_Prefabs/Basic Asset/BA Build Kit/Interior/Int_01/Int_BA_01_Floor_01.prefab
  artifactKey: Guid(44c2c1ab745c05740b134b9f0487d99b) Importer(2089858483,0ecaa5967403d082aa24f35e1b516d23)
Start importing Assets/Brick Project Studio/_BPS Basic Assets/_Prefabs/Basic Asset/BA Build Kit/Interior/Int_01/Int_BA_01_Floor_01.prefab using Guid(44c2c1ab745c05740b134b9f0487d99b) Importer(2089858483,0ecaa5967403d082aa24f35e1b516d23) Generated GUIDs only implemented for interfaces!
 -> (artifact id: 'b77f7f9840fba34effbbeb243a143673') in 0.021252 seconds
Number of updated asset objects reloaded before import = 0
Number of asset objects unloaded after import = 8
========================================================================
Received Import Request.
  Time since last request: 0.000020 seconds.
  path: Assets/Brick Project Studio/_BPS Basic Assets/_Prefabs/Basic Asset/BA Build Kit/Interior/Int_02/Int_BA_02_Wall_02.prefab
  artifactKey: Guid(e865b35190d61134389351f1fb9a589f) Importer(2089858483,0ecaa5967403d082aa24f35e1b516d23)
Start importing Assets/Brick Project Studio/_BPS Basic Assets/_Prefabs/Basic Asset/BA Build Kit/Interior/Int_02/Int_BA_02_Wall_02.prefab using Guid(e865b35190d61134389351f1fb9a589f) Importer(2089858483,0ecaa5967403d082aa24f35e1b516d23) Generated GUIDs only implemented for interfaces!
 -> (artifact id: '41188f84dc8dbebede8b161c01a929a7') in 0.020905 seconds
Number of updated asset objects reloaded before import = 0
Number of asset objects unloaded after import = 8
========================================================================
Received Import Request.
  Time since last request: 0.000021 seconds.
  path: Assets/Brick Project Studio/_BPS Basic Assets/_Prefabs/Basic Asset/BA Build Kit/Interior/Int_02/Int_BA_02_Ceiling_01.prefab
  artifactKey: Guid(c8a35b1154033a342ac94fd67adf1991) Importer(2089858483,0ecaa5967403d082aa24f35e1b516d23)
Start importing Assets/Brick Project Studio/_BPS Basic Assets/_Prefabs/Basic Asset/BA Build Kit/Interior/Int_02/Int_BA_02_Ceiling_01.prefab using Guid(c8a35b1154033a342ac94fd67adf1991) Importer(2089858483,0ecaa5967403d082aa24f35e1b516d23) Generated GUIDs only implemented for interfaces!
 -> (artifact id: '963b8619ea53a8975908e2806f289e80') in 0.022396 seconds
Number of updated asset objects reloaded before import = 0
Number of asset objects unloaded after import = 8
========================================================================
Received Import Request.
  Time since last request: 0.000018 seconds.
  path: Assets/Brick Project Studio/_BPS Basic Assets/_Prefabs/Basic Asset/BA Build Kit/Interior/Int_01/Int_BA_01_Pillar_1x1.prefab
  artifactKey: Guid(736096cdbd0f7f34cb9e8fdc25987b1c) Importer(2089858483,0ecaa5967403d082aa24f35e1b516d23)
Start importing Assets/Brick Project Studio/_BPS Basic Assets/_Prefabs/Basic Asset/BA Build Kit/Interior/Int_01/Int_BA_01_Pillar_1x1.prefab using Guid(736096cdbd0f7f34cb9e8fdc25987b1c) Importer(2089858483,0ecaa5967403d082aa24f35e1b516d23) Generated GUIDs only implemented for interfaces!
 -> (artifact id: '2fedcddb82c7ec9fa62e36fb2a052354') in 0.021282 seconds
Number of updated asset objects reloaded before import = 0
Number of asset objects unloaded after import = 8
========================================================================
Received Import Request.
  Time since last request: 0.000017 seconds.
  path: Assets/Brick Project Studio/_BPS Basic Assets/_Prefabs/Basic Asset/BA Build Kit/Interior/Doors Frames/Int_BA_Frame_02.prefab
  artifactKey: Guid(6b0fe008d0f2fd649ba26243e4ef0ee8) Importer(2089858483,0ecaa5967403d082aa24f35e1b516d23)
Start importing Assets/Brick Project Studio/_BPS Basic Assets/_Prefabs/Basic Asset/BA Build Kit/Interior/Doors Frames/Int_BA_Frame_02.prefab using Guid(6b0fe008d0f2fd649ba26243e4ef0ee8) Importer(2089858483,0ecaa5967403d082aa24f35e1b516d23) Generated GUIDs only implemented for interfaces!
 -> (artifact id: 'fb6d0945ad6b17ff32779bc36caa1932') in 0.019748 seconds
Number of updated asset objects reloaded before import = 0
Number of asset objects unloaded after import = 7
========================================================================
Received Import Request.
  Time since last request: 0.000023 seconds.
  path: Assets/Brick Project Studio/Apartment Kit/_Prefabs/Apt Build Kit/Interiors/Walls Frames & Doors/Apt_03/Int_Apt_03_Wall_02.prefab
  artifactKey: Guid(1b521e989c39fb544aaf387f9eda3db9) Importer(2089858483,0ecaa5967403d082aa24f35e1b516d23)
Start importing Assets/Brick Project Studio/Apartment Kit/_Prefabs/Apt Build Kit/Interiors/Walls Frames & Doors/Apt_03/Int_Apt_03_Wall_02.prefab using Guid(1b521e989c39fb544aaf387f9eda3db9) Importer(2089858483,0ecaa5967403d082aa24f35e1b516d23) Generated GUIDs only implemented for interfaces!
 -> (artifact id: '9fc8d9a5ecb0bb667abab13367902709') in 0.023621 seconds
Number of updated asset objects reloaded before import = 0
Number of asset objects unloaded after import = 8
========================================================================
Received Import Request.
  Time since last request: 0.000025 seconds.
  path: Assets/Brick Project Studio/Apartment Kit/_Prefabs/Apt Build Kit/Interiors/Walls Frames & Doors/Apt_03/Int_Apt_03_Corner_01.prefab
  artifactKey: Guid(c873e765218b357479718f2fe5578f87) Importer(2089858483,0ecaa5967403d082aa24f35e1b516d23)
Start importing Assets/Brick Project Studio/Apartment Kit/_Prefabs/Apt Build Kit/Interiors/Walls Frames & Doors/Apt_03/Int_Apt_03_Corner_01.prefab using Guid(c873e765218b357479718f2fe5578f87) Importer(2089858483,0ecaa5967403d082aa24f35e1b516d23) Generated GUIDs only implemented for interfaces!
 -> (artifact id: '1a8efe9309f3832eb5abff51dfe03561') in 0.024144 seconds
Number of updated asset objects reloaded before import = 0
Number of asset objects unloaded after import = 8
========================================================================
Received Import Request.
  Time since last request: 0.000031 seconds.
  path: Assets/Brick Project Studio/_BPS Basic Assets/_Prefabs/Basic Asset/BA Build Kit/Interior/Int_01/int_BA_01_Ceiling_01.prefab
  artifactKey: Guid(cb2e86b9dfb7ed64893d3d6345e3180d) Importer(2089858483,0ecaa5967403d082aa24f35e1b516d23)
Start importing Assets/Brick Project Studio/_BPS Basic Assets/_Prefabs/Basic Asset/BA Build Kit/Interior/Int_01/int_BA_01_Ceiling_01.prefab using Guid(cb2e86b9dfb7ed64893d3d6345e3180d) Importer(2089858483,0ecaa5967403d082aa24f35e1b516d23) Generated GUIDs only implemented for interfaces!
 -> (artifact id: '2f9dab5140d66db2ce08eef3772c8391') in 0.024073 seconds
Number of updated asset objects reloaded before import = 0
Number of asset objects unloaded after import = 8
========================================================================
Received Import Request.
  Time since last request: 0.000017 seconds.
  path: Assets/Brick Project Studio/_BPS Basic Assets/_Prefabs/Basic Asset/BA Build Kit/Interior/Int_02/Int_BA_02_Floor_01.prefab
  artifactKey: Guid(3d085e6f9521f33418df246d3b5f694f) Importer(2089858483,0ecaa5967403d082aa24f35e1b516d23)
Start importing Assets/Brick Project Studio/_BPS Basic Assets/_Prefabs/Basic Asset/BA Build Kit/Interior/Int_02/Int_BA_02_Floor_01.prefab using Guid(3d085e6f9521f33418df246d3b5f694f) Importer(2089858483,0ecaa5967403d082aa24f35e1b516d23) Generated GUIDs only implemented for interfaces!
 -> (artifact id: '66aa3c6f52b9c281fe5bd718ec2aff67') in 0.019363 seconds
Number of updated asset objects reloaded before import = 0
Number of asset objects unloaded after import = 8
========================================================================
Received Import Request.
  Time since last request: 0.000020 seconds.
  path: Assets/Brick Project Studio/Apartment Kit/_Prefabs/Furniture/Kitchen/Appliances/Stove_01.prefab
  artifactKey: Guid(452921da7fe17904da8c1d34c235dee4) Importer(2089858483,0ecaa5967403d082aa24f35e1b516d23)
Start importing Assets/Brick Project Studio/Apartment Kit/_Prefabs/Furniture/Kitchen/Appliances/Stove_01.prefab using Guid(452921da7fe17904da8c1d34c235dee4) Importer(2089858483,0ecaa5967403d082aa24f35e1b516d23) Generated GUIDs only implemented for interfaces!
 -> (artifact id: '3e79c0a9707bc73920998ff9e770bb26') in 0.034582 seconds
Number of updated asset objects reloaded before import = 0
Number of asset objects unloaded after import = 142
========================================================================
Received Import Request.
  Time since last request: 0.000020 seconds.
  path: Assets/Brick Project Studio/_BPS Basic Assets/_Prefabs/Restroom/Fixtures/RR_PaperTowelDispenser_01.prefab
  artifactKey: Guid(d493d80813479394da472625132622ed) Importer(2089858483,0ecaa5967403d082aa24f35e1b516d23)
Start importing Assets/Brick Project Studio/_BPS Basic Assets/_Prefabs/Restroom/Fixtures/RR_PaperTowelDispenser_01.prefab using Guid(d493d80813479394da472625132622ed) Importer(2089858483,0ecaa5967403d082aa24f35e1b516d23) Generated GUIDs only implemented for interfaces!
 -> (artifact id: '8f44a393e45b6932c8509954b698235f') in 0.021929 seconds
Number of updated asset objects reloaded before import = 0
Number of asset objects unloaded after import = 18
========================================================================
Received Import Request.
  Time since last request: 0.000019 seconds.
  path: Assets/Brick Project Studio/_BPS Basic Assets/_Prefabs/Basic Asset/Furniture_Props/BA_Ceiling Light_01.prefab
  artifactKey: Guid(4f5fea46d0c567446b768005952642f8) Importer(2089858483,0ecaa5967403d082aa24f35e1b516d23)
Start importing Assets/Brick Project Studio/_BPS Basic Assets/_Prefabs/Basic Asset/Furniture_Props/BA_Ceiling Light_01.prefab using Guid(4f5fea46d0c567446b768005952642f8) Importer(2089858483,0ecaa5967403d082aa24f35e1b516d23) Generated GUIDs only implemented for interfaces!
 -> (artifact id: 'ee6c8e4e27cfb0eff9bd4a2b5b781e87') in 0.030264 seconds
Number of updated asset objects reloaded before import = 0
Number of asset objects unloaded after import = 12
========================================================================
Received Import Request.
  Time since last request: 0.000025 seconds.
  path: Assets/Brick Project Studio/Apartment Kit/_Prefabs/Apt Build Kit/Interiors/Flooring & Ceilings/Int_apt_02_Floor_01.prefab
  artifactKey: Guid(5aac716a11271124887a33ec1836f27b) Importer(2089858483,0ecaa5967403d082aa24f35e1b516d23)
Start importing Assets/Brick Project Studio/Apartment Kit/_Prefabs/Apt Build Kit/Interiors/Flooring & Ceilings/Int_apt_02_Floor_01.prefab using Guid(5aac716a11271124887a33ec1836f27b) Importer(2089858483,0ecaa5967403d082aa24f35e1b516d23) Generated GUIDs only implemented for interfaces!
 -> (artifact id: '39c9a4fcfb7c5a3366ec21d7c3cec523') in 0.034878 seconds
Number of updated asset objects reloaded before import = 0
Number of asset objects unloaded after import = 8
========================================================================
Received Import Request.
  Time since last request: 0.000022 seconds.
  path: Assets/Brick Project Studio/Apartment Kit/_Prefabs/Apt Build Kit/Interiors/Special/Wall Tiles/BR_Tile_APT_02_04.prefab
  artifactKey: Guid(e7e7231ccdd4c2745a7aee5414cc2d04) Importer(2089858483,0ecaa5967403d082aa24f35e1b516d23)
Start importing Assets/Brick Project Studio/Apartment Kit/_Prefabs/Apt Build Kit/Interiors/Special/Wall Tiles/BR_Tile_APT_02_04.prefab using Guid(e7e7231ccdd4c2745a7aee5414cc2d04) Importer(2089858483,0ecaa5967403d082aa24f35e1b516d23) Generated GUIDs only implemented for interfaces!
 -> (artifact id: '2dd4e7c4534b2bfe5a70fb244339317a') in 0.027331 seconds
Number of updated asset objects reloaded before import = 0
Number of asset objects unloaded after import = 8
========================================================================
Received Import Request.
  Time since last request: 0.000023 seconds.
  path: Assets/Brick Project Studio/_BPS Basic Assets/_Prefabs/Basic Asset/BA Build Kit/Interior/Int_01/Int_BA_01_Filler_01.prefab
  artifactKey: Guid(e1d90d5681101f948bb7aee7a03944a1) Importer(2089858483,0ecaa5967403d082aa24f35e1b516d23)
Start importing Assets/Brick Project Studio/_BPS Basic Assets/_Prefabs/Basic Asset/BA Build Kit/Interior/Int_01/Int_BA_01_Filler_01.prefab using Guid(e1d90d5681101f948bb7aee7a03944a1) Importer(2089858483,0ecaa5967403d082aa24f35e1b516d23) Generated GUIDs only implemented for interfaces!
 -> (artifact id: 'f8c389fbcc79978dd085fb00b31ff5da') in 0.025455 seconds
Number of updated asset objects reloaded before import = 0
Number of asset objects unloaded after import = 8
========================================================================
Received Import Request.
  Time since last request: 0.000034 seconds.
  path: Assets/Brick Project Studio/_BPS Basic Assets/_Prefabs/Basic Asset/BA Build Kit/Interior/Int_02/Int_BA_02_Wall_01.prefab
  artifactKey: Guid(74787c4efc3c48d48ba66f7b4a32b975) Importer(2089858483,0ecaa5967403d082aa24f35e1b516d23)
Start importing Assets/Brick Project Studio/_BPS Basic Assets/_Prefabs/Basic Asset/BA Build Kit/Interior/Int_02/Int_BA_02_Wall_01.prefab using Guid(74787c4efc3c48d48ba66f7b4a32b975) Importer(2089858483,0ecaa5967403d082aa24f35e1b516d23) Generated GUIDs only implemented for interfaces!
 -> (artifact id: '92da672b5736701925fded22024c323d') in 0.024493 seconds
Number of updated asset objects reloaded before import = 0
Number of asset objects unloaded after import = 8
========================================================================
Received Import Request.
  Time since last request: 0.000032 seconds.
  path: Assets/Brick Project Studio/Apartment Kit/_Prefabs/Apt Build Kit/Interiors/Flooring & Ceilings/Int_apt_01_Floor_01.prefab
  artifactKey: Guid(bee09117d2231334d90a559b1ff7f323) Importer(2089858483,0ecaa5967403d082aa24f35e1b516d23)
Start importing Assets/Brick Project Studio/Apartment Kit/_Prefabs/Apt Build Kit/Interiors/Flooring & Ceilings/Int_apt_01_Floor_01.prefab using Guid(bee09117d2231334d90a559b1ff7f323) Importer(2089858483,0ecaa5967403d082aa24f35e1b516d23) Generated GUIDs only implemented for interfaces!
 -> (artifact id: '220d9ddea9f353e01fb6a15b7b088204') in 0.021843 seconds
Number of updated asset objects reloaded before import = 0
Number of asset objects unloaded after import = 8
========================================================================
Received Import Request.
  Time since last request: 0.000018 seconds.
  path: Assets/Brick Project Studio/_BPS Basic Assets/_Prefabs/Basic Asset/BA Build Kit/Exterior/Ext_BA_Door Frame_01.prefab
  artifactKey: Guid(680503713abcfb149bae4f505b6c449c) Importer(2089858483,0ecaa5967403d082aa24f35e1b516d23)
Start importing Assets/Brick Project Studio/_BPS Basic Assets/_Prefabs/Basic Asset/BA Build Kit/Exterior/Ext_BA_Door Frame_01.prefab using Guid(680503713abcfb149bae4f505b6c449c) Importer(2089858483,0ecaa5967403d082aa24f35e1b516d23) Generated GUIDs only implemented for interfaces!
 -> (artifact id: '647ad99feed1ead7668951b576ee27a3') in 0.024446 seconds
Number of updated asset objects reloaded before import = 0
Number of asset objects unloaded after import = 26
========================================================================
Received Import Request.
  Time since last request: 0.000019 seconds.
  path: Assets/Brick Project Studio/Apartment Kit/_Prefabs/Apt Build Kit/Interiors/Walls Frames & Doors/Apt_01/Int_Apt_01_Corner_01.prefab
  artifactKey: Guid(4ddec33f57bc4c74680f805d105aa0cc) Importer(2089858483,0ecaa5967403d082aa24f35e1b516d23)
Start importing Assets/Brick Project Studio/Apartment Kit/_Prefabs/Apt Build Kit/Interiors/Walls Frames & Doors/Apt_01/Int_Apt_01_Corner_01.prefab using Guid(4ddec33f57bc4c74680f805d105aa0cc) Importer(2089858483,0ecaa5967403d082aa24f35e1b516d23) Generated GUIDs only implemented for interfaces!
 -> (artifact id: 'da1eda04df66fdbfac0ed9530eedc513') in 0.019464 seconds
Number of updated asset objects reloaded before import = 0
Number of asset objects unloaded after import = 8
========================================================================
Received Import Request.
  Time since last request: 0.000021 seconds.
  path: Assets/Brick Project Studio/_BPS Basic Assets/_Prefabs/Basic Asset/BA Build Kit/Interior/Int_02/Int_BA_02_Wall_03.prefab
  artifactKey: Guid(b5ea4c1fc5a7a044c8b2c38bf36cffe9) Importer(2089858483,0ecaa5967403d082aa24f35e1b516d23)
Start importing Assets/Brick Project Studio/_BPS Basic Assets/_Prefabs/Basic Asset/BA Build Kit/Interior/Int_02/Int_BA_02_Wall_03.prefab using Guid(b5ea4c1fc5a7a044c8b2c38bf36cffe9) Importer(2089858483,0ecaa5967403d082aa24f35e1b516d23) Generated GUIDs only implemented for interfaces!
 -> (artifact id: 'a083ad1746319d7da6d0eee9f6b9763e') in 0.021505 seconds
Number of updated asset objects reloaded before import = 0
Number of asset objects unloaded after import = 8
========================================================================
Received Import Request.
  Time since last request: 0.000031 seconds.
  path: Assets/Brick Project Studio/_BPS Basic Assets/Common/Textures/Fire/Fire_Texture_02_ADD.tga
  artifactKey: Guid(e3fbc8a570c365347b4caff594f25a12) Importer(2089858483,0ecaa5967403d082aa24f35e1b516d23)
Start importing Assets/Brick Project Studio/_BPS Basic Assets/Common/Textures/Fire/Fire_Texture_02_ADD.tga using Guid(e3fbc8a570c365347b4caff594f25a12) Importer(2089858483,0ecaa5967403d082aa24f35e1b516d23) Generated GUIDs only implemented for interfaces!
 -> (artifact id: '174e7112092fa04334615c155c9babca') in 0.048166 seconds
Number of updated asset objects reloaded before import = 0
Number of asset objects unloaded after import = 1
========================================================================
Received Import Request.
  Time since last request: 0.000019 seconds.
  path: Assets/Brick Project Studio/Apartment Kit/_Prefabs/Apt Build Kit/Interiors/Walls Frames & Doors/Apt_03/Int_Apt_03_Pillar_4x4.prefab
  artifactKey: Guid(ad9c053ed14d8004ea68366cfcbf751a) Importer(2089858483,0ecaa5967403d082aa24f35e1b516d23)
Start importing Assets/Brick Project Studio/Apartment Kit/_Prefabs/Apt Build Kit/Interiors/Walls Frames & Doors/Apt_03/Int_Apt_03_Pillar_4x4.prefab using Guid(ad9c053ed14d8004ea68366cfcbf751a) Importer(2089858483,0ecaa5967403d082aa24f35e1b516d23) Generated GUIDs only implemented for interfaces!
 -> (artifact id: '24efef81c9bffb3785516bd1ea5615dd') in 0.022730 seconds
Number of updated asset objects reloaded before import = 0
Number of asset objects unloaded after import = 8
========================================================================
Received Import Request.
  Time since last request: 0.000019 seconds.
  path: Assets/Brick Project Studio/Apartment Kit/_Prefabs/Furniture/Bedroom/Table_End_01.prefab
  artifactKey: Guid(c15f037642a1e1b439d19869e86e1ddf) Importer(2089858483,0ecaa5967403d082aa24f35e1b516d23)
Start importing Assets/Brick Project Studio/Apartment Kit/_Prefabs/Furniture/Bedroom/Table_End_01.prefab using Guid(c15f037642a1e1b439d19869e86e1ddf) Importer(2089858483,0ecaa5967403d082aa24f35e1b516d23) Generated GUIDs only implemented for interfaces!
 -> (artifact id: '06a638d6481f60eedc66b33ab20a50e6') in 0.022238 seconds
Number of updated asset objects reloaded before import = 0
Number of asset objects unloaded after import = 41
========================================================================
Received Import Request.
  Time since last request: 0.000019 seconds.
  path: Assets/Brick Project Studio/Apartment Kit/Common/Textures/Misc/Canvas_Nat_01_02.png
  artifactKey: Guid(6a8bc2eb1d26b8148adab82af7aac7f2) Importer(2089858483,0ecaa5967403d082aa24f35e1b516d23)
Start importing Assets/Brick Project Studio/Apartment Kit/Common/Textures/Misc/Canvas_Nat_01_02.png using Guid(6a8bc2eb1d26b8148adab82af7aac7f2) Importer(2089858483,0ecaa5967403d082aa24f35e1b516d23) Generated GUIDs only implemented for interfaces!
 -> (artifact id: '8b4982389ed31bde290ee750d7776334') in 0.046207 seconds
Number of updated asset objects reloaded before import = 0
Number of asset objects unloaded after import = 1
========================================================================
Received Import Request.
  Time since last request: 0.000047 seconds.
  path: Assets/Brick Project Studio/Apartment Kit/Common/Materials/Surface/Cabinets_02.mat
  artifactKey: Guid(8065c96d5d4286e4987cd02652878015) Importer(2089858483,0ecaa5967403d082aa24f35e1b516d23)
Start importing Assets/Brick Project Studio/Apartment Kit/Common/Materials/Surface/Cabinets_02.mat using Guid(8065c96d5d4286e4987cd02652878015) Importer(2089858483,0ecaa5967403d082aa24f35e1b516d23) Generated GUIDs only implemented for interfaces!
 -> (artifact id: '4a12606075da2fba5f1b61d2d75f30c7') in 0.018608 seconds
Number of updated asset objects reloaded before import = 0
Number of asset objects unloaded after import = 1
========================================================================
Received Import Request.
  Time since last request: 0.000020 seconds.
  path: Assets/Brick Project Studio/Apartment Kit/Common/Models/Lamp 02.fbx
  artifactKey: Guid(e501afb3ed5c60243ac1515b7ca1e2be) Importer(2089858483,0ecaa5967403d082aa24f35e1b516d23)
Start importing Assets/Brick Project Studio/Apartment Kit/Common/Models/Lamp 02.fbx using Guid(e501afb3ed5c60243ac1515b7ca1e2be) Importer(2089858483,0ecaa5967403d082aa24f35e1b516d23) Generated GUIDs only implemented for interfaces!
 -> (artifact id: '528082618732454c6720bd4a885bdbd6') in 0.056006 seconds
Number of updated asset objects reloaded before import = 0
Number of asset objects unloaded after import = 81
========================================================================
Received Import Request.
  Time since last request: 0.000018 seconds.
  path: Assets/Brick Project Studio/Apartment Kit/Common/Materials/Surface/Plastic_01.mat
  artifactKey: Guid(9a0f81c2a61d0294db7e1b3a3eabad0c) Importer(2089858483,0ecaa5967403d082aa24f35e1b516d23)
Start importing Assets/Brick Project Studio/Apartment Kit/Common/Materials/Surface/Plastic_01.mat using Guid(9a0f81c2a61d0294db7e1b3a3eabad0c) Importer(2089858483,0ecaa5967403d082aa24f35e1b516d23) Generated GUIDs only implemented for interfaces!
 -> (artifact id: '03afc1ff54a07ecf42967fbb16c74b26') in 0.022032 seconds
Number of updated asset objects reloaded before import = 0
Number of asset objects unloaded after import = 3
========================================================================
Received Import Request.
  Time since last request: 0.000017 seconds.
  path: Assets/Brick Project Studio/_BPS Basic Assets/_Prefabs/Base Scene/BA_First Person Player.prefab
  artifactKey: Guid(a9b081014bad86f4a80b60284279d21b) Importer(2089858483,0ecaa5967403d082aa24f35e1b516d23)
Start importing Assets/Brick Project Studio/_BPS Basic Assets/_Prefabs/Base Scene/BA_First Person Player.prefab using Guid(a9b081014bad86f4a80b60284279d21b) Importer(2089858483,0ecaa5967403d082aa24f35e1b516d23) Generated GUIDs only implemented for interfaces!
 -> (artifact id: '4d8fb803c95e2d201c09ea97aef8cb08') in 0.029862 seconds
Number of updated asset objects reloaded before import = 0
Number of asset objects unloaded after import = 17
========================================================================
Received Import Request.
  Time since last request: 0.000014 seconds.
  path: Assets/Brick Project Studio/_BPS Basic Assets/_Prefabs/Basic Asset/BA Build Kit/Exterior/Ext_BA_01_Pillar_2x2.prefab
  artifactKey: Guid(9e5df3ffdacb0044d80a4e70e9f86833) Importer(2089858483,0ecaa5967403d082aa24f35e1b516d23)
Start importing Assets/Brick Project Studio/_BPS Basic Assets/_Prefabs/Basic Asset/BA Build Kit/Exterior/Ext_BA_01_Pillar_2x2.prefab using Guid(9e5df3ffdacb0044d80a4e70e9f86833) Importer(2089858483,0ecaa5967403d082aa24f35e1b516d23) Generated GUIDs only implemented for interfaces!
 -> (artifact id: '45be66227c0c406a36630ac6f361a353') in 0.023560 seconds
Number of updated asset objects reloaded before import = 0
Number of asset objects unloaded after import = 8
========================================================================
Received Import Request.
  Time since last request: 0.000024 seconds.
  path: Assets/Brick Project Studio/Apartment Kit/Common/Textures/Surface/CastIron_A.png
  artifactKey: Guid(519900fa9d01e9a43a245c4795c2170e) Importer(2089858483,0ecaa5967403d082aa24f35e1b516d23)
Start importing Assets/Brick Project Studio/Apartment Kit/Common/Textures/Surface/CastIron_A.png using Guid(519900fa9d01e9a43a245c4795c2170e) Importer(2089858483,0ecaa5967403d082aa24f35e1b516d23) Generated GUIDs only implemented for interfaces!
 -> (artifact id: 'dd7c69f03332f6c149b943f61ad34bdd') in 0.043668 seconds
Number of updated asset objects reloaded before import = 0
Number of asset objects unloaded after import = 1
========================================================================
Received Import Request.
  Time since last request: 0.000077 seconds.
  path: Assets/Brick Project Studio/Apartment Kit/Common/Models/Modular Wall Cabinet.fbx
  artifactKey: Guid(5a1710e01a2c88242a4499f68198d1f7) Importer(2089858483,0ecaa5967403d082aa24f35e1b516d23)
Start importing Assets/Brick Project Studio/Apartment Kit/Common/Models/Modular Wall Cabinet.fbx using Guid(5a1710e01a2c88242a4499f68198d1f7) Importer(2089858483,0ecaa5967403d082aa24f35e1b516d23) Generated GUIDs only implemented for interfaces!
 -> (artifact id: '4ea9ff5fa75abb0ae3906ae78a6a96c0') in 0.060845 seconds
Number of updated asset objects reloaded before import = 0
Number of asset objects unloaded after import = 80
========================================================================
Received Import Request.
  Time since last request: 0.000024 seconds.
  path: Assets/Brick Project Studio/Apartment Kit/_Prefabs/Apt Build Kit/Interiors/Special/Collum/Int_Collum_Apt_01.prefab
  artifactKey: Guid(e9053624939ee2d46b0cde7eff2c0e6e) Importer(2089858483,0ecaa5967403d082aa24f35e1b516d23)
Start importing Assets/Brick Project Studio/Apartment Kit/_Prefabs/Apt Build Kit/Interiors/Special/Collum/Int_Collum_Apt_01.prefab using Guid(e9053624939ee2d46b0cde7eff2c0e6e) Importer(2089858483,0ecaa5967403d082aa24f35e1b516d23) Generated GUIDs only implemented for interfaces!
 -> (artifact id: 'd55bbc6102e95184bfa039a185bafe03') in 0.023347 seconds
Number of updated asset objects reloaded before import = 0
Number of asset objects unloaded after import = 8
========================================================================
Received Import Request.
  Time since last request: 0.000030 seconds.
  path: Assets/Brick Project Studio/Apartment Kit/Common/Materials/Surface/Fabric_01_Blue.mat
  artifactKey: Guid(0e43f5a20c0c0184da573df09c6c1d40) Importer(2089858483,0ecaa5967403d082aa24f35e1b516d23)
Start importing Assets/Brick Project Studio/Apartment Kit/Common/Materials/Surface/Fabric_01_Blue.mat using Guid(0e43f5a20c0c0184da573df09c6c1d40) Importer(2089858483,0ecaa5967403d082aa24f35e1b516d23) Generated GUIDs only implemented for interfaces!
 -> (artifact id: 'b86dfaea858429f569cc7a710fd8d4e5') in 0.025759 seconds
Number of updated asset objects reloaded before import = 0
Number of asset objects unloaded after import = 5
========================================================================
Received Import Request.
  Time since last request: 0.000022 seconds.
  path: Assets/Brick Project Studio/Apartment Kit/_Prefabs/Furniture/Wine Cabinet/BarCabinet_Apt_02.prefab
  artifactKey: Guid(86ae21e881865b04f8548c4edade5fd2) Importer(2089858483,0ecaa5967403d082aa24f35e1b516d23)
Start importing Assets/Brick Project Studio/Apartment Kit/_Prefabs/Furniture/Wine Cabinet/BarCabinet_Apt_02.prefab using Guid(86ae21e881865b04f8548c4edade5fd2) Importer(2089858483,0ecaa5967403d082aa24f35e1b516d23) Generated GUIDs only implemented for interfaces!
 -> (artifact id: 'b97d715c81091da678562d866149a472') in 0.032840 seconds
Number of updated asset objects reloaded before import = 0
Number of asset objects unloaded after import = 135
========================================================================
Received Import Request.
  Time since last request: 0.000023 seconds.
  path: Assets/Brick Project Studio/_BPS Basic Assets/_Prefabs/Basic Asset/BA Build Kit/Interior/Int_01/Int_BA_01_Pillar_4x4.prefab
  artifactKey: Guid(c83e0dcf64994e249a7357b1eb31da5a) Importer(2089858483,0ecaa5967403d082aa24f35e1b516d23)
Start importing Assets/Brick Project Studio/_BPS Basic Assets/_Prefabs/Basic Asset/BA Build Kit/Interior/Int_01/Int_BA_01_Pillar_4x4.prefab using Guid(c83e0dcf64994e249a7357b1eb31da5a) Importer(2089858483,0ecaa5967403d082aa24f35e1b516d23) Generated GUIDs only implemented for interfaces!
 -> (artifact id: '6fd69e982a59a74e1ff499d083510f2f') in 0.030575 seconds
Number of updated asset objects reloaded before import = 0
Number of asset objects unloaded after import = 8
========================================================================
Received Import Request.
  Time since last request: 0.000056 seconds.
  path: Assets/Brick Project Studio/_BPS Basic Assets/Common/Materials/Restroom/RR_SoapLabel.mat
  artifactKey: Guid(66fe060a1655b474b9ce1641bbf19f9d) Importer(2089858483,0ecaa5967403d082aa24f35e1b516d23)
Start importing Assets/Brick Project Studio/_BPS Basic Assets/Common/Materials/Restroom/RR_SoapLabel.mat using Guid(66fe060a1655b474b9ce1641bbf19f9d) Importer(2089858483,0ecaa5967403d082aa24f35e1b516d23) Generated GUIDs only implemented for interfaces!
 -> (artifact id: 'a773e4f1644dd3dce87f861d1ee40bda') in 0.024324 seconds
Number of updated asset objects reloaded before import = 0
Number of asset objects unloaded after import = 2
========================================================================
Received Import Request.
  Time since last request: 0.000020 seconds.
  path: Assets/Brick Project Studio/Apartment Kit/Common/Scripts & Animation/Windows/Openingwindow.anim
  artifactKey: Guid(cc19861857a952d45813ccf780116d9e) Importer(2089858483,0ecaa5967403d082aa24f35e1b516d23)
Start importing Assets/Brick Project Studio/Apartment Kit/Common/Scripts & Animation/Windows/Openingwindow.anim using Guid(cc19861857a952d45813ccf780116d9e) Importer(2089858483,0ecaa5967403d082aa24f35e1b516d23) Generated GUIDs only implemented for interfaces!
 -> (artifact id: '518c9b767d531ff3595fed245ea91808') in 0.021458 seconds
Number of updated asset objects reloaded before import = 0
Number of asset objects unloaded after import = 1
========================================================================
Received Import Request.
  Time since last request: 0.000049 seconds.
  path: Assets/Brick Project Studio/_BPS Basic Assets/Common/Scripts and Animations/Windows/opencloseWindow1.cs
  artifactKey: Guid(79023f3c1c542ca478d98525efcaa0bd) Importer(2089858483,0ecaa5967403d082aa24f35e1b516d23)
Start importing Assets/Brick Project Studio/_BPS Basic Assets/Common/Scripts and Animations/Windows/opencloseWindow1.cs using Guid(79023f3c1c542ca478d98525efcaa0bd) Importer(2089858483,0ecaa5967403d082aa24f35e1b516d23) Generated GUIDs only implemented for interfaces!
 -> (artifact id: 'a14c3db0d930d0a2331ed448bf2d8d63') in 0.018035 seconds
Number of updated asset objects reloaded before import = 0
Number of asset objects unloaded after import = 1
========================================================================
Received Import Request.
  Time since last request: 0.000054 seconds.
  path: Assets/Brick Project Studio/_BPS Basic Assets/Common/Textures/Legacy/Brick 02 Texture.png
  artifactKey: Guid(91e6f6bf45b72bd478b59dcf22714424) Importer(2089858483,0ecaa5967403d082aa24f35e1b516d23)
Start importing Assets/Brick Project Studio/_BPS Basic Assets/Common/Textures/Legacy/Brick 02 Texture.png using Guid(91e6f6bf45b72bd478b59dcf22714424) Importer(2089858483,0ecaa5967403d082aa24f35e1b516d23) Generated GUIDs only implemented for interfaces!
 -> (artifact id: '94380b665fcf618242fadbb9fb0ce333') in 0.042063 seconds
Number of updated asset objects reloaded before import = 0
Number of asset objects unloaded after import = 1
========================================================================
Received Import Request.
  Time since last request: 0.000029 seconds.
  path: Assets/Brick Project Studio/_BPS Basic Assets/Common/Textures/Restroom/RR_SoapLabel.png
  artifactKey: Guid(c850f544a8f525843aed911132e9ebb6) Importer(2089858483,0ecaa5967403d082aa24f35e1b516d23)
Start importing Assets/Brick Project Studio/_BPS Basic Assets/Common/Textures/Restroom/RR_SoapLabel.png using Guid(c850f544a8f525843aed911132e9ebb6) Importer(2089858483,0ecaa5967403d082aa24f35e1b516d23) Generated GUIDs only implemented for interfaces!
 -> (artifact id: '0dc9e048aac9bb8e0692feae20168263') in 0.043873 seconds
Number of updated asset objects reloaded before import = 0
Number of asset objects unloaded after import = 1
========================================================================
Received Prepare
Begin MonoManager ReloadAssembly
- Loaded All Assemblies, in  0.408 seconds
Refreshing native plugins compatible for Editor in 0.00 ms, found 0 plugins.
Native extension for WindowsStandalone target not found
Mono: successfully reloaded assembly
- Finished resetting the current domain, in  0.601 seconds
Domain Reload Profiling: 1005ms
	BeginReloadAssembly (254ms)
		ExecutionOrderSort (0ms)
		DisableScriptedObjects (8ms)
		BackupInstance (0ms)
		ReleaseScriptingObjects (0ms)
		CreateAndSetChildDomain (34ms)
	RebuildCommonClasses (71ms)
	RebuildNativeTypeToScriptingClass (15ms)
	initialDomainReloadingComplete (49ms)
	LoadAllAssembliesAndSetupDomain (14ms)
		LoadAssemblies (173ms)
		RebuildTransferFunctionScriptingTraits (0ms)
		AnalyzeDomain (8ms)
			TypeCache.Refresh (6ms)
				TypeCache.ScanAssembly (0ms)
			ScanForSourceGeneratedMonoScriptInfo (0ms)
			ResolveRequiredComponents (1ms)
	FinalizeReload (602ms)
		ReleaseScriptCaches (0ms)
		RebuildScriptCaches (0ms)
		SetupLoadedEditorAssemblies (359ms)
			LogAssemblyErrors (0ms)
			InitializePlatformSupportModulesInManaged (15ms)
			SetLoadedEditorAssemblies (7ms)
			RefreshPlugins (0ms)
			BeforeProcessingInitializeOnLoad (54ms)
			ProcessInitializeOnLoadAttributes (235ms)
			ProcessInitializeOnLoadMethodAttributes (28ms)
			AfterProcessingInitializeOnLoad (21ms)
			EditorAssembliesLoaded (0ms)
		ExecutionOrderSort2 (0ms)
		AwakeInstancesAfterBackupRestoration (41ms)
Refreshing native plugins compatible for Editor in 0.00 ms, found 0 plugins.
Preloading 0 native plugins for Editor in 0.00 ms.
Unloading 19 Unused Serialized files (Serialized files now loaded: 0)
Unloading 2 unused Assets / (22.8 KB). Loaded Objects now: 512.
Memory consumption went from 51.7 MB to 51.6 MB.
Total: 4.685200 ms (FindLiveObjects: 0.176300 ms CreateObjectMapping: 0.009400 ms MarkObjects: 4.374700 ms  DeleteObjects: 0.123000 ms)

Prepare: number of updated asset objects reloaded= 0
AssetImportParameters requested are different than current active one (requested -> active):
  custom:container-muxer-webm: aa71ff27fc2769a1b78a27578f13a17b -> 
  custom:video-encoder-webm-vp8: eb34c28f22e8b96e1ab97ce403110664 -> 
  custom:video-codec-MediaFoundation-h265: 746d11721c4dcdbdad8f713fa42b33f4 -> 
  custom:audio-encoder-webm-vorbis: bf7c407c2cedff20999df2af8eb42d56 -> 
  custom:container-demuxer-ogg: 62fdf1f143b41e24485cea50d1cbac27 -> 
  custom:video-decoder-webm-vp8: 9c59270c3fd7afecdb556c50c9e8de78 -> 
  custom:audio-decoder-ogg-vorbis: bf7c407c2cedff20999df2af8eb42d56 -> 
  custom:AudioImporter_EditorPlatform: d09bf68614088b80899f8185d706f6e7 -> 
  custom:video-decoder-ogg-theora: a1e56fd34408186e4bbccfd4996cb3dc -> 
  custom:container-demuxer-webm: 4f35f7cbe854078d1ac9338744f61a02 -> 
  custom:CustomObjectIndexerAttribute: 756ad292c208cfabdd7b50bc23989ffe -> 
  custom:framework-win-MediaFoundation: 216162199b28c13a410421893ffa2e32 -> 
  custom:SearchIndexIgnoredProperties: e643bd26f0fe6173181afceb89e7c659 -> 
========================================================================
Received Prepare
Begin MonoManager ReloadAssembly
- Loaded All Assemblies, in  0.457 seconds
Refreshing native plugins compatible for Editor in 0.00 ms, found 0 plugins.
Native extension for WindowsStandalone target not found
Mono: successfully reloaded assembly
- Finished resetting the current domain, in  0.639 seconds
Domain Reload Profiling: 1087ms
	BeginReloadAssembly (287ms)
		ExecutionOrderSort (0ms)
		DisableScriptedObjects (8ms)
		BackupInstance (0ms)
		ReleaseScriptingObjects (0ms)
		CreateAndSetChildDomain (26ms)
	RebuildCommonClasses (79ms)
	RebuildNativeTypeToScriptingClass (20ms)
	initialDomainReloadingComplete (46ms)
	LoadAllAssembliesAndSetupDomain (15ms)
		LoadAssemblies (212ms)
		RebuildTransferFunctionScriptingTraits (0ms)
		AnalyzeDomain (9ms)
			TypeCache.Refresh (6ms)
				TypeCache.ScanAssembly (0ms)
			ScanForSourceGeneratedMonoScriptInfo (0ms)
			ResolveRequiredComponents (2ms)
	FinalizeReload (639ms)
		ReleaseScriptCaches (0ms)
		RebuildScriptCaches (0ms)
		SetupLoadedEditorAssemblies (346ms)
			LogAssemblyErrors (0ms)
			InitializePlatformSupportModulesInManaged (15ms)
			SetLoadedEditorAssemblies (15ms)
			RefreshPlugins (0ms)
			BeforeProcessingInitializeOnLoad (33ms)
			ProcessInitializeOnLoadAttributes (224ms)
			ProcessInitializeOnLoadMethodAttributes (36ms)
			AfterProcessingInitializeOnLoad (23ms)
			EditorAssembliesLoaded (0ms)
		ExecutionOrderSort2 (0ms)
		AwakeInstancesAfterBackupRestoration (35ms)
Refreshing native plugins compatible for Editor in 0.00 ms, found 0 plugins.
Preloading 0 native plugins for Editor in 0.00 ms.
Unloading 20 Unused Serialized files (Serialized files now loaded: 0)
Unloading 1 unused Assets / (22.7 KB). Loaded Objects now: 512.
Memory consumption went from 51.9 MB to 51.9 MB.
Total: 5.116700 ms (FindLiveObjects: 0.049300 ms CreateObjectMapping: 0.007500 ms MarkObjects: 5.029700 ms  DeleteObjects: 0.028600 ms)

Prepare: number of updated asset objects reloaded= 0
AssetImportParameters requested are different than current active one (requested -> active):
  custom:container-muxer-webm: aa71ff27fc2769a1b78a27578f13a17b -> 
  custom:video-encoder-webm-vp8: eb34c28f22e8b96e1ab97ce403110664 -> 
  custom:video-codec-MediaFoundation-h265: 746d11721c4dcdbdad8f713fa42b33f4 -> 
  custom:audio-encoder-webm-vorbis: bf7c407c2cedff20999df2af8eb42d56 -> 
  custom:container-demuxer-ogg: 62fdf1f143b41e24485cea50d1cbac27 -> 
  custom:video-decoder-webm-vp8: 9c59270c3fd7afecdb556c50c9e8de78 -> 
  custom:audio-decoder-ogg-vorbis: bf7c407c2cedff20999df2af8eb42d56 -> 
  custom:AudioImporter_EditorPlatform: d09bf68614088b80899f8185d706f6e7 -> 
  custom:video-decoder-ogg-theora: a1e56fd34408186e4bbccfd4996cb3dc -> 
  custom:container-demuxer-webm: 4f35f7cbe854078d1ac9338744f61a02 -> 
  custom:CustomObjectIndexerAttribute: 756ad292c208cfabdd7b50bc23989ffe -> 
  custom:framework-win-MediaFoundation: 216162199b28c13a410421893ffa2e32 -> 
  custom:SearchIndexIgnoredProperties: e643bd26f0fe6173181afceb89e7c659 -> 
========================================================================
Received Prepare
Begin MonoManager ReloadAssembly
- Loaded All Assemblies, in  0.403 seconds
Refreshing native plugins compatible for Editor in 0.00 ms, found 0 plugins.
Native extension for WindowsStandalone target not found
Mono: successfully reloaded assembly
- Finished resetting the current domain, in  0.516 seconds
Domain Reload Profiling: 914ms
	BeginReloadAssembly (242ms)
		ExecutionOrderSort (0ms)
		DisableScriptedObjects (12ms)
		BackupInstance (0ms)
		ReleaseScriptingObjects (0ms)
		CreateAndSetChildDomain (23ms)
	RebuildCommonClasses (69ms)
	RebuildNativeTypeToScriptingClass (34ms)
	initialDomainReloadingComplete (42ms)
	LoadAllAssembliesAndSetupDomain (10ms)
		LoadAssemblies (177ms)
		RebuildTransferFunctionScriptingTraits (0ms)
		AnalyzeDomain (5ms)
			TypeCache.Refresh (3ms)
				TypeCache.ScanAssembly (0ms)
			ScanForSourceGeneratedMonoScriptInfo (0ms)
			ResolveRequiredComponents (1ms)
	FinalizeReload (517ms)
		ReleaseScriptCaches (0ms)
		RebuildScriptCaches (0ms)
		SetupLoadedEditorAssemblies (304ms)
			LogAssemblyErrors (0ms)
			InitializePlatformSupportModulesInManaged (12ms)
			SetLoadedEditorAssemblies (8ms)
			RefreshPlugins (0ms)
			BeforeProcessingInitializeOnLoad (71ms)
			ProcessInitializeOnLoadAttributes (183ms)
			ProcessInitializeOnLoadMethodAttributes (19ms)
			AfterProcessingInitializeOnLoad (12ms)
			EditorAssembliesLoaded (0ms)
		ExecutionOrderSort2 (0ms)
		AwakeInstancesAfterBackupRestoration (32ms)
Refreshing native plugins compatible for Editor in 0.00 ms, found 0 plugins.
Preloading 0 native plugins for Editor in 0.00 ms.
Unloading 20 Unused Serialized files (Serialized files now loaded: 0)
Unloading 1 unused Assets / (22.7 KB). Loaded Objects now: 512.
Memory consumption went from 51.9 MB to 51.9 MB.
Total: 4.201300 ms (FindLiveObjects: 0.049800 ms CreateObjectMapping: 0.007200 ms MarkObjects: 4.117900 ms  DeleteObjects: 0.025100 ms)

Prepare: number of updated asset objects reloaded= 0
AssetImportParameters requested are different than current active one (requested -> active):
  custom:container-muxer-webm: aa71ff27fc2769a1b78a27578f13a17b -> 
  custom:video-encoder-webm-vp8: eb34c28f22e8b96e1ab97ce403110664 -> 
  custom:video-codec-MediaFoundation-h265: 746d11721c4dcdbdad8f713fa42b33f4 -> 
  custom:audio-encoder-webm-vorbis: bf7c407c2cedff20999df2af8eb42d56 -> 
  custom:container-demuxer-ogg: 62fdf1f143b41e24485cea50d1cbac27 -> 
  custom:video-decoder-webm-vp8: 9c59270c3fd7afecdb556c50c9e8de78 -> 
  custom:audio-decoder-ogg-vorbis: bf7c407c2cedff20999df2af8eb42d56 -> 
  custom:AudioImporter_EditorPlatform: d09bf68614088b80899f8185d706f6e7 -> 
  custom:video-decoder-ogg-theora: a1e56fd34408186e4bbccfd4996cb3dc -> 
  custom:container-demuxer-webm: 4f35f7cbe854078d1ac9338744f61a02 -> 
  custom:CustomObjectIndexerAttribute: 756ad292c208cfabdd7b50bc23989ffe -> 
  custom:framework-win-MediaFoundation: 216162199b28c13a410421893ffa2e32 -> 
  custom:SearchIndexIgnoredProperties: e643bd26f0fe6173181afceb89e7c659 -> 
========================================================================
Received Import Request.
  Time since last request: 359.078591 seconds.
  path: Assets/Brick Project Studio/Apartment Kit/Common/Materials/Interior Exterior/Int_Apt_01.mat
  artifactKey: Guid(e5edd18648b6fe340941b7f67c9a2996) Importer(815301076,1909f56bfc062723c751e8b465ee728b)
Start importing Assets/Brick Project Studio/Apartment Kit/Common/Materials/Interior Exterior/Int_Apt_01.mat using Guid(e5edd18648b6fe340941b7f67c9a2996) Importer(815301076,1909f56bfc062723c751e8b465ee728b)  -> (artifact id: '1b5636fe5713ea3e66c505c19ea969dc') in 0.350667 seconds
Number of updated asset objects reloaded before import = 0
Number of asset objects unloaded after import = 4
========================================================================
Received Import Request.
  Time since last request: 0.320427 seconds.
  path: Assets/Brick Project Studio/Apartment Kit/Common/Materials/Misc/Canvas_Nat_01-02.mat
  artifactKey: Guid(da8d66e9aab28f140a44add462e64b02) Importer(815301076,1909f56bfc062723c751e8b465ee728b)
Start importing Assets/Brick Project Studio/Apartment Kit/Common/Materials/Misc/Canvas_Nat_01-02.mat using Guid(da8d66e9aab28f140a44add462e64b02) Importer(815301076,1909f56bfc062723c751e8b465ee728b)  -> (artifact id: '1c570c045db3383255eaf3e4a8a1683f') in 0.024085 seconds
Number of updated asset objects reloaded before import = 0
Number of asset objects unloaded after import = 3
========================================================================
Received Import Request.
  Time since last request: 0.000015 seconds.
  path: Assets/Brick Project Studio/Apartment Kit/Common/Materials/Misc/WallArt_Apt_02.mat
  artifactKey: Guid(9fe643e01fee71e4e8eb0fdd60b24118) Importer(815301076,1909f56bfc062723c751e8b465ee728b)
Start importing Assets/Brick Project Studio/Apartment Kit/Common/Materials/Misc/WallArt_Apt_02.mat using Guid(9fe643e01fee71e4e8eb0fdd60b24118) Importer(815301076,1909f56bfc062723c751e8b465ee728b)  -> (artifact id: '3ec2c6a4c612557808fd78348018dcb4') in 0.228050 seconds
Number of updated asset objects reloaded before import = 0
Number of asset objects unloaded after import = 2
========================================================================
Received Import Request.
  Time since last request: 0.000020 seconds.
  path: Assets/Brick Project Studio/Apartment Kit/Common/Materials/Misc/Canvas_Nat_08.mat
  artifactKey: Guid(100b25bc47f9d454882fe90599a30b8e) Importer(815301076,1909f56bfc062723c751e8b465ee728b)
Start importing Assets/Brick Project Studio/Apartment Kit/Common/Materials/Misc/Canvas_Nat_08.mat using Guid(100b25bc47f9d454882fe90599a30b8e) Importer(815301076,1909f56bfc062723c751e8b465ee728b)  -> (artifact id: 'ab9615a17fc6ead43b0eef8bf16393f1') in 0.023123 seconds
Number of updated asset objects reloaded before import = 0
Number of asset objects unloaded after import = 3
========================================================================
Received Import Request.
  Time since last request: 0.000034 seconds.
  path: Assets/Brick Project Studio/Apartment Kit/Common/Materials/Misc/Canvas_Nat_03-04.mat
  artifactKey: Guid(76a081e3e3664a443af0a878387b200e) Importer(815301076,1909f56bfc062723c751e8b465ee728b)
Start importing Assets/Brick Project Studio/Apartment Kit/Common/Materials/Misc/Canvas_Nat_03-04.mat using Guid(76a081e3e3664a443af0a878387b200e) Importer(815301076,1909f56bfc062723c751e8b465ee728b)  -> (artifact id: 'e325f97a4c3c479e421e89b893e5096d') in 0.021542 seconds
Number of updated asset objects reloaded before import = 0
Number of asset objects unloaded after import = 3
========================================================================
Received Import Request.
  Time since last request: 0.000014 seconds.
  path: Assets/Brick Project Studio/Apartment Kit/Common/Materials/Misc/Int_Apt_MarbleWall_01.mat
  artifactKey: Guid(14caf24636c53854ea2f3f8ca2dd0fc1) Importer(815301076,1909f56bfc062723c751e8b465ee728b)
Start importing Assets/Brick Project Studio/Apartment Kit/Common/Materials/Misc/Int_Apt_MarbleWall_01.mat using Guid(14caf24636c53854ea2f3f8ca2dd0fc1) Importer(815301076,1909f56bfc062723c751e8b465ee728b)  -> (artifact id: 'ff7da519ba325582780b7014ab62e0e4') in 0.020001 seconds
Number of updated asset objects reloaded before import = 0
Number of asset objects unloaded after import = 2
========================================================================
Received Import Request.
  Time since last request: 0.000016 seconds.
  path: Assets/Brick Project Studio/Apartment Kit/Common/Materials/Misc/DisfusedVase.mat
  artifactKey: Guid(076286717a5c2d64c91c17c7f0ce84fd) Importer(815301076,1909f56bfc062723c751e8b465ee728b)
Start importing Assets/Brick Project Studio/Apartment Kit/Common/Materials/Misc/DisfusedVase.mat using Guid(076286717a5c2d64c91c17c7f0ce84fd) Importer(815301076,1909f56bfc062723c751e8b465ee728b)  -> (artifact id: '1836384b46d735a83b7effa7a642b297') in 0.018943 seconds
Number of updated asset objects reloaded before import = 0
Number of asset objects unloaded after import = 2
========================================================================
Received Import Request.
  Time since last request: 0.000021 seconds.
  path: Assets/Brick Project Studio/Apartment Kit/Common/Materials/Misc/DoorMat_01.mat
  artifactKey: Guid(cca629179fca3a14ab08d0f1cc0ecce3) Importer(815301076,1909f56bfc062723c751e8b465ee728b)
Start importing Assets/Brick Project Studio/Apartment Kit/Common/Materials/Misc/DoorMat_01.mat using Guid(cca629179fca3a14ab08d0f1cc0ecce3) Importer(815301076,1909f56bfc062723c751e8b465ee728b)  -> (artifact id: '24ec92747816e6cd1a0fd519214248d9') in 0.018654 seconds
Number of updated asset objects reloaded before import = 0
Number of asset objects unloaded after import = 3
========================================================================
Received Import Request.
  Time since last request: 0.000020 seconds.
  path: Assets/Brick Project Studio/Apartment Kit/Common/Materials/Misc/ControlPanel.mat
  artifactKey: Guid(bf99784c0118e114c80ad5c8ca2a5b8d) Importer(815301076,1909f56bfc062723c751e8b465ee728b)
Start importing Assets/Brick Project Studio/Apartment Kit/Common/Materials/Misc/ControlPanel.mat using Guid(bf99784c0118e114c80ad5c8ca2a5b8d) Importer(815301076,1909f56bfc062723c751e8b465ee728b)  -> (artifact id: '739412f7ca3468aa75af6ac6e1201d2f') in 0.018817 seconds
Number of updated asset objects reloaded before import = 0
Number of asset objects unloaded after import = 2
========================================================================
Received Import Request.
  Time since last request: 0.000028 seconds.
  path: Assets/Brick Project Studio/Apartment Kit/Common/Materials/Misc/WallArt_Apt_04.mat
  artifactKey: Guid(e32acc80d36988b4ca659c27108c4d69) Importer(815301076,1909f56bfc062723c751e8b465ee728b)
Start importing Assets/Brick Project Studio/Apartment Kit/Common/Materials/Misc/WallArt_Apt_04.mat using Guid(e32acc80d36988b4ca659c27108c4d69) Importer(815301076,1909f56bfc062723c751e8b465ee728b)  -> (artifact id: 'b8e2610e88b87b47a97a1706184096e6') in 0.024994 seconds
Number of updated asset objects reloaded before import = 0
Number of asset objects unloaded after import = 2
========================================================================
Received Import Request.
  Time since last request: 0.000020 seconds.
  path: Assets/Brick Project Studio/Apartment Kit/Common/Materials/Misc/Canvas_Painting_02.mat
  artifactKey: Guid(70c663d62a3d11442934efad3b175b35) Importer(815301076,1909f56bfc062723c751e8b465ee728b)
Start importing Assets/Brick Project Studio/Apartment Kit/Common/Materials/Misc/Canvas_Painting_02.mat using Guid(70c663d62a3d11442934efad3b175b35) Importer(815301076,1909f56bfc062723c751e8b465ee728b)  -> (artifact id: 'a29a8e5f2e37edd3585e80eca2878eb5') in 0.023507 seconds
Number of updated asset objects reloaded before import = 0
Number of asset objects unloaded after import = 3
========================================================================
Received Import Request.
  Time since last request: 0.000017 seconds.
  path: Assets/Brick Project Studio/Apartment Kit/Common/Materials/Misc/Controller Screen_02.mat
  artifactKey: Guid(83b00c8a16e3e6748806636bd5f3c6e4) Importer(815301076,1909f56bfc062723c751e8b465ee728b)
Start importing Assets/Brick Project Studio/Apartment Kit/Common/Materials/Misc/Controller Screen_02.mat using Guid(83b00c8a16e3e6748806636bd5f3c6e4) Importer(815301076,1909f56bfc062723c751e8b465ee728b)  -> (artifact id: '66a7c688e1a51fb3a69ace38be813a93') in 0.145471 seconds
Number of updated asset objects reloaded before import = 0
Number of asset objects unloaded after import = 2
========================================================================
Received Import Request.
  Time since last request: 0.000024 seconds.
  path: Assets/Brick Project Studio/Apartment Kit/Common/Materials/Misc/Lamp 02 Standing.mat
  artifactKey: Guid(fe8413b8ec60cb04f81b8c9b23e233f6) Importer(815301076,1909f56bfc062723c751e8b465ee728b)
Start importing Assets/Brick Project Studio/Apartment Kit/Common/Materials/Misc/Lamp 02 Standing.mat using Guid(fe8413b8ec60cb04f81b8c9b23e233f6) Importer(815301076,1909f56bfc062723c751e8b465ee728b)  -> (artifact id: 'd6db7da21b784ceb23b99f119e5571ae') in 0.025792 seconds
Number of updated asset objects reloaded before import = 0
Number of asset objects unloaded after import = 2
========================================================================
Received Import Request.
  Time since last request: 0.000026 seconds.
  path: Assets/Brick Project Studio/Apartment Kit/Common/Materials/Misc/Lamp 02 Table.mat
  artifactKey: Guid(ef49c0bd94883b4498c46a5c772544b3) Importer(815301076,1909f56bfc062723c751e8b465ee728b)
Start importing Assets/Brick Project Studio/Apartment Kit/Common/Materials/Misc/Lamp 02 Table.mat using Guid(ef49c0bd94883b4498c46a5c772544b3) Importer(815301076,1909f56bfc062723c751e8b465ee728b)  -> (artifact id: '5b78a671aea68ac07acc18da126e3a0e') in 0.022364 seconds
Number of updated asset objects reloaded before import = 0
Number of asset objects unloaded after import = 2
========================================================================
Received Import Request.
  Time since last request: 0.000020 seconds.
  path: Assets/Brick Project Studio/Apartment Kit/Common/Materials/Misc/Colors_apt_01.mat
  artifactKey: Guid(ef29f2ebae532ed4291b1e9ad9cc45a5) Importer(815301076,1909f56bfc062723c751e8b465ee728b)
Start importing Assets/Brick Project Studio/Apartment Kit/Common/Materials/Misc/Colors_apt_01.mat using Guid(ef29f2ebae532ed4291b1e9ad9cc45a5) Importer(815301076,1909f56bfc062723c751e8b465ee728b)  -> (artifact id: '088452710ad18dadaea8ea429b2e71bf') in 0.023275 seconds
Number of updated asset objects reloaded before import = 0
Number of asset objects unloaded after import = 2
========================================================================
Received Import Request.
  Time since last request: 0.000038 seconds.
  path: Assets/Brick Project Studio/Apartment Kit/Common/Materials/Misc/Painting.mat
  artifactKey: Guid(450760a940231c348ab7f9bfdc460276) Importer(815301076,1909f56bfc062723c751e8b465ee728b)
Start importing Assets/Brick Project Studio/Apartment Kit/Common/Materials/Misc/Painting.mat using Guid(450760a940231c348ab7f9bfdc460276) Importer(815301076,1909f56bfc062723c751e8b465ee728b)  -> (artifact id: '8ea4a4159dc45fed677edce61177cbed') in 0.018846 seconds
Number of updated asset objects reloaded before import = 0
Number of asset objects unloaded after import = 2
========================================================================
Received Import Request.
  Time since last request: 0.000019 seconds.
  path: Assets/Brick Project Studio/Apartment Kit/Common/Materials/Misc/Toothbrush_01.mat
  artifactKey: Guid(ff18b0d4ff41ef34faf22d93e7d8b8ed) Importer(815301076,1909f56bfc062723c751e8b465ee728b)
Start importing Assets/Brick Project Studio/Apartment Kit/Common/Materials/Misc/Toothbrush_01.mat using Guid(ff18b0d4ff41ef34faf22d93e7d8b8ed) Importer(815301076,1909f56bfc062723c751e8b465ee728b)  -> (artifact id: '629d214171a2ee432c6dee965465b658') in 0.021342 seconds
Number of updated asset objects reloaded before import = 0
Number of asset objects unloaded after import = 2
========================================================================
Received Import Request.
  Time since last request: 0.000021 seconds.
  path: Assets/Brick Project Studio/Apartment Kit/Common/Materials/Misc/Lamp 02 Ceiling.mat
  artifactKey: Guid(c4401e5b03b52de47b786ae0f6002794) Importer(815301076,1909f56bfc062723c751e8b465ee728b)
Start importing Assets/Brick Project Studio/Apartment Kit/Common/Materials/Misc/Lamp 02 Ceiling.mat using Guid(c4401e5b03b52de47b786ae0f6002794) Importer(815301076,1909f56bfc062723c751e8b465ee728b)  -> (artifact id: '8817155ef42db242c99093432af63ceb') in 0.021542 seconds
Number of updated asset objects reloaded before import = 0
Number of asset objects unloaded after import = 2
========================================================================
Received Import Request.
  Time since last request: 0.000016 seconds.
  path: Assets/Brick Project Studio/Apartment Kit/Common/Materials/Misc/Chessboard.mat
  artifactKey: Guid(acb2ae4532d2c0c4a827a97b50b5c353) Importer(815301076,1909f56bfc062723c751e8b465ee728b)
Start importing Assets/Brick Project Studio/Apartment Kit/Common/Materials/Misc/Chessboard.mat using Guid(acb2ae4532d2c0c4a827a97b50b5c353) Importer(815301076,1909f56bfc062723c751e8b465ee728b)  -> (artifact id: '7899a2b5f1ec6eb6dc6e4ae56649cdd5') in 0.027107 seconds
Number of updated asset objects reloaded before import = 0
Number of asset objects unloaded after import = 2
========================================================================
Received Import Request.
  Time since last request: 0.000017 seconds.
  path: Assets/Brick Project Studio/Apartment Kit/Common/Materials/Misc/Lamp 02 Ceiling Shade - On.mat
  artifactKey: Guid(136beb9ca8a36994ca60918c49ee2767) Importer(815301076,1909f56bfc062723c751e8b465ee728b)
Start importing Assets/Brick Project Studio/Apartment Kit/Common/Materials/Misc/Lamp 02 Ceiling Shade - On.mat using Guid(136beb9ca8a36994ca60918c49ee2767) Importer(815301076,1909f56bfc062723c751e8b465ee728b)  -> (artifact id: '44bd5198fe602e693a13e928ccbddd7c') in 0.163870 seconds
Number of updated asset objects reloaded before import = 0
Number of asset objects unloaded after import = 3
========================================================================
Received Import Request.
  Time since last request: 0.000020 seconds.
  path: Assets/Brick Project Studio/Apartment Kit/Common/Materials/Misc/Controller_01_A.mat
  artifactKey: Guid(89d75b733df5ca74d837222e4a8a1b46) Importer(815301076,1909f56bfc062723c751e8b465ee728b)
Start importing Assets/Brick Project Studio/Apartment Kit/Common/Materials/Misc/Controller_01_A.mat using Guid(89d75b733df5ca74d837222e4a8a1b46) Importer(815301076,1909f56bfc062723c751e8b465ee728b)  -> (artifact id: '0dad648b4d9d4358a712a8622ff212e8') in 0.020847 seconds
Number of updated asset objects reloaded before import = 0
Number of asset objects unloaded after import = 2
========================================================================
Received Import Request.
  Time since last request: 0.000032 seconds.
  path: Assets/Brick Project Studio/Apartment Kit/Common/Materials/Misc/Lamp 02 Shade - On.mat
  artifactKey: Guid(71e62a5ab55406f4aada84fe885d47b0) Importer(815301076,1909f56bfc062723c751e8b465ee728b)
Start importing Assets/Brick Project Studio/Apartment Kit/Common/Materials/Misc/Lamp 02 Shade - On.mat using Guid(71e62a5ab55406f4aada84fe885d47b0) Importer(815301076,1909f56bfc062723c751e8b465ee728b)  -> (artifact id: 'da693516ec748e8d74d39d91b4c6adb1') in 0.016694 seconds
Number of updated asset objects reloaded before import = 0
Number of asset objects unloaded after import = 1
========================================================================
Received Import Request.
  Time since last request: 0.000056 seconds.
  path: Assets/Brick Project Studio/Apartment Kit/Common/Materials/Misc/Controller Screen_01.mat
  artifactKey: Guid(a89efc085b210d34fb9c6f0b7b0f669a) Importer(815301076,1909f56bfc062723c751e8b465ee728b)
Start importing Assets/Brick Project Studio/Apartment Kit/Common/Materials/Misc/Controller Screen_01.mat using Guid(a89efc085b210d34fb9c6f0b7b0f669a) Importer(815301076,1909f56bfc062723c751e8b465ee728b)  -> (artifact id: 'defc48adf915c76c2bc65b495a7bd1a6') in 0.019776 seconds
Number of updated asset objects reloaded before import = 0
Number of asset objects unloaded after import = 2
========================================================================
Received Import Request.
  Time since last request: 1.729690 seconds.
  path: Assets/Brick Project Studio/Apartment Kit/Common/Materials/Surface/Adler Light Wood.mat
  artifactKey: Guid(4e3472c094b8146469870886e7ccf1a0) Importer(815301076,1909f56bfc062723c751e8b465ee728b)
Start importing Assets/Brick Project Studio/Apartment Kit/Common/Materials/Surface/Adler Light Wood.mat using Guid(4e3472c094b8146469870886e7ccf1a0) Importer(815301076,1909f56bfc062723c751e8b465ee728b)  -> (artifact id: '74182b4436df560b7cb089dd26c34d39') in 0.020061 seconds
Number of updated asset objects reloaded before import = 0
Number of asset objects unloaded after import = 3
========================================================================
Received Import Request.
  Time since last request: 0.000016 seconds.
  path: Assets/Brick Project Studio/Apartment Kit/Common/Materials/Surface/Antique.mat
  artifactKey: Guid(7a2c0b18d3d81384a9318118e5c1c9ae) Importer(815301076,1909f56bfc062723c751e8b465ee728b)
Start importing Assets/Brick Project Studio/Apartment Kit/Common/Materials/Surface/Antique.mat using Guid(7a2c0b18d3d81384a9318118e5c1c9ae) Importer(815301076,1909f56bfc062723c751e8b465ee728b)  -> (artifact id: '6d8f03aebaf9d840e0ddbf285344e81b') in 0.015528 seconds
Number of updated asset objects reloaded before import = 0
Number of asset objects unloaded after import = 1
========================================================================
Received Import Request.
  Time since last request: 0.000069 seconds.
  path: Assets/Brick Project Studio/Apartment Kit/Common/Materials/Surface/WhiteDull.mat
  artifactKey: Guid(ac3fc719b726a894c8420c2dfeb24547) Importer(815301076,1909f56bfc062723c751e8b465ee728b)
Start importing Assets/Brick Project Studio/Apartment Kit/Common/Materials/Surface/WhiteDull.mat using Guid(ac3fc719b726a894c8420c2dfeb24547) Importer(815301076,1909f56bfc062723c751e8b465ee728b)  -> (artifact id: 'e3f36b566b735bc3b3b5f4ba542496c2') in 0.019875 seconds
Number of updated asset objects reloaded before import = 0
Number of asset objects unloaded after import = 1
========================================================================
Received Import Request.
  Time since last request: 0.000105 seconds.
  path: Assets/Brick Project Studio/Apartment Kit/Common/Materials/Surface/Cabinets_01.mat
  artifactKey: Guid(5bdd1af6958bd9143a8bc920d98238b3) Importer(815301076,1909f56bfc062723c751e8b465ee728b)
Start importing Assets/Brick Project Studio/Apartment Kit/Common/Materials/Surface/Cabinets_01.mat using Guid(5bdd1af6958bd9143a8bc920d98238b3) Importer(815301076,1909f56bfc062723c751e8b465ee728b)  -> (artifact id: '0851a5e5ea214abdb6dfb46e8c89c3c4') in 0.016765 seconds
Number of updated asset objects reloaded before import = 0
Number of asset objects unloaded after import = 1
========================================================================
Received Import Request.
  Time since last request: 0.000060 seconds.
  path: Assets/Brick Project Studio/Apartment Kit/Common/Materials/Surface/Cabinets_02.mat
  artifactKey: Guid(8065c96d5d4286e4987cd02652878015) Importer(815301076,1909f56bfc062723c751e8b465ee728b)
Start importing Assets/Brick Project Studio/Apartment Kit/Common/Materials/Surface/Cabinets_02.mat using Guid(8065c96d5d4286e4987cd02652878015) Importer(815301076,1909f56bfc062723c751e8b465ee728b)  -> (artifact id: '807ee264acf87350d65b5f9c743e227d') in 0.014797 seconds
Number of updated asset objects reloaded before import = 0
Number of asset objects unloaded after import = 1
========================================================================
Received Import Request.
  Time since last request: 0.000055 seconds.
  path: Assets/Brick Project Studio/Apartment Kit/Common/Materials/Surface/Shiny Metal_03.mat
  artifactKey: Guid(ff2bb81a45899464db5313ff275f8a31) Importer(815301076,1909f56bfc062723c751e8b465ee728b)
Start importing Assets/Brick Project Studio/Apartment Kit/Common/Materials/Surface/Shiny Metal_03.mat using Guid(ff2bb81a45899464db5313ff275f8a31) Importer(815301076,1909f56bfc062723c751e8b465ee728b)  -> (artifact id: '451b4a4268ec64f03e35791b02247d0b') in 0.020203 seconds
Number of updated asset objects reloaded before import = 0
Number of asset objects unloaded after import = 1
========================================================================
Received Import Request.
  Time since last request: 0.000039 seconds.
  path: Assets/Brick Project Studio/Apartment Kit/Common/Materials/Surface/Plastic_02.mat
  artifactKey: Guid(a2c29511873a89c4b8ec41360c9dd9cf) Importer(815301076,1909f56bfc062723c751e8b465ee728b)
Start importing Assets/Brick Project Studio/Apartment Kit/Common/Materials/Surface/Plastic_02.mat using Guid(a2c29511873a89c4b8ec41360c9dd9cf) Importer(815301076,1909f56bfc062723c751e8b465ee728b)  -> (artifact id: 'da223116778b91803e8492a9dc48b71b') in 0.021335 seconds
Number of updated asset objects reloaded before import = 0
Number of asset objects unloaded after import = 4
========================================================================
Received Import Request.
  Time since last request: 0.000020 seconds.
  path: Assets/Brick Project Studio/Apartment Kit/Common/Materials/Surface/Brushed Metal_Brass.mat
  artifactKey: Guid(b9c5d6ba92c526a43991da07d41229bc) Importer(815301076,1909f56bfc062723c751e8b465ee728b)
Start importing Assets/Brick Project Studio/Apartment Kit/Common/Materials/Surface/Brushed Metal_Brass.mat using Guid(b9c5d6ba92c526a43991da07d41229bc) Importer(815301076,1909f56bfc062723c751e8b465ee728b)  -> (artifact id: '16a8827fb9561d7b5022649ac1b73291') in 0.017157 seconds
Number of updated asset objects reloaded before import = 0
Number of asset objects unloaded after import = 3
========================================================================
Received Import Request.
  Time since last request: 0.000019 seconds.
  path: Assets/Brick Project Studio/Apartment Kit/Common/Materials/Surface/Shiny Metal_01.mat
  artifactKey: Guid(cf467f7163d9eb14ca56735e8000eccb) Importer(815301076,1909f56bfc062723c751e8b465ee728b)
Start importing Assets/Brick Project Studio/Apartment Kit/Common/Materials/Surface/Shiny Metal_01.mat using Guid(cf467f7163d9eb14ca56735e8000eccb) Importer(815301076,1909f56bfc062723c751e8b465ee728b)  -> (artifact id: '2dd26cd69cd33b1a4f70d8be7e5a5c01') in 0.020129 seconds
Number of updated asset objects reloaded before import = 0
Number of asset objects unloaded after import = 1
========================================================================
Received Import Request.
  Time since last request: 0.000045 seconds.
  path: Assets/Brick Project Studio/Apartment Kit/Common/Materials/Surface/DarkGlass.mat
  artifactKey: Guid(64463c6a7652f604b8996718d7515215) Importer(815301076,1909f56bfc062723c751e8b465ee728b)
Start importing Assets/Brick Project Studio/Apartment Kit/Common/Materials/Surface/DarkGlass.mat using Guid(64463c6a7652f604b8996718d7515215) Importer(815301076,1909f56bfc062723c751e8b465ee728b)  -> (artifact id: '94716f43052e2636e024aeb902d8f2a7') in 0.018650 seconds
Number of updated asset objects reloaded before import = 0
Number of asset objects unloaded after import = 1
========================================================================
Received Import Request.
  Time since last request: 0.000054 seconds.
  path: Assets/Brick Project Studio/Apartment Kit/Common/Materials/Surface/Red_01.mat
  artifactKey: Guid(fc572b7f1f43b3a42810a51f8c8ee969) Importer(815301076,1909f56bfc062723c751e8b465ee728b)
Start importing Assets/Brick Project Studio/Apartment Kit/Common/Materials/Surface/Red_01.mat using Guid(fc572b7f1f43b3a42810a51f8c8ee969) Importer(815301076,1909f56bfc062723c751e8b465ee728b)  -> (artifact id: '81a2735f636058c27ef71d3d8c2167bb') in 0.016860 seconds
Number of updated asset objects reloaded before import = 0
Number of asset objects unloaded after import = 1
========================================================================
Received Import Request.
  Time since last request: 0.000072 seconds.
  path: Assets/Brick Project Studio/Apartment Kit/Common/Materials/Surface/Leather_01.mat
  artifactKey: Guid(cd43f733a36e7fa459b71f33b2d0bb36) Importer(815301076,1909f56bfc062723c751e8b465ee728b)
Start importing Assets/Brick Project Studio/Apartment Kit/Common/Materials/Surface/Leather_01.mat using Guid(cd43f733a36e7fa459b71f33b2d0bb36) Importer(815301076,1909f56bfc062723c751e8b465ee728b)  -> (artifact id: '37776cf1faec06abdace58b9d567f05b') in 0.027377 seconds
Number of updated asset objects reloaded before import = 0
Number of asset objects unloaded after import = 4
========================================================================
Received Import Request.
  Time since last request: 0.000018 seconds.
  path: Assets/Brick Project Studio/Apartment Kit/Common/Materials/Surface/Vase_Apt_01.mat
  artifactKey: Guid(7504f6d8f16670241856bdd867609ccc) Importer(815301076,1909f56bfc062723c751e8b465ee728b)
Start importing Assets/Brick Project Studio/Apartment Kit/Common/Materials/Surface/Vase_Apt_01.mat using Guid(7504f6d8f16670241856bdd867609ccc) Importer(815301076,1909f56bfc062723c751e8b465ee728b)  -> (artifact id: '4c5e2b939ed5b4a778563578dec97834') in 0.137566 seconds
Number of updated asset objects reloaded before import = 0
Number of asset objects unloaded after import = 1
========================================================================
Received Import Request.
  Time since last request: 0.000081 seconds.
  path: Assets/Brick Project Studio/Apartment Kit/Common/Materials/Surface/White Wine.mat
  artifactKey: Guid(aceec14a00995924b88aec0853110efe) Importer(815301076,1909f56bfc062723c751e8b465ee728b)
Start importing Assets/Brick Project Studio/Apartment Kit/Common/Materials/Surface/White Wine.mat using Guid(aceec14a00995924b88aec0853110efe) Importer(815301076,1909f56bfc062723c751e8b465ee728b)  -> (artifact id: '3fe30688309e5d25ec53322e7d89230e') in 0.021937 seconds
Number of updated asset objects reloaded before import = 0
Number of asset objects unloaded after import = 1
========================================================================
Received Import Request.
  Time since last request: 0.000017 seconds.
  path: Assets/Brick Project Studio/Apartment Kit/Common/Materials/Surface/Plastic_03.mat
  artifactKey: Guid(dd228672e1e19fc479efe2c3556f297f) Importer(815301076,1909f56bfc062723c751e8b465ee728b)
Start importing Assets/Brick Project Studio/Apartment Kit/Common/Materials/Surface/Plastic_03.mat using Guid(dd228672e1e19fc479efe2c3556f297f) Importer(815301076,1909f56bfc062723c751e8b465ee728b)  -> (artifact id: '59a64d3282babb1f2543326d2091128c') in 0.022404 seconds
Number of updated asset objects reloaded before import = 0
Number of asset objects unloaded after import = 3
========================================================================
Received Import Request.
  Time since last request: 0.000028 seconds.
  path: Assets/Brick Project Studio/Apartment Kit/Common/Materials/Surface/Burlap_01.mat
  artifactKey: Guid(4c3e122e15d5d984083bffaa2d094ff5) Importer(815301076,1909f56bfc062723c751e8b465ee728b)
Start importing Assets/Brick Project Studio/Apartment Kit/Common/Materials/Surface/Burlap_01.mat using Guid(4c3e122e15d5d984083bffaa2d094ff5) Importer(815301076,1909f56bfc062723c751e8b465ee728b)  -> (artifact id: '626a7704318cea11c988efd40def4f23') in 0.022898 seconds
Number of updated asset objects reloaded before import = 0
Number of asset objects unloaded after import = 3
========================================================================
Received Import Request.
  Time since last request: 0.000019 seconds.
  path: Assets/Brick Project Studio/Apartment Kit/Common/Materials/Surface/Glass Wine Bottle Wrapper 02.mat
  artifactKey: Guid(5d5f7ba22899a774081673e045e96cc5) Importer(815301076,1909f56bfc062723c751e8b465ee728b)
Start importing Assets/Brick Project Studio/Apartment Kit/Common/Materials/Surface/Glass Wine Bottle Wrapper 02.mat using Guid(5d5f7ba22899a774081673e045e96cc5) Importer(815301076,1909f56bfc062723c751e8b465ee728b)  -> (artifact id: 'b9bfa8aeed583b849fd0352ff52ed595') in 0.021238 seconds
Number of updated asset objects reloaded before import = 0
Number of asset objects unloaded after import = 1
========================================================================
Received Import Request.
  Time since last request: 0.000022 seconds.
  path: Assets/Brick Project Studio/Apartment Kit/Common/Materials/Surface/Mesh_Black.mat
  artifactKey: Guid(c8a87a4e32c07864dabf944c9797ff12) Importer(815301076,1909f56bfc062723c751e8b465ee728b)
Start importing Assets/Brick Project Studio/Apartment Kit/Common/Materials/Surface/Mesh_Black.mat using Guid(c8a87a4e32c07864dabf944c9797ff12) Importer(815301076,1909f56bfc062723c751e8b465ee728b)  -> (artifact id: '1d9d0554d7e7c8c30ef5507db2a75194') in 0.022737 seconds
Number of updated asset objects reloaded before import = 0
Number of asset objects unloaded after import = 3
========================================================================
Received Import Request.
  Time since last request: 0.000019 seconds.
  path: Assets/Brick Project Studio/Apartment Kit/Common/Materials/Surface/BR_Tile_01_Mod.mat
  artifactKey: Guid(99811246d7017024d85cfa934a83345b) Importer(815301076,1909f56bfc062723c751e8b465ee728b)
Start importing Assets/Brick Project Studio/Apartment Kit/Common/Materials/Surface/BR_Tile_01_Mod.mat using Guid(99811246d7017024d85cfa934a83345b) Importer(815301076,1909f56bfc062723c751e8b465ee728b)  -> (artifact id: '008c9efddd2cf7fafba0912814850255') in 0.026020 seconds
Number of updated asset objects reloaded before import = 0
Number of asset objects unloaded after import = 3
========================================================================
Received Import Request.
  Time since last request: 0.000024 seconds.
  path: Assets/Brick Project Studio/Apartment Kit/Common/Materials/Surface/Porcelain_01.mat
  artifactKey: Guid(460d4e0c91ed8c5439e09b9b3b47c398) Importer(815301076,1909f56bfc062723c751e8b465ee728b)
Start importing Assets/Brick Project Studio/Apartment Kit/Common/Materials/Surface/Porcelain_01.mat using Guid(460d4e0c91ed8c5439e09b9b3b47c398) Importer(815301076,1909f56bfc062723c751e8b465ee728b)  -> (artifact id: 'b1e158e54feaaf59877bde31ed325eeb') in 0.020025 seconds
Number of updated asset objects reloaded before import = 0
Number of asset objects unloaded after import = 1
========================================================================
Received Import Request.
  Time since last request: 0.000046 seconds.
  path: Assets/Brick Project Studio/Apartment Kit/Common/Materials/Surface/Glass_Dark.mat
  artifactKey: Guid(cc90876a24c95974baf293258366d22d) Importer(815301076,1909f56bfc062723c751e8b465ee728b)
Start importing Assets/Brick Project Studio/Apartment Kit/Common/Materials/Surface/Glass_Dark.mat using Guid(cc90876a24c95974baf293258366d22d) Importer(815301076,1909f56bfc062723c751e8b465ee728b)  -> (artifact id: '37d3cd94a641d5a5f8fdc858c9f69f6a') in 0.198866 seconds
Number of updated asset objects reloaded before import = 0
Number of asset objects unloaded after import = 1
========================================================================
Received Import Request.
  Time since last request: 0.000017 seconds.
  path: Assets/Brick Project Studio/Apartment Kit/Common/Materials/Surface/Ebony Wood.mat
  artifactKey: Guid(5af27c19293d0ff4cb00b35cc2189634) Importer(815301076,1909f56bfc062723c751e8b465ee728b)
Start importing Assets/Brick Project Studio/Apartment Kit/Common/Materials/Surface/Ebony Wood.mat using Guid(5af27c19293d0ff4cb00b35cc2189634) Importer(815301076,1909f56bfc062723c751e8b465ee728b)  -> (artifact id: '1e1526502e253c25d215a8e455170cdb') in 0.027180 seconds
Number of updated asset objects reloaded before import = 0
Number of asset objects unloaded after import = 4
========================================================================
Received Import Request.
  Time since last request: 0.000030 seconds.
  path: Assets/Brick Project Studio/Apartment Kit/Common/Materials/Surface/BathroomMat_01.mat
  artifactKey: Guid(5eb7a5a1792bf624eb105fb759006553) Importer(815301076,1909f56bfc062723c751e8b465ee728b)
Start importing Assets/Brick Project Studio/Apartment Kit/Common/Materials/Surface/BathroomMat_01.mat using Guid(5eb7a5a1792bf624eb105fb759006553) Importer(815301076,1909f56bfc062723c751e8b465ee728b)  -> (artifact id: 'fcf0078388751e656d0fc8387991bea1') in 0.017234 seconds
Number of updated asset objects reloaded before import = 0
Number of asset objects unloaded after import = 2
========================================================================
Received Import Request.
  Time since last request: 0.000017 seconds.
  path: Assets/Brick Project Studio/Apartment Kit/Common/Materials/Surface/Brushed Metal_Antique.mat
  artifactKey: Guid(5f469581b50505747a410deecdf8f11d) Importer(815301076,1909f56bfc062723c751e8b465ee728b)
Start importing Assets/Brick Project Studio/Apartment Kit/Common/Materials/Surface/Brushed Metal_Antique.mat using Guid(5f469581b50505747a410deecdf8f11d) Importer(815301076,1909f56bfc062723c751e8b465ee728b)  -> (artifact id: '01fe16d4651e9feaf71f666f0e3dc46a') in 0.019736 seconds
Number of updated asset objects reloaded before import = 0
Number of asset objects unloaded after import = 3
========================================================================
Received Import Request.
  Time since last request: 0.000019 seconds.
  path: Assets/Brick Project Studio/Apartment Kit/Common/Materials/Surface/Mirror.mat
  artifactKey: Guid(bbc4e18e895e99a468291c41300b3f55) Importer(815301076,1909f56bfc062723c751e8b465ee728b)
Start importing Assets/Brick Project Studio/Apartment Kit/Common/Materials/Surface/Mirror.mat using Guid(bbc4e18e895e99a468291c41300b3f55) Importer(815301076,1909f56bfc062723c751e8b465ee728b)  -> (artifact id: 'af7bf5e3ddc41b65e21b6dab08b04b29') in 0.017424 seconds
Number of updated asset objects reloaded before import = 0
Number of asset objects unloaded after import = 1
========================================================================
Received Import Request.
  Time since last request: 0.000053 seconds.
  path: Assets/Brick Project Studio/Apartment Kit/Common/Materials/Surface/White Wood.mat
  artifactKey: Guid(fb7d7a07b2942ca4cb6a6c38d807c8ea) Importer(815301076,1909f56bfc062723c751e8b465ee728b)
Start importing Assets/Brick Project Studio/Apartment Kit/Common/Materials/Surface/White Wood.mat using Guid(fb7d7a07b2942ca4cb6a6c38d807c8ea) Importer(815301076,1909f56bfc062723c751e8b465ee728b)  -> (artifact id: '5909a773ace89112cfec0018f93298f0') in 0.025948 seconds
Number of updated asset objects reloaded before import = 0
Number of asset objects unloaded after import = 3
========================================================================
Received Import Request.
  Time since last request: 0.000019 seconds.
  path: Assets/Brick Project Studio/Apartment Kit/Common/Materials/Surface/Glass Wine Bottle 05.mat
  artifactKey: Guid(faedf01a9e7977749a7798016f508081) Importer(815301076,1909f56bfc062723c751e8b465ee728b)
Start importing Assets/Brick Project Studio/Apartment Kit/Common/Materials/Surface/Glass Wine Bottle 05.mat using Guid(faedf01a9e7977749a7798016f508081) Importer(815301076,1909f56bfc062723c751e8b465ee728b)  -> (artifact id: 'b7ba146a2d5556671a996ff06caf7931') in 0.133727 seconds
Number of updated asset objects reloaded before import = 0
Number of asset objects unloaded after import = 1
========================================================================
Received Import Request.
  Time since last request: 0.000056 seconds.
  path: Assets/Brick Project Studio/Apartment Kit/Common/Materials/Surface/CounterTop_01.mat
  artifactKey: Guid(656eb32607aaaed4590ee8c05d00282f) Importer(815301076,1909f56bfc062723c751e8b465ee728b)
Start importing Assets/Brick Project Studio/Apartment Kit/Common/Materials/Surface/CounterTop_01.mat using Guid(656eb32607aaaed4590ee8c05d00282f) Importer(815301076,1909f56bfc062723c751e8b465ee728b)  -> (artifact id: 'ed2bc1099749663884d025ca198e564e') in 0.244168 seconds
Number of updated asset objects reloaded before import = 0
Number of asset objects unloaded after import = 4
========================================================================
Received Import Request.
  Time since last request: 1737.346824 seconds.
  path: Assets/Brick Project Studio/_BPS Basic Assets/Common/Materials/Basic Assets/BA_Color_Grey_01.mat
  artifactKey: Guid(70139dc62be58be4a91d1831e1f21e95) Importer(815301076,1909f56bfc062723c751e8b465ee728b)
Start importing Assets/Brick Project Studio/_BPS Basic Assets/Common/Materials/Basic Assets/BA_Color_Grey_01.mat using Guid(70139dc62be58be4a91d1831e1f21e95) Importer(815301076,1909f56bfc062723c751e8b465ee728b)  -> (artifact id: 'eefd97ef090c224f54d6955ac6139c77') in 0.030767 seconds
Number of updated asset objects reloaded before import = 0
Number of asset objects unloaded after import = 1
========================================================================
Received Import Request.
  Time since last request: 0.000035 seconds.
  path: Assets/Brick Project Studio/_BPS Basic Assets/Common/Materials/Basic Assets/BA_Wood 02.mat
  artifactKey: Guid(26f1b36be16f30d409f9ab1a7d20a8a5) Importer(815301076,1909f56bfc062723c751e8b465ee728b)
Start importing Assets/Brick Project Studio/_BPS Basic Assets/Common/Materials/Basic Assets/BA_Wood 02.mat using Guid(26f1b36be16f30d409f9ab1a7d20a8a5) Importer(815301076,1909f56bfc062723c751e8b465ee728b)  -> (artifact id: '30d6ee33387d62982b2dc7117c058508') in 0.022425 seconds
Number of updated asset objects reloaded before import = 0
Number of asset objects unloaded after import = 3
========================================================================
Received Import Request.
  Time since last request: 0.000023 seconds.
  path: Assets/Brick Project Studio/_BPS Basic Assets/Common/Materials/Basic Assets/BA_Texture_Map_SE.mat
  artifactKey: Guid(5f01895f1ecb58445b3aa62be24d6bca) Importer(815301076,1909f56bfc062723c751e8b465ee728b)
Start importing Assets/Brick Project Studio/_BPS Basic Assets/Common/Materials/Basic Assets/BA_Texture_Map_SE.mat using Guid(5f01895f1ecb58445b3aa62be24d6bca) Importer(815301076,1909f56bfc062723c751e8b465ee728b)  -> (artifact id: 'cf6faff4dd2fd325ef899f32bccff93f') in 0.024996 seconds
Number of updated asset objects reloaded before import = 0
Number of asset objects unloaded after import = 2
========================================================================
Received Import Request.
  Time since last request: 0.000028 seconds.
  path: Assets/Brick Project Studio/_BPS Basic Assets/Common/Materials/Basic Assets/BA_Glass_03.mat
  artifactKey: Guid(266fb6016862b8b4ba1eec482c572c21) Importer(815301076,1909f56bfc062723c751e8b465ee728b)
Start importing Assets/Brick Project Studio/_BPS Basic Assets/Common/Materials/Basic Assets/BA_Glass_03.mat using Guid(266fb6016862b8b4ba1eec482c572c21) Importer(815301076,1909f56bfc062723c751e8b465ee728b)  -> (artifact id: '8960583081600e3bc26a687e2d1a293c') in 0.125560 seconds
Number of updated asset objects reloaded before import = 0
Number of asset objects unloaded after import = 1
========================================================================
Received Import Request.
  Time since last request: 0.000019 seconds.
  path: Assets/Brick Project Studio/_BPS Basic Assets/Common/Materials/Basic Assets/BA_Leather_01.mat
  artifactKey: Guid(0656c89128e147645951f2c0649b10f9) Importer(815301076,1909f56bfc062723c751e8b465ee728b)
Start importing Assets/Brick Project Studio/_BPS Basic Assets/Common/Materials/Basic Assets/BA_Leather_01.mat using Guid(0656c89128e147645951f2c0649b10f9) Importer(815301076,1909f56bfc062723c751e8b465ee728b)  -> (artifact id: '36443a83f0f6c1cc05e99597ce0257e4') in 0.026825 seconds
Number of updated asset objects reloaded before import = 0
Number of asset objects unloaded after import = 3
========================================================================
Received Import Request.
  Time since last request: 0.000015 seconds.
  path: Assets/Brick Project Studio/_BPS Basic Assets/Common/Materials/Basic Assets/Int_BS_02.mat
  artifactKey: Guid(1f972757765558b46aa948a406f8542a) Importer(815301076,1909f56bfc062723c751e8b465ee728b)
Start importing Assets/Brick Project Studio/_BPS Basic Assets/Common/Materials/Basic Assets/Int_BS_02.mat using Guid(1f972757765558b46aa948a406f8542a) Importer(815301076,1909f56bfc062723c751e8b465ee728b)  -> (artifact id: '8b1f855c2342574851bfc08a6dae685f') in 0.019349 seconds
Number of updated asset objects reloaded before import = 0
Number of asset objects unloaded after import = 2
========================================================================
Received Import Request.
  Time since last request: 0.000019 seconds.
  path: Assets/Brick Project Studio/_BPS Basic Assets/Common/Materials/Basic Assets/BA_Wood 03.mat
  artifactKey: Guid(a64c40f22fb83f041b7c584055b61c8f) Importer(815301076,1909f56bfc062723c751e8b465ee728b)
Start importing Assets/Brick Project Studio/_BPS Basic Assets/Common/Materials/Basic Assets/BA_Wood 03.mat using Guid(a64c40f22fb83f041b7c584055b61c8f) Importer(815301076,1909f56bfc062723c751e8b465ee728b)  -> (artifact id: '5884d3d9b1da4a2bb22bf1ee6ab08f22') in 0.021915 seconds
Number of updated asset objects reloaded before import = 0
Number of asset objects unloaded after import = 3
========================================================================
Received Import Request.
  Time since last request: 0.000013 seconds.
  path: Assets/Brick Project Studio/_BPS Basic Assets/Common/Materials/Basic Assets/BA_Glass_01.mat
  artifactKey: Guid(88b88f875cf0af442996954ba27bdf64) Importer(815301076,1909f56bfc062723c751e8b465ee728b)
Start importing Assets/Brick Project Studio/_BPS Basic Assets/Common/Materials/Basic Assets/BA_Glass_01.mat using Guid(88b88f875cf0af442996954ba27bdf64) Importer(815301076,1909f56bfc062723c751e8b465ee728b)  -> (artifact id: '453d7c6b4bada9cd6bbe0b9f37f9f2ab') in 0.020214 seconds
Number of updated asset objects reloaded before import = 0
Number of asset objects unloaded after import = 1
========================================================================
Received Import Request.
  Time since last request: 0.000018 seconds.
  path: Assets/Brick Project Studio/_BPS Basic Assets/Common/Materials/Basic Assets/BA_Glass_04.mat
  artifactKey: Guid(65d72af2f614466478d9d8d8d7593b95) Importer(815301076,1909f56bfc062723c751e8b465ee728b)
Start importing Assets/Brick Project Studio/_BPS Basic Assets/Common/Materials/Basic Assets/BA_Glass_04.mat using Guid(65d72af2f614466478d9d8d8d7593b95) Importer(815301076,1909f56bfc062723c751e8b465ee728b)  -> (artifact id: '44f51ffa87a20cdd879677b732f341a3') in 0.017121 seconds
Number of updated asset objects reloaded before import = 0
Number of asset objects unloaded after import = 1
========================================================================
Received Import Request.
  Time since last request: 21.788072 seconds.
  path: Assets/Brick Project Studio/_BPS Basic Assets/Common/Materials/Legacy/Brushed Chrome.mat
  artifactKey: Guid(403f7691aae4323499829c9fc28c7c6e) Importer(815301076,1909f56bfc062723c751e8b465ee728b)
Start importing Assets/Brick Project Studio/_BPS Basic Assets/Common/Materials/Legacy/Brushed Chrome.mat using Guid(403f7691aae4323499829c9fc28c7c6e) Importer(815301076,1909f56bfc062723c751e8b465ee728b)  -> (artifact id: 'd1680afc6f244aa9a2cfc78c6344056f') in 0.018833 seconds
Number of updated asset objects reloaded before import = 0
Number of asset objects unloaded after import = 1
========================================================================
Received Import Request.
  Time since last request: 8.323943 seconds.
  path: Assets/Brick Project Studio/_BPS Basic Assets/Common/Materials/Fire/Fire_Add_02.mat
  artifactKey: Guid(0fdd751cd86106446afa0dc09e0eeb8e) Importer(815301076,1909f56bfc062723c751e8b465ee728b)
Start importing Assets/Brick Project Studio/_BPS Basic Assets/Common/Materials/Fire/Fire_Add_02.mat using Guid(0fdd751cd86106446afa0dc09e0eeb8e) Importer(815301076,1909f56bfc062723c751e8b465ee728b)  -> (artifact id: '768355810cdfa1917a2cdf02d7865a8b') in 0.050932 seconds
Number of updated asset objects reloaded before import = 0
Number of asset objects unloaded after import = 2
========================================================================
Received Import Request.
  Time since last request: 0.000019 seconds.
  path: Assets/Brick Project Studio/_BPS Basic Assets/Common/Materials/Fire/Fire_Alpha_02.mat
  artifactKey: Guid(fafce5ad41639d14d9cfadc181485ec9) Importer(815301076,1909f56bfc062723c751e8b465ee728b)
Start importing Assets/Brick Project Studio/_BPS Basic Assets/Common/Materials/Fire/Fire_Alpha_02.mat using Guid(fafce5ad41639d14d9cfadc181485ec9) Importer(815301076,1909f56bfc062723c751e8b465ee728b)  -> (artifact id: 'c1bd17f163c13f5d969b479beb7ba4b2') in 0.053891 seconds
Number of updated asset objects reloaded before import = 0
Number of asset objects unloaded after import = 2
========================================================================
Received Import Request.
  Time since last request: 5.515469 seconds.
  path: Assets/Brick Project Studio/Apartment Kit/Common/Models/Lamp 02.fbx
  artifactKey: Guid(e501afb3ed5c60243ac1515b7ca1e2be) Importer(815301076,1909f56bfc062723c751e8b465ee728b)
Start importing Assets/Brick Project Studio/Apartment Kit/Common/Models/Lamp 02.fbx using Guid(e501afb3ed5c60243ac1515b7ca1e2be) Importer(815301076,1909f56bfc062723c751e8b465ee728b)  -> (artifact id: '631b1085123e88f258bbab90c97791a4') in 0.165855 seconds
Number of updated asset objects reloaded before import = 0
Number of asset objects unloaded after import = 81
========================================================================
Received Import Request.
  Time since last request: 0.200535 seconds.
  path: Assets/Brick Project Studio/Apartment Kit/Common/Models/Bathroom_Corner_Tiles.fbx
  artifactKey: Guid(d265ac661f1c8d64386d043a4b4b8f9c) Importer(815301076,1909f56bfc062723c751e8b465ee728b)
Start importing Assets/Brick Project Studio/Apartment Kit/Common/Models/Bathroom_Corner_Tiles.fbx using Guid(d265ac661f1c8d64386d043a4b4b8f9c) Importer(815301076,1909f56bfc062723c751e8b465ee728b)  -> (artifact id: '53ccc3c34d91862bcec9210010837d27') in 0.047525 seconds
Number of updated asset objects reloaded before import = 0
Number of asset objects unloaded after import = 15
========================================================================
Received Import Request.
  Time since last request: 0.010085 seconds.
  path: Assets/Brick Project Studio/Apartment Kit/Common/Models/Modern Liquor Cabinet.fbx
  artifactKey: Guid(fe73d14489f153e4485e26243ed30d09) Importer(815301076,1909f56bfc062723c751e8b465ee728b)
Start importing Assets/Brick Project Studio/Apartment Kit/Common/Models/Modern Liquor Cabinet.fbx using Guid(fe73d14489f153e4485e26243ed30d09) Importer(815301076,1909f56bfc062723c751e8b465ee728b)  -> (artifact id: '92b20d117ba5f4b9314cc44066ffd1db') in 0.169770 seconds
Number of updated asset objects reloaded before import = 0
Number of asset objects unloaded after import = 90
========================================================================
Received Import Request.
  Time since last request: 0.204477 seconds.
  path: Assets/Brick Project Studio/Apartment Kit/Common/Models/Vase.fbx
  artifactKey: Guid(2b4a2d31e35c5ce4cacda7ea46d6d187) Importer(815301076,1909f56bfc062723c751e8b465ee728b)
Start importing Assets/Brick Project Studio/Apartment Kit/Common/Models/Vase.fbx using Guid(2b4a2d31e35c5ce4cacda7ea46d6d187) Importer(815301076,1909f56bfc062723c751e8b465ee728b)  -> (artifact id: 'c019c9321ce58c28bd8b367eb822b07b') in 0.043375 seconds
Number of updated asset objects reloaded before import = 0
Number of asset objects unloaded after import = 8
========================================================================
Received Import Request.
  Time since last request: 0.000019 seconds.
  path: Assets/Brick Project Studio/_BPS Basic Assets/Common/Models/Build Kits/Build Kit Interior Updated_01.fbx
  artifactKey: Guid(013043932069e224e90b516d38cdab48) Importer(815301076,1909f56bfc062723c751e8b465ee728b)
Start importing Assets/Brick Project Studio/_BPS Basic Assets/Common/Models/Build Kits/Build Kit Interior Updated_01.fbx using Guid(013043932069e224e90b516d38cdab48) Importer(815301076,1909f56bfc062723c751e8b465ee728b)  -> (artifact id: '7c1dad81e3ce4241854336026ee13437') in 0.105220 seconds
Number of updated asset objects reloaded before import = 0
Number of asset objects unloaded after import = 50
========================================================================
Received Import Request.
  Time since last request: 0.000029 seconds.
  path: Assets/Brick Project Studio/_BPS Basic Assets/Common/Models/Build Kits/Build Kit Interior Updated_03.fbx
  artifactKey: Guid(debe1ddd75be8634d866f9de231a0581) Importer(815301076,1909f56bfc062723c751e8b465ee728b)
Start importing Assets/Brick Project Studio/_BPS Basic Assets/Common/Models/Build Kits/Build Kit Interior Updated_03.fbx using Guid(debe1ddd75be8634d866f9de231a0581) Importer(815301076,1909f56bfc062723c751e8b465ee728b)  -> (artifact id: 'b795ebeac426de38a0fab70dc38852f2') in 0.025225 seconds
Number of updated asset objects reloaded before import = 0
Number of asset objects unloaded after import = 8
========================================================================
Received Import Request.
  Time since last request: 0.000016 seconds.
  path: Assets/Brick Project Studio/_BPS Basic Assets/Common/Models/Legacy/office chair.fbx
  artifactKey: Guid(0156872a951ba6e44a3a8596040789c9) Importer(815301076,1909f56bfc062723c751e8b465ee728b)
Start importing Assets/Brick Project Studio/_BPS Basic Assets/Common/Models/Legacy/office chair.fbx using Guid(0156872a951ba6e44a3a8596040789c9) Importer(815301076,1909f56bfc062723c751e8b465ee728b)  -> (artifact id: '8b19ec3bafa18e7f77883206708af1fa') in 0.123548 seconds
Number of updated asset objects reloaded before import = 0
Number of asset objects unloaded after import = 48
========================================================================
Received Import Request.
  Time since last request: 0.000016 seconds.
  path: Assets/Brick Project Studio/Apartment Kit/Common/Models/wine thin glass.fbx
  artifactKey: Guid(09cb81f6ddeeb3046979371d041373b5) Importer(815301076,1909f56bfc062723c751e8b465ee728b)
Start importing Assets/Brick Project Studio/Apartment Kit/Common/Models/wine thin glass.fbx using Guid(09cb81f6ddeeb3046979371d041373b5) Importer(815301076,1909f56bfc062723c751e8b465ee728b)  -> (artifact id: '714e5ccc423b0f80f2006a3ddd07716f') in 0.033140 seconds
Number of updated asset objects reloaded before import = 0
Number of asset objects unloaded after import = 8
========================================================================
Received Import Request.
  Time since last request: 0.032702 seconds.
  path: Assets/Brick Project Studio/_BPS Basic Assets/Common/Models/Build Kits/Build Kit Interior Updated_02.fbx
  artifactKey: Guid(7308b87287964d64b9769b7e0d6d7314) Importer(815301076,1909f56bfc062723c751e8b465ee728b)
Start importing Assets/Brick Project Studio/_BPS Basic Assets/Common/Models/Build Kits/Build Kit Interior Updated_02.fbx using Guid(7308b87287964d64b9769b7e0d6d7314) Importer(815301076,1909f56bfc062723c751e8b465ee728b)  -> (artifact id: '282f16aa476be05916bc35756817ea7c') in 0.029728 seconds
Number of updated asset objects reloaded before import = 0
Number of asset objects unloaded after import = 8
========================================================================
Received Import Request.
  Time since last request: 0.019579 seconds.
  path: Assets/Brick Project Studio/_BPS Basic Assets/Common/Models/Build Kits/Build Kit Interior - 01.fbx
  artifactKey: Guid(8537129dc3fbbe44186add4eea186b85) Importer(815301076,1909f56bfc062723c751e8b465ee728b)
Start importing Assets/Brick Project Studio/_BPS Basic Assets/Common/Models/Build Kits/Build Kit Interior - 01.fbx using Guid(8537129dc3fbbe44186add4eea186b85) Importer(815301076,1909f56bfc062723c751e8b465ee728b)  -> (artifact id: 'e2383bef5ea22906329434a14067d0a4') in 0.132439 seconds
Number of updated asset objects reloaded before import = 0
Number of asset objects unloaded after import = 75
========================================================================
Received Prepare
Begin MonoManager ReloadAssembly
- Loaded All Assemblies, in  0.493 seconds
Refreshing native plugins compatible for Editor in 0.01 ms, found 0 plugins.
Native extension for WindowsStandalone target not found
Mono: successfully reloaded assembly
- Finished resetting the current domain, in  0.540 seconds
Domain Reload Profiling: 1030ms
	BeginReloadAssembly (340ms)
		ExecutionOrderSort (0ms)
		DisableScriptedObjects (6ms)
		BackupInstance (0ms)
		ReleaseScriptingObjects (0ms)
		CreateAndSetChildDomain (45ms)
	RebuildCommonClasses (78ms)
	RebuildNativeTypeToScriptingClass (17ms)
	initialDomainReloadingComplete (47ms)
	LoadAllAssembliesAndSetupDomain (8ms)
		LoadAssemblies (236ms)
		RebuildTransferFunctionScriptingTraits (0ms)
		AnalyzeDomain (5ms)
			TypeCache.Refresh (3ms)
				TypeCache.ScanAssembly (0ms)
			ScanForSourceGeneratedMonoScriptInfo (0ms)
			ResolveRequiredComponents (1ms)
	FinalizeReload (541ms)
		ReleaseScriptCaches (0ms)
		RebuildScriptCaches (0ms)
		SetupLoadedEditorAssemblies (302ms)
			LogAssemblyErrors (0ms)
			InitializePlatformSupportModulesInManaged (10ms)
			SetLoadedEditorAssemblies (10ms)
			RefreshPlugins (0ms)
			BeforeProcessingInitializeOnLoad (38ms)
			ProcessInitializeOnLoadAttributes (195ms)
			ProcessInitializeOnLoadMethodAttributes (27ms)
			AfterProcessingInitializeOnLoad (21ms)
			EditorAssembliesLoaded (0ms)
		ExecutionOrderSort2 (0ms)
		AwakeInstancesAfterBackupRestoration (35ms)
Refreshing native plugins compatible for Editor in 0.00 ms, found 0 plugins.
Preloading 0 native plugins for Editor in 0.00 ms.
Unloading 19 Unused Serialized files (Serialized files now loaded: 0)
Unloading 1 unused Assets / (22.7 KB). Loaded Objects now: 553.
Memory consumption went from 52.2 MB to 52.1 MB.
Total: 4.802300 ms (FindLiveObjects: 0.052000 ms CreateObjectMapping: 0.008100 ms MarkObjects: 4.692900 ms  DeleteObjects: 0.047500 ms)

Prepare: number of updated asset objects reloaded= 0
AssetImportParameters requested are different than current active one (requested -> active):
  custom:container-muxer-webm: aa71ff27fc2769a1b78a27578f13a17b -> 
  custom:video-encoder-webm-vp8: eb34c28f22e8b96e1ab97ce403110664 -> 
  custom:video-codec-MediaFoundation-h265: 746d11721c4dcdbdad8f713fa42b33f4 -> 
  custom:audio-encoder-webm-vorbis: bf7c407c2cedff20999df2af8eb42d56 -> 
  custom:container-demuxer-ogg: 62fdf1f143b41e24485cea50d1cbac27 -> 
  custom:video-decoder-webm-vp8: 9c59270c3fd7afecdb556c50c9e8de78 -> 
  custom:audio-decoder-ogg-vorbis: bf7c407c2cedff20999df2af8eb42d56 -> 
  custom:AudioImporter_EditorPlatform: d09bf68614088b80899f8185d706f6e7 -> 
  custom:video-decoder-ogg-theora: a1e56fd34408186e4bbccfd4996cb3dc -> 
  custom:container-demuxer-webm: 4f35f7cbe854078d1ac9338744f61a02 -> 
  custom:CustomObjectIndexerAttribute: 756ad292c208cfabdd7b50bc23989ffe -> 
  custom:framework-win-MediaFoundation: 216162199b28c13a410421893ffa2e32 -> 
  custom:SearchIndexIgnoredProperties: e643bd26f0fe6173181afceb89e7c659 -> 
========================================================================
Received Prepare
Begin MonoManager ReloadAssembly
- Loaded All Assemblies, in  0.447 seconds
Refreshing native plugins compatible for Editor in 0.00 ms, found 0 plugins.
Native extension for WindowsStandalone target not found
Mono: successfully reloaded assembly
- Finished resetting the current domain, in  0.617 seconds
Domain Reload Profiling: 1061ms
	BeginReloadAssembly (264ms)
		ExecutionOrderSort (0ms)
		DisableScriptedObjects (7ms)
		BackupInstance (0ms)
		ReleaseScriptingObjects (0ms)
		CreateAndSetChildDomain (27ms)
	RebuildCommonClasses (108ms)
	RebuildNativeTypeToScriptingClass (11ms)
	initialDomainReloadingComplete (49ms)
	LoadAllAssembliesAndSetupDomain (10ms)
		LoadAssemblies (184ms)
		RebuildTransferFunctionScriptingTraits (0ms)
		AnalyzeDomain (5ms)
			TypeCache.Refresh (3ms)
				TypeCache.ScanAssembly (0ms)
			ScanForSourceGeneratedMonoScriptInfo (0ms)
			ResolveRequiredComponents (1ms)
	FinalizeReload (618ms)
		ReleaseScriptCaches (0ms)
		RebuildScriptCaches (0ms)
		SetupLoadedEditorAssemblies (375ms)
			LogAssemblyErrors (0ms)
			InitializePlatformSupportModulesInManaged (9ms)
			SetLoadedEditorAssemblies (7ms)
			RefreshPlugins (0ms)
			BeforeProcessingInitializeOnLoad (83ms)
			ProcessInitializeOnLoadAttributes (216ms)
			ProcessInitializeOnLoadMethodAttributes (36ms)
			AfterProcessingInitializeOnLoad (23ms)
			EditorAssembliesLoaded (0ms)
		ExecutionOrderSort2 (0ms)
		AwakeInstancesAfterBackupRestoration (35ms)
Refreshing native plugins compatible for Editor in 0.00 ms, found 0 plugins.
Preloading 0 native plugins for Editor in 0.00 ms.
Unloading 20 Unused Serialized files (Serialized files now loaded: 0)
Unloading 1 unused Assets / (22.7 KB). Loaded Objects now: 553.
Memory consumption went from 52.4 MB to 52.4 MB.
Total: 4.809700 ms (FindLiveObjects: 0.051900 ms CreateObjectMapping: 0.006700 ms MarkObjects: 4.721200 ms  DeleteObjects: 0.028400 ms)

Prepare: number of updated asset objects reloaded= 0
AssetImportParameters requested are different than current active one (requested -> active):
  custom:container-muxer-webm: aa71ff27fc2769a1b78a27578f13a17b -> 
  custom:video-encoder-webm-vp8: eb34c28f22e8b96e1ab97ce403110664 -> 
  custom:video-codec-MediaFoundation-h265: 746d11721c4dcdbdad8f713fa42b33f4 -> 
  custom:audio-encoder-webm-vorbis: bf7c407c2cedff20999df2af8eb42d56 -> 
  custom:container-demuxer-ogg: 62fdf1f143b41e24485cea50d1cbac27 -> 
  custom:video-decoder-webm-vp8: 9c59270c3fd7afecdb556c50c9e8de78 -> 
  custom:audio-decoder-ogg-vorbis: bf7c407c2cedff20999df2af8eb42d56 -> 
  custom:AudioImporter_EditorPlatform: d09bf68614088b80899f8185d706f6e7 -> 
  custom:video-decoder-ogg-theora: a1e56fd34408186e4bbccfd4996cb3dc -> 
  custom:container-demuxer-webm: 4f35f7cbe854078d1ac9338744f61a02 -> 
  custom:CustomObjectIndexerAttribute: 756ad292c208cfabdd7b50bc23989ffe -> 
  custom:framework-win-MediaFoundation: 216162199b28c13a410421893ffa2e32 -> 
  custom:SearchIndexIgnoredProperties: e643bd26f0fe6173181afceb89e7c659 -> 
========================================================================
Received Prepare
Begin MonoManager ReloadAssembly
- Loaded All Assemblies, in  0.344 seconds
Refreshing native plugins compatible for Editor in 0.00 ms, found 0 plugins.
Native extension for WindowsStandalone target not found
Mono: successfully reloaded assembly
- Finished resetting the current domain, in  0.577 seconds
Domain Reload Profiling: 916ms
	BeginReloadAssembly (196ms)
		ExecutionOrderSort (0ms)
		DisableScriptedObjects (8ms)
		BackupInstance (0ms)
		ReleaseScriptingObjects (0ms)
		CreateAndSetChildDomain (24ms)
	RebuildCommonClasses (64ms)
	RebuildNativeTypeToScriptingClass (20ms)
	initialDomainReloadingComplete (46ms)
	LoadAllAssembliesAndSetupDomain (12ms)
		LoadAssemblies (136ms)
		RebuildTransferFunctionScriptingTraits (0ms)
		AnalyzeDomain (7ms)
			TypeCache.Refresh (5ms)
				TypeCache.ScanAssembly (0ms)
			ScanForSourceGeneratedMonoScriptInfo (0ms)
			ResolveRequiredComponents (1ms)
	FinalizeReload (578ms)
		ReleaseScriptCaches (0ms)
		RebuildScriptCaches (0ms)
		SetupLoadedEditorAssemblies (389ms)
			LogAssemblyErrors (0ms)
			InitializePlatformSupportModulesInManaged (11ms)
			SetLoadedEditorAssemblies (6ms)
			RefreshPlugins (0ms)
			BeforeProcessingInitializeOnLoad (45ms)
			ProcessInitializeOnLoadAttributes (165ms)
			ProcessInitializeOnLoadMethodAttributes (36ms)
			AfterProcessingInitializeOnLoad (125ms)
			EditorAssembliesLoaded (0ms)
		ExecutionOrderSort2 (0ms)
		AwakeInstancesAfterBackupRestoration (27ms)
Refreshing native plugins compatible for Editor in 0.00 ms, found 0 plugins.
Preloading 0 native plugins for Editor in 0.00 ms.
Unloading 20 Unused Serialized files (Serialized files now loaded: 0)
Unloading 1 unused Assets / (22.7 KB). Loaded Objects now: 553.
Memory consumption went from 52.4 MB to 52.4 MB.
Total: 2.873200 ms (FindLiveObjects: 0.051300 ms CreateObjectMapping: 0.007100 ms MarkObjects: 2.792000 ms  DeleteObjects: 0.021800 ms)

Prepare: number of updated asset objects reloaded= 0
AssetImportParameters requested are different than current active one (requested -> active):
  custom:container-muxer-webm: aa71ff27fc2769a1b78a27578f13a17b -> 
  custom:video-encoder-webm-vp8: eb34c28f22e8b96e1ab97ce403110664 -> 
  custom:video-codec-MediaFoundation-h265: 746d11721c4dcdbdad8f713fa42b33f4 -> 
  custom:audio-encoder-webm-vorbis: bf7c407c2cedff20999df2af8eb42d56 -> 
  custom:container-demuxer-ogg: 62fdf1f143b41e24485cea50d1cbac27 -> 
  custom:video-decoder-webm-vp8: 9c59270c3fd7afecdb556c50c9e8de78 -> 
  custom:audio-decoder-ogg-vorbis: bf7c407c2cedff20999df2af8eb42d56 -> 
  custom:AudioImporter_EditorPlatform: d09bf68614088b80899f8185d706f6e7 -> 
  custom:video-decoder-ogg-theora: a1e56fd34408186e4bbccfd4996cb3dc -> 
  custom:container-demuxer-webm: 4f35f7cbe854078d1ac9338744f61a02 -> 
  custom:CustomObjectIndexerAttribute: 756ad292c208cfabdd7b50bc23989ffe -> 
  custom:framework-win-MediaFoundation: 216162199b28c13a410421893ffa2e32 -> 
  custom:SearchIndexIgnoredProperties: e643bd26f0fe6173181afceb89e7c659 -> 
========================================================================
Received Prepare
Begin MonoManager ReloadAssembly
- Loaded All Assemblies, in  0.444 seconds
Refreshing native plugins compatible for Editor in 0.00 ms, found 0 plugins.
Native extension for WindowsStandalone target not found
Mono: successfully reloaded assembly
- Finished resetting the current domain, in  0.639 seconds
Domain Reload Profiling: 1075ms
	BeginReloadAssembly (274ms)
		ExecutionOrderSort (0ms)
		DisableScriptedObjects (9ms)
		BackupInstance (0ms)
		ReleaseScriptingObjects (0ms)
		CreateAndSetChildDomain (27ms)
	RebuildCommonClasses (72ms)
	RebuildNativeTypeToScriptingClass (22ms)
	initialDomainReloadingComplete (54ms)
	LoadAllAssembliesAndSetupDomain (12ms)
		LoadAssemblies (195ms)
		RebuildTransferFunctionScriptingTraits (0ms)
		AnalyzeDomain (7ms)
			TypeCache.Refresh (5ms)
				TypeCache.ScanAssembly (0ms)
			ScanForSourceGeneratedMonoScriptInfo (0ms)
			ResolveRequiredComponents (1ms)
	FinalizeReload (641ms)
		ReleaseScriptCaches (0ms)
		RebuildScriptCaches (0ms)
		SetupLoadedEditorAssemblies (388ms)
			LogAssemblyErrors (0ms)
			InitializePlatformSupportModulesInManaged (14ms)
			SetLoadedEditorAssemblies (10ms)
			RefreshPlugins (0ms)
			BeforeProcessingInitializeOnLoad (59ms)
			ProcessInitializeOnLoadAttributes (238ms)
			ProcessInitializeOnLoadMethodAttributes (35ms)
			AfterProcessingInitializeOnLoad (31ms)
			EditorAssembliesLoaded (0ms)
		ExecutionOrderSort2 (0ms)
		AwakeInstancesAfterBackupRestoration (43ms)
Refreshing native plugins compatible for Editor in 0.00 ms, found 0 plugins.
Preloading 0 native plugins for Editor in 0.00 ms.
Unloading 20 Unused Serialized files (Serialized files now loaded: 0)
Unloading 1 unused Assets / (22.8 KB). Loaded Objects now: 553.
Memory consumption went from 52.4 MB to 52.4 MB.
Total: 2.945100 ms (FindLiveObjects: 0.051800 ms CreateObjectMapping: 0.007100 ms MarkObjects: 2.858100 ms  DeleteObjects: 0.026900 ms)

Prepare: number of updated asset objects reloaded= 0
AssetImportParameters requested are different than current active one (requested -> active):
  custom:container-muxer-webm: aa71ff27fc2769a1b78a27578f13a17b -> 
  custom:video-encoder-webm-vp8: eb34c28f22e8b96e1ab97ce403110664 -> 
  custom:video-codec-MediaFoundation-h265: 746d11721c4dcdbdad8f713fa42b33f4 -> 
  custom:audio-encoder-webm-vorbis: bf7c407c2cedff20999df2af8eb42d56 -> 
  custom:container-demuxer-ogg: 62fdf1f143b41e24485cea50d1cbac27 -> 
  custom:video-decoder-webm-vp8: 9c59270c3fd7afecdb556c50c9e8de78 -> 
  custom:audio-decoder-ogg-vorbis: bf7c407c2cedff20999df2af8eb42d56 -> 
  custom:AudioImporter_EditorPlatform: d09bf68614088b80899f8185d706f6e7 -> 
  custom:video-decoder-ogg-theora: a1e56fd34408186e4bbccfd4996cb3dc -> 
  custom:container-demuxer-webm: 4f35f7cbe854078d1ac9338744f61a02 -> 
  custom:CustomObjectIndexerAttribute: 756ad292c208cfabdd7b50bc23989ffe -> 
  custom:framework-win-MediaFoundation: 216162199b28c13a410421893ffa2e32 -> 
  custom:SearchIndexIgnoredProperties: e643bd26f0fe6173181afceb89e7c659 -> 
========================================================================
Received Prepare
Begin MonoManager ReloadAssembly
- Loaded All Assemblies, in  0.416 seconds
Refreshing native plugins compatible for Editor in 0.00 ms, found 0 plugins.
Native extension for WindowsStandalone target not found
Mono: successfully reloaded assembly
- Finished resetting the current domain, in  0.488 seconds
Domain Reload Profiling: 900ms
	BeginReloadAssembly (247ms)
		ExecutionOrderSort (0ms)
		DisableScriptedObjects (9ms)
		BackupInstance (0ms)
		ReleaseScriptingObjects (0ms)
		CreateAndSetChildDomain (21ms)
	RebuildCommonClasses (89ms)
	RebuildNativeTypeToScriptingClass (23ms)
	initialDomainReloadingComplete (42ms)
	LoadAllAssembliesAndSetupDomain (10ms)
		LoadAssemblies (181ms)
		RebuildTransferFunctionScriptingTraits (0ms)
		AnalyzeDomain (6ms)
			TypeCache.Refresh (4ms)
				TypeCache.ScanAssembly (0ms)
			ScanForSourceGeneratedMonoScriptInfo (0ms)
			ResolveRequiredComponents (1ms)
	FinalizeReload (489ms)
		ReleaseScriptCaches (0ms)
		RebuildScriptCaches (0ms)
		SetupLoadedEditorAssemblies (283ms)
			LogAssemblyErrors (0ms)
			InitializePlatformSupportModulesInManaged (11ms)
			SetLoadedEditorAssemblies (10ms)
			RefreshPlugins (0ms)
			BeforeProcessingInitializeOnLoad (47ms)
			ProcessInitializeOnLoadAttributes (174ms)
			ProcessInitializeOnLoadMethodAttributes (24ms)
			AfterProcessingInitializeOnLoad (16ms)
			EditorAssembliesLoaded (0ms)
		ExecutionOrderSort2 (0ms)
		AwakeInstancesAfterBackupRestoration (33ms)
Refreshing native plugins compatible for Editor in 0.00 ms, found 0 plugins.
Preloading 0 native plugins for Editor in 0.00 ms.
Unloading 20 Unused Serialized files (Serialized files now loaded: 0)
Unloading 1 unused Assets / (22.7 KB). Loaded Objects now: 553.
Memory consumption went from 52.4 MB to 52.4 MB.
Total: 2.944300 ms (FindLiveObjects: 0.052600 ms CreateObjectMapping: 0.007200 ms MarkObjects: 2.858300 ms  DeleteObjects: 0.024900 ms)

Prepare: number of updated asset objects reloaded= 0
AssetImportParameters requested are different than current active one (requested -> active):
  custom:container-muxer-webm: aa71ff27fc2769a1b78a27578f13a17b -> 
  custom:video-encoder-webm-vp8: eb34c28f22e8b96e1ab97ce403110664 -> 
  custom:video-codec-MediaFoundation-h265: 746d11721c4dcdbdad8f713fa42b33f4 -> 
  custom:audio-encoder-webm-vorbis: bf7c407c2cedff20999df2af8eb42d56 -> 
  custom:container-demuxer-ogg: 62fdf1f143b41e24485cea50d1cbac27 -> 
  custom:video-decoder-webm-vp8: 9c59270c3fd7afecdb556c50c9e8de78 -> 
  custom:audio-decoder-ogg-vorbis: bf7c407c2cedff20999df2af8eb42d56 -> 
  custom:AudioImporter_EditorPlatform: d09bf68614088b80899f8185d706f6e7 -> 
  custom:video-decoder-ogg-theora: a1e56fd34408186e4bbccfd4996cb3dc -> 
  custom:container-demuxer-webm: 4f35f7cbe854078d1ac9338744f61a02 -> 
  custom:CustomObjectIndexerAttribute: 756ad292c208cfabdd7b50bc23989ffe -> 
  custom:framework-win-MediaFoundation: 216162199b28c13a410421893ffa2e32 -> 
  custom:SearchIndexIgnoredProperties: e643bd26f0fe6173181afceb89e7c659 -> 
========================================================================
Received Prepare
Begin MonoManager ReloadAssembly
- Loaded All Assemblies, in  0.389 seconds
Refreshing native plugins compatible for Editor in 0.00 ms, found 0 plugins.
Native extension for WindowsStandalone target not found
Mono: successfully reloaded assembly
- Finished resetting the current domain, in  0.494 seconds
Domain Reload Profiling: 877ms
	BeginReloadAssembly (222ms)
		ExecutionOrderSort (0ms)
		DisableScriptedObjects (6ms)
		BackupInstance (0ms)
		ReleaseScriptingObjects (0ms)
		CreateAndSetChildDomain (21ms)
	RebuildCommonClasses (68ms)
	RebuildNativeTypeToScriptingClass (29ms)
	initialDomainReloadingComplete (52ms)
	LoadAllAssembliesAndSetupDomain (11ms)
		LoadAssemblies (166ms)
		RebuildTransferFunctionScriptingTraits (0ms)
		AnalyzeDomain (7ms)
			TypeCache.Refresh (4ms)
				TypeCache.ScanAssembly (0ms)
			ScanForSourceGeneratedMonoScriptInfo (0ms)
			ResolveRequiredComponents (1ms)
	FinalizeReload (495ms)
		ReleaseScriptCaches (0ms)
		RebuildScriptCaches (0ms)
		SetupLoadedEditorAssemblies (331ms)
			LogAssemblyErrors (0ms)
			InitializePlatformSupportModulesInManaged (7ms)
			SetLoadedEditorAssemblies (5ms)
			RefreshPlugins (0ms)
			BeforeProcessingInitializeOnLoad (56ms)
			ProcessInitializeOnLoadAttributes (213ms)
			ProcessInitializeOnLoadMethodAttributes (30ms)
			AfterProcessingInitializeOnLoad (21ms)
			EditorAssembliesLoaded (0ms)
		ExecutionOrderSort2 (0ms)
		AwakeInstancesAfterBackupRestoration (26ms)
Refreshing native plugins compatible for Editor in 0.00 ms, found 0 plugins.
Preloading 0 native plugins for Editor in 0.00 ms.
Unloading 20 Unused Serialized files (Serialized files now loaded: 0)
Unloading 1 unused Assets / (22.7 KB). Loaded Objects now: 553.
Memory consumption went from 52.4 MB to 52.4 MB.
Total: 3.273400 ms (FindLiveObjects: 0.056400 ms CreateObjectMapping: 0.009700 ms MarkObjects: 3.174900 ms  DeleteObjects: 0.031100 ms)

Prepare: number of updated asset objects reloaded= 0
AssetImportParameters requested are different than current active one (requested -> active):
  custom:container-muxer-webm: aa71ff27fc2769a1b78a27578f13a17b -> 
  custom:video-encoder-webm-vp8: eb34c28f22e8b96e1ab97ce403110664 -> 
  custom:video-codec-MediaFoundation-h265: 746d11721c4dcdbdad8f713fa42b33f4 -> 
  custom:audio-encoder-webm-vorbis: bf7c407c2cedff20999df2af8eb42d56 -> 
  custom:container-demuxer-ogg: 62fdf1f143b41e24485cea50d1cbac27 -> 
  custom:video-decoder-webm-vp8: 9c59270c3fd7afecdb556c50c9e8de78 -> 
  custom:audio-decoder-ogg-vorbis: bf7c407c2cedff20999df2af8eb42d56 -> 
  custom:AudioImporter_EditorPlatform: d09bf68614088b80899f8185d706f6e7 -> 
  custom:video-decoder-ogg-theora: a1e56fd34408186e4bbccfd4996cb3dc -> 
  custom:container-demuxer-webm: 4f35f7cbe854078d1ac9338744f61a02 -> 
  custom:CustomObjectIndexerAttribute: 756ad292c208cfabdd7b50bc23989ffe -> 
  custom:framework-win-MediaFoundation: 216162199b28c13a410421893ffa2e32 -> 
  custom:SearchIndexIgnoredProperties: e643bd26f0fe6173181afceb89e7c659 -> 
========================================================================
Received Prepare
Begin MonoManager ReloadAssembly
- Loaded All Assemblies, in  0.464 seconds
Refreshing native plugins compatible for Editor in 0.00 ms, found 0 plugins.
Native extension for WindowsStandalone target not found
Mono: successfully reloaded assembly
- Finished resetting the current domain, in  0.568 seconds
Domain Reload Profiling: 1028ms
	BeginReloadAssembly (335ms)
		ExecutionOrderSort (0ms)
		DisableScriptedObjects (9ms)
		BackupInstance (0ms)
		ReleaseScriptingObjects (0ms)
		CreateAndSetChildDomain (39ms)
	RebuildCommonClasses (60ms)
	RebuildNativeTypeToScriptingClass (16ms)
	initialDomainReloadingComplete (41ms)
	LoadAllAssembliesAndSetupDomain (8ms)
		LoadAssemblies (250ms)
		RebuildTransferFunctionScriptingTraits (0ms)
		AnalyzeDomain (4ms)
			TypeCache.Refresh (3ms)
				TypeCache.ScanAssembly (0ms)
			ScanForSourceGeneratedMonoScriptInfo (0ms)
			ResolveRequiredComponents (1ms)
	FinalizeReload (569ms)
		ReleaseScriptCaches (0ms)
		RebuildScriptCaches (0ms)
		SetupLoadedEditorAssemblies (342ms)
			LogAssemblyErrors (0ms)
			InitializePlatformSupportModulesInManaged (10ms)
			SetLoadedEditorAssemblies (7ms)
			RefreshPlugins (0ms)
			BeforeProcessingInitializeOnLoad (54ms)
			ProcessInitializeOnLoadAttributes (211ms)
			ProcessInitializeOnLoadMethodAttributes (34ms)
			AfterProcessingInitializeOnLoad (25ms)
			EditorAssembliesLoaded (0ms)
		ExecutionOrderSort2 (0ms)
		AwakeInstancesAfterBackupRestoration (42ms)
Refreshing native plugins compatible for Editor in 0.00 ms, found 0 plugins.
Preloading 0 native plugins for Editor in 0.00 ms.
Unloading 20 Unused Serialized files (Serialized files now loaded: 0)
Unloading 1 unused Assets / (22.8 KB). Loaded Objects now: 553.
Memory consumption went from 52.4 MB to 52.4 MB.
Total: 4.149600 ms (FindLiveObjects: 0.059000 ms CreateObjectMapping: 0.007100 ms MarkObjects: 4.053000 ms  DeleteObjects: 0.029000 ms)

Prepare: number of updated asset objects reloaded= 0
AssetImportParameters requested are different than current active one (requested -> active):
  custom:container-muxer-webm: aa71ff27fc2769a1b78a27578f13a17b -> 
  custom:video-encoder-webm-vp8: eb34c28f22e8b96e1ab97ce403110664 -> 
  custom:video-codec-MediaFoundation-h265: 746d11721c4dcdbdad8f713fa42b33f4 -> 
  custom:audio-encoder-webm-vorbis: bf7c407c2cedff20999df2af8eb42d56 -> 
  custom:container-demuxer-ogg: 62fdf1f143b41e24485cea50d1cbac27 -> 
  custom:video-decoder-webm-vp8: 9c59270c3fd7afecdb556c50c9e8de78 -> 
  custom:audio-decoder-ogg-vorbis: bf7c407c2cedff20999df2af8eb42d56 -> 
  custom:AudioImporter_EditorPlatform: d09bf68614088b80899f8185d706f6e7 -> 
  custom:video-decoder-ogg-theora: a1e56fd34408186e4bbccfd4996cb3dc -> 
  custom:container-demuxer-webm: 4f35f7cbe854078d1ac9338744f61a02 -> 
  custom:CustomObjectIndexerAttribute: 756ad292c208cfabdd7b50bc23989ffe -> 
  custom:framework-win-MediaFoundation: 216162199b28c13a410421893ffa2e32 -> 
  custom:SearchIndexIgnoredProperties: e643bd26f0fe6173181afceb89e7c659 -> 
